segment_type,segment,orders,observed,expected,raw_late_rate,smr,ci_lower,ci_upper,excess_late_orders,p_excess,q_excess,seller_tail,positive_excess,seller_share,cumulative_positive_excess_share
seller,06a2c3af7b3aee5d69171b0e14f0ee87,369,90.0,41.844030527994214,0.24390243902439024,2.1508444302417,1.7295329158764727,2.6437529653338876,48.155969472005786,7.356447582525242e-11,1.486002411670099e-08,True,48.155969472005786,0.00033921302578018993,0.025490702270275736
seller,4a3ca9315b744ce9f8e9374361493884,1710,192.0,156.97726876030126,0.11228070175438597,1.2231070238148762,1.0562111227149082,1.408886304683252,35.02273123969874,0.003730364211909828,0.054368025242227065,False,35.02273123969874,0.0006784260515603799,0.04402950492571858
seller,1f50f920176fa81dab994f9023523100,1373,148.0,113.67373606949586,0.10779315367807721,1.3019718108809089,1.1006660028987905,1.52943891454394,34.32626393050414,0.0011554122431914927,0.023339327312468152,True,34.32626393050414,0.0010176390773405698,0.06219964215890303
seller,88460e8ebdecbfecb5f9601833981930,230,48.0,17.09318743936229,0.20869565217391303,2.808136292325756,2.070498024375705,3.7231813205051694,30.90681256063771,6.951339435388528e-10,7.020852829742413e-08,True,30.90681256063771,0.0013568521031207597,0.0785597396866752
seller,4869f7a5dfa277a7dca6462dcf3b52b2,1102,130.0,101.57658929095416,0.11796733212341198,1.279822456212133,1.069288302125504,1.519685240110969,28.42341070904584,0.003768080957382074,0.054368025242227065,False,28.42341070904584,0.0016960651289009499,0.09360528248923974
seller,8160255418d5aaa7dbdc9f4c64ebda44,367,62.0,39.51637455221493,0.16893732970027248,1.568969843579055,1.20292018245151,2.0113485302333047,22.483625447785073,0.0005661582891474246,0.012707108267531086,True,22.483625447785073,0.0020352781546811396,0.10550668139221593
seller,e5a3438891c0bfdb9394643f95273d8e,213,40.0,18.0164951156247,0.18779342723004694,2.220187652664487,1.5861346093339812,3.023265436169461,21.9835048843753,5.448817511998222e-06,0.0003668870458078803,True,21.9835048843753,0.0023744911804613297,0.11714334833109923
seller,1025f0e2d44d7041d6cf58b6550e0bfa,885,91.0,73.12123569268711,0.10282485875706214,1.2445085088886285,1.0020006199670748,1.5279806728939298,17.878764307312892,0.02398054717070823,0.17300251887439508,False,17.878764307312892,0.0027137042062415195,0.12660722711736433
seller,a49928bcdf77c55c6d6e05e09a9b4ca5,96,25.0,7.375385381537103,0.2604166666666667,3.3896533817178995,2.1936049454893065,5.003797061224076,17.624614618462896,2.7759162910125857e-07,,False,17.624614618462896,0.0030529172320217096,0.13593657524997238
seller,7d13fca15225358621be4086e1eb0964,547,68.0,50.57067911428236,0.12431444241316271,1.3446526958107465,1.0441754328292017,1.7046676980788826,17.429320885717637,0.011132534843053151,0.0936988349290307,False,17.429320885717637,0.0033921302578018998,0.14516254732243164
seller,1ca7077d890b907f89be8c954a02686a,108,24.0,8.563728238803613,0.2222222222222222,2.8025177038257927,1.7956259733943554,4.169924196326676,15.436271761196387,1.122079907193183e-05,0.0005666503531325574,True,15.436271761196387,0.0037313432835820895,0.15333352616351723
seller,2eb70248d66e0e3ef83659f71b244378,186,26.0,11.159627487392253,0.13978494623655913,2.329826871853372,1.5219202643443366,3.4137361776783783,14.840372512607747,0.00010268058955435131,0.003456913181663161,True,14.840372512607747,0.004070556309362279,0.16118907390653958
seller,1835b56ce799e6a4dc4eddc053f04066,385,49.0,34.2417965447082,0.12727272727272726,1.4309996829758211,1.0586614432305936,1.8918574703969389,14.758203455291799,0.010215162138738595,0.08971577182718245,False,14.758203455291799,0.004409769335142469,0.16900112658552655
seller,855668e0971d4dfd7bef1b6a4133b41b,295,42.0,27.41466291425321,0.1423728813559322,1.532026862098082,1.1041502070317273,2.0708552556732087,14.58533708574679,0.005733362860899102,0.06500134019821444,False,14.58533708574679,0.0047489823609226595,0.1767216748216183
seller,7aa4334be125fcdd2ba64b3180029f14,213,29.0,14.583501794806159,0.13615023474178403,1.9885484575678665,1.3317621111045426,2.8558872913102133,14.416498205193841,0.0005627737076085617,0.012707108267531086,True,14.416498205193841,0.00508819538670285,0.18435285051089995
seller,16090f2ca825584b5a147ab24aa30c86,391,43.0,28.853756124853465,0.10997442455242967,1.49027391144273,1.078518619111855,2.007389178717465,14.146243875146535,0.00818060685695293,0.08256994661025353,False,14.146243875146535,0.005427408412483039,0.19184097077548512
seller,beadbee30901a7f61d031b6b686095ad,63,16.0,2.302076703886466,0.25396825396825395,6.9502462593831495,3.972666261815643,11.286764491250576,13.697923296113533,3.436680305452125e-09,,False,13.697923296113533,0.005766621438263229,0.19909177868758177
seller,cd68562d3f44870c08922d380acae552,122,22.0,8.575984083966862,0.18032786885245902,2.565303268359588,1.607661900633127,3.8838999770762563,13.424015916033138,8.993183391778115e-05,0.003456913181663161,True,13.424015916033138,0.006105834464043419,0.20619759748302652
seller,54965bbe3e4f07ae045b90b0b8541f52,71,22.0,9.2344133752799,0.30985915492957744,2.382392806769187,1.493032888167811,3.606971340084247,12.7655866247201,0.0002474981248936733,,False,12.7655866247201,0.006445047489823609,0.2129548857595157
seller,897060da8b9a21f655304d50fd935913,297,36.0,23.34796898823198,0.12121212121212122,1.5418900041431867,1.0799208029625085,2.1346256933250385,12.65203101176802,0.00899276646250286,0.08256994661025353,False,12.65203101176802,0.0067842605156037995,0.2196520649290215
seller,ea8482cd71df3c1969d7b9473ff13abc,1098,118.0,105.60343584319686,0.10746812386156648,1.1173878866518123,0.9248914882401443,1.3381337794130692,12.396564156803137,0.12448944487680032,0.5715197242071287,False,12.396564156803137,0.007123473541383989,0.22621401622104434
seller,dd7ddc04e1b6c2c614352b383efe2d36,116,19.0,7.406658255298256,0.16379310344827586,2.565259438885087,1.5444537563460308,4.00597037812038,11.593341744701744,0.0002604013590131953,0.007514439217237922,True,11.593341744701744,0.007462686567164179,0.23235079274058976
seller,8f2ce03f928b567e3d56181ae20ae952,150,23.0,11.509981861566432,0.15333333333333332,1.998265529574853,1.2667289325389461,2.9983794336002783,11.490018138433568,0.0018400869571200222,0.03379068775802223,True,11.490018138433568,0.007801899592944369,0.23843287632561946
seller,cac4c8e7b1ca6252d8f20b2fc1a2e4af,70,17.0,5.53429397069094,0.24285714285714285,3.0717558716667885,1.789410992992647,4.918178716210922,11.465706029309061,6.807055505846694e-05,,False,11.465706029309061,0.008141112618724558,0.24450209062897857
seller,1900267e848ceeba8fa32d80c1a5f5a8,370,42.0,30.85959278001161,0.11351351351351352,1.3610030533910435,0.980891288756219,1.8396807496197072,11.14040721998839,0.032355325705059355,0.2108314771749029,False,11.14040721998839,0.008480325644504749,0.2503991124671421
seller,e9bc59e7b60fc3063eb2290deda4cced,204,23.0,12.069038819820728,0.11274509803921569,1.9057027111577092,1.2080520457934236,2.859489758053961,10.930961180179272,0.003261798391368051,0.054368025242227065,False,10.930961180179272,0.008819538670284939,0.2561852669154265
seller,f7ba60f8c3f99e7ee4042fdef03b70c4,214,34.0,23.178374927247916,0.1588785046728972,1.4668845467690859,1.0158601911686311,2.049824124613225,10.821625072752084,0.020616213360405162,0.1542398184741423,False,10.821625072752084,0.009158751696065129,0.2619135457941319
seller,ede0c03645598cdfc63ca8237acbe73d,43,15.0,4.3208701590649055,0.3488372093023256,3.471522968245406,1.9429850524830836,5.725749203452103,10.679129840935094,4.721243125715694e-05,,False,10.679129840935094,0.009497964721845319,0.26756639677534083
seller,4e922959ae960d389249c378d1c939f5,407,44.0,33.81377581337821,0.10810810810810811,1.3012448016110545,0.9454864648832095,1.7468604099793514,10.186224186621793,0.05240750352812042,0.33082236602126014,False,10.186224186621793,0.00983717774762551,0.27295833490567795
seller,7ad32824caee82087b3e2e5f33b1bf32,139,21.0,10.911936164095284,0.1510791366906475,1.9244980619570116,1.1912946326472549,2.9417997184191647,10.088063835904716,0.004278753551101399,0.057620547821498835,False,10.088063835904716,0.0101763907734057,0.2782983132000422
seller,c70c1b0d8ca86052f45a432a38b73958,253,22.0,12.018219165833818,0.08695652173913043,1.8305540693202735,1.1471984893922558,2.771480859811257,9.981780834166182,0.006166637580990486,0.06556109428210938,False,9.981780834166182,0.01051560379918589,0.28358203204446897
seller,835f0f7810c76831d6c7d24c7a646d4d,42,13.0,3.150480400477894,0.30952380952380953,4.126354824498524,2.1971101581694703,7.05619241903132,9.849519599522106,2.659758319742243e-05,,False,9.849519599522106,0.010854816824966078,0.28879574021750487
seller,2c9e548be18521d1c43cde1c582c6de8,123,20.0,10.31655876945604,0.16260162601626016,1.938630937596504,1.184166140900885,2.9940582507148594,9.68344123054396,0.004816716448931941,0.060811045167765754,False,9.68344123054396,0.011194029850746268,0.293921537082689
seller,c3867b4666c7d76867627c2f7fb22e21,221,27.0,18.149011306067134,0.12217194570135746,1.4876843451507478,0.9803933576159376,2.1645026157446825,8.850988693932866,0.030755720667707095,0.2070885191625611,False,8.850988693932866,0.011533242876526458,0.29860668660970197
seller,4c2b230173bb36f9b240f2b8ac11786e,255,26.0,17.1991482075607,0.10196078431372549,1.5117027707552673,0.9874944392961388,2.2149948138930555,8.8008517924393,0.028458227641175764,0.19822627529370704,False,8.8008517924393,0.011872455902306648,0.3032652968552356
seller,2a1348e9addc1af5aaa619b1a3679d6b,45,13.0,4.2663871233724,0.28888888888888886,3.0470746381130187,1.6224389139662243,5.210590430571775,8.7336128766276,0.0004972374824933728,,False,8.7336128766276,0.012211668928086838,0.307888315102462
seller,d13e50eaa47b4cbe9eb81465865d8cfc,64,14.0,5.26847319575013,0.21875,2.657316357098153,1.452779579950168,4.45852531636371,8.73152680424987,0.001137985426666256,,False,8.73152680424987,0.012550881953867029,0.31251022911587323
seller,391fc6631aebcf3004804e51b40bcf1e,493,53.0,44.40768642159088,0.1075050709939148,1.1934870800707051,0.8940037216857832,1.561110485942778,8.592313578409119,0.1142223967198895,0.5493553366051829,False,8.592313578409119,0.012890094979647219,0.31705845251665843
seller,b1b3948701c5c72445495bd161b83a4c,14,9.0,0.48907010210392476,0.6428571428571429,18.402269861279617,8.414689590867363,34.933240404437434,8.510929897896075,2.8434851735950964e-09,,False,8.510929897896075,0.013229308005427409,0.32156359658185213
seller,d20b021d3efdf267a402c402a48ea64b,74,15.0,6.500282112604829,0.20270270270270271,2.3075921537179434,1.2915418111628805,3.806022329940355,8.499717887395171,0.002956925975738729,,False,8.499717887395171,0.013568521031207599,0.32606280572299257
seller,6973a06f484aacf400ece213dbf3d946,81,15.0,6.563223855592268,0.18518518518518517,2.2854621951099663,1.2791558413217816,3.7695223286351363,8.436776144407732,0.0032275166698091553,,False,8.436776144407732,0.013907734056987787,0.33052869751535036
seller,9c0e69c7bf2619675bbadf47b43f655a,145,16.0,7.690461575444304,0.1103448275862069,2.0804993098318194,1.1891851176843262,3.3786005355679585,8.309538424555697,0.005792198631524059,0.06500134019821444,False,8.309538424555697,0.014246947082767978,0.33492723776500516
seller,b499c00f28f4b7069ff6550af8c1348a,141,19.0,10.748156661703288,0.1347517730496454,1.7677449815835697,1.0642979558649197,2.760552763182703,8.251843338296712,0.014316596078285282,0.11122893876206258,False,8.251843338296712,0.014586160108548168,0.33929523791169014
seller,c31eff8334d6b3047ed34bebd4d62c36,117,17.0,8.777506643387978,0.1452991452991453,1.9367686850805128,1.1282391312192552,3.100954282547902,8.222493356612022,0.00887641541158445,0.08256994661025353,False,8.222493356612022,0.014925373134328358,0.343647702047929
seller,431af27f296bc6519d890aa5a05fdb11,116,18.0,9.82604785420572,0.15517241379310345,1.8318656968778841,1.085679709552143,2.895137565949452,8.17395214579428,0.012188897628838381,0.09848629284101412,False,8.17395214579428,0.015264586160108548,0.3479744715596725
seller,891071be6ba827b591264c90c2ae8a63,84,15.0,7.1425763435379075,0.17857142857142858,2.100082558245377,1.17540026581289,3.4637668092787033,7.8574236564620925,0.00680324613471292,,False,7.8574236564620925,0.015603799185888738,0.35213369105487397
seller,ef990a83bbea832f36ebe81376335aa8,40,11.0,3.3053900053209158,0.275,3.32789776162345,1.661274572258443,5.954528355691283,7.694609994679084,0.0006462812221117006,,False,7.694609994679084,0.01594301221166893,0.3562067273702217
seller,8e6d7754bc7e0f22c96d255ebda59eba,80,14.0,6.44159248075507,0.175,2.1733756119820464,1.1882046713087653,3.6465549772068426,7.55840751924493,0.006593832991091625,,False,7.55840751924493,0.016282225237449117,0.3602076667723967
seller,6039e27294dc75811c0d8a39069f52c0,63,14.0,6.44249665312266,0.2222222222222222,2.1730705895228115,1.1880379126919305,3.646043201349623,7.55750334687734,0.006601445624949122,,False,7.55750334687734,0.01662143826322931,0.3642081275633242
seller,ad781527c93d00d89a11eecd9dcad7c1,36,12.0,4.465839853930733,0.3333333333333333,2.687064559522408,1.3884454686086893,4.693761024530926,7.534160146069267,0.002262161844977097,,False,7.534160146069267,0.016960651289009497,0.3681962319509157
seller,fe2032dab1a61af8794248c8196565c9,284,26.0,18.580201976958417,0.09154929577464789,1.3993389324961583,0.914094649598456,2.0503557566472335,7.419798023041583,0.05993364416400569,0.35798285881693076,False,7.419798023041583,0.01729986431478969,0.3721238003164718
seller,99a54764c341d5dc80b4a8fac4eba3fb,42,9.0,1.8034750317995922,0.21428571428571427,4.99036573354685,2.2819129873241555,9.473268634260572,7.196524968200408,0.00011132402923974933,,False,7.196524968200408,0.017639077340569877,0.37593318215129584
seller,7c67e1448b00f6e969d365cea6b010ab,970,98.0,90.84182746955882,0.10103092783505155,1.0787982004527583,0.8758205255283823,1.314709463910296,7.158172530441178,0.23959967293838094,0.8679064544505996,False,7.158172530441178,0.01797829036635007,0.3797222626489653
seller,ba143b05f0110f0dc71ad71b4466ce92,79,13.0,5.9795843359326035,0.16455696202531644,2.174064160593942,1.1575976024634866,3.7177159262679282,7.0204156640673965,0.0085998485507171,,False,7.0204156640673965,0.018317503392130258,0.3834384234379274
seller,70a12e78e608ac31179aea7f8422044b,309,34.0,27.134852092887357,0.11003236245954692,1.2530011176627032,0.8677396988924144,1.7509434705065858,6.865147907112643,0.11328165810659521,0.5493553366051829,False,6.865147907112643,0.018656716417910446,0.3870723953683096
seller,f76a3b1349b6df1ee875d1f3fa4340f0,24,9.0,2.211123817211387,0.375,4.070328368743533,1.8612133184692194,7.726751129190984,6.788876182788613,0.00048654342069920635,,False,6.788876182788613,0.018995929443690638,0.39066599390702933
seller,bbad7e518d7af88a0897397ffdca1979,64,11.0,4.314727289488187,0.171875,2.5494079375071745,1.2726552569416731,4.561595019284901,6.685272710511813,0.0049451245187911025,,False,6.685272710511813,0.019335142469470826,0.3942047513679984
seller,ea566164622c6b439516ab18062c42cd,48,11.0,4.54786309345306,0.22916666666666666,2.4187183681573887,1.2074154947939646,4.32775527953678,6.45213690654694,0.007182384376362674,,False,6.45213690654694,0.01967435549525102,0.3976201015871951
seller,821fb029fc6e495ca4f08a35d51e53a5,23,9.0,2.9979710071850993,0.391304347826087,3.002030366014252,1.372719445089765,5.698788750949493,6.002028992814901,0.0037865819248215004,,False,6.002028992814901,0.020013568521031207,0.40079719335278285
seller,712e6ed8aa4aa1fa65dab41fed5737e4,77,17.0,11.034899517881971,0.22077922077922077,1.5405668146276845,0.8974369411845892,2.466596707273954,5.965100482118029,0.05721462383697835,,False,5.965100482118029,0.0203527815468114,0.4039547375174859
seller,f46490624488d3ff7ce78613913a7711,80,10.0,4.075195882244522,0.125,2.4538697743511255,1.176725937770443,4.512753883106302,5.924804117755478,0.009174872778589246,,False,5.924804117755478,0.020691994572591587,0.4070909513541361
seller,b561927807645834b59ef0d16ba55a24,83,12.0,6.145370409831502,0.14457831325301204,1.952689455594431,1.0089831361185972,3.410955508010086,5.854629590168498,0.023569828607485466,,False,5.854629590168498,0.02103120759837178,0.41019001926663007
seller,37515688008a7a40ac93e3b2e4ab203f,222,23.0,17.291222640031606,0.1036036036036036,1.3301546385014889,0.8432039388174825,1.9958850575976363,5.708777359968394,0.1084118159841008,0.5474796707197089,False,5.708777359968394,0.021370420624151967,0.41321188230055445
seller,8d956fec2e4337affcb520f56fd8cbfd,206,22.0,16.31407562935439,0.10679611650485436,1.3485287490279105,0.8451157874628062,2.041688732102768,5.685924370645608,0.1032674099219759,0.5348722257497214,False,5.685924370645608,0.021709633649932156,0.4162216484178722
seller,66e0557ecc2b4dbea057e93f215f68d8,30,8.0,2.3383553728333033,0.26666666666666666,3.4212079536510656,1.4770347642084933,6.741143541879013,5.661644627166696,0.0028589892589888266,,False,5.661644627166696,0.022048846675712348,0.41921856238583016
seller,8b28d096634035667e8263d57ba3368c,134,16.0,10.351183923441948,0.11940298507462686,1.5457169071998986,0.8835107675876873,2.5101474178927674,5.648816076558052,0.06202673296332959,0.35798285881693076,False,5.648816076558052,0.022388059701492536,0.42220868573639
seller,8b9d6eec4a7eb7d0f9d579ce0b38324d,46,8.0,2.4847114490650406,0.17391304347826086,3.2196897563337905,1.3900335099466485,6.344072357425955,5.51528855093496,0.004096796497483324,,False,5.51528855093496,0.022727272727272728,0.42512812812178874
seller,2a261b5b644fa05f4f2700eb93544f2c,47,10.0,4.536421729261229,0.2127659574468085,2.2043805882281875,1.0570861754763214,4.053934386962895,5.463578270738771,0.017951894736907607,,False,5.463578270738771,0.023066485753052916,0.4280201983792615
seller,0dd184061fb0eaa7ca37932c68ab91c5,154,19.0,13.72525202399818,0.12337662337662338,1.3843097355720015,0.833444890073098,2.1617711295724855,5.274747976001819,0.10272375722342036,0.5348722257497214,False,5.274747976001819,0.023405698778833108,0.43081231390888786
seller,e9d99831abad74458942f21e16f33f92,129,14.0,8.73892221050091,0.10852713178294573,1.6020282207315275,0.8758437358675005,2.687931137962283,5.26107778949909,0.061455405611962374,0.35798285881693076,False,5.26107778949909,0.023744911804613297,0.4335971933126934
seller,fa1c13f2614d7b5c4749cbc52fecda94,572,59.0,53.82432728313015,0.10314685314685315,1.096158614108532,0.8344467250363652,1.4139647479891335,5.1756727168698475,0.2575707090714583,0.8679064544505996,False,5.1756727168698475,0.02408412483039349,0.43633686471212013
seller,0725b8c0f3f906e58f70cbe76b7c748c,15,6.0,0.9020670255780396,0.4,6.651390450898294,2.440943068592812,14.477276801189186,5.09793297442196,0.00034764977476329026,,False,5.09793297442196,0.024423337856173677,0.43903538564461536
seller,7e1fb0a3ebfb01ffb3a7dae98bf3238d,155,20.0,14.917273331485852,0.12903225806451613,1.3407275951554798,0.8189512462454225,2.070645031185329,5.082726668514148,0.12022038029664232,0.5647562051144592,False,5.082726668514148,0.024762550881953865,0.4417258573275415
seller,f3da5b2ff499efb8d4a6d371d175d7dd,70,10.0,4.9264868544304985,0.14285714285714285,2.0298440441400505,0.9733891184180943,3.7329554681504784,5.0735131455695015,0.029239773561589872,,False,5.0735131455695015,0.025101763907734057,0.44441145195840487
seller,c60b801f2d52c7f7f91de00870882a75,38,8.0,2.991240130709107,0.21052631578947367,2.674476020119291,1.154648916778785,5.26978394625124,5.008759869290893,0.011716358137869523,,False,5.008759869290893,0.025440976933514246,0.4470627703301723
seller,cfb1a033743668a192316f3c6d1d2671,133,17.0,12.002246873572071,0.12781954887218044,1.416401460415929,0.8251060467197303,2.267795947093853,4.997753126427929,0.10141304339365319,0.5348722257497214,False,4.997753126427929,0.025780189959294438,0.44970826243349654
seller,adbc26658d6c7b4b6219f9d934598091,85,14.0,9.016152696581447,0.16470588235294117,1.552768733088141,0.8489131155911598,2.6052820878623617,4.983847303418553,0.07466739642706935,,False,4.983847303418553,0.026119402985074626,0.45234639368004553
seller,213b25e6f54661939f11710a6fddb871,138,13.0,8.019721342097986,0.09420289855072464,1.6210039533118188,0.8631163348118271,2.771966128232496,4.980278657902014,0.06475100522547252,0.3633250848762624,False,4.980278657902014,0.026458616010854818,0.45498263591301286
seller,7d76b645482be4a332374e8223836592,168,20.0,15.12231030802908,0.11904761904761904,1.322549239674122,0.8078474344570004,2.0425700354974623,4.87768969197092,0.131710606096607,0.5912342762558803,False,4.87768969197092,0.026797829036635006,0.4575645740832558
seller,71039d19d4303bf9054d69e9a9236699,34,8.0,3.157126196915311,0.23529411764705882,2.533950023225694,1.0939797655611896,4.992891711327482,4.842873803084689,0.01566847349742275,,False,4.842873803084689,0.027137042062415198,0.4601280829400074
seller,23613d49c3ac2bd302259e55c06c050c,62,10.0,5.2187842032881795,0.16129032258064516,1.9161551063367093,0.9188708536963497,3.5238774637262518,4.7812157967118205,0.040473728229652055,,False,4.7812157967118205,0.027476255088195387,0.46265895397635465
seller,b19f3ca2ea475913750f25a5c37c8d8f,19,6.0,1.2502197551790488,0.3157894736842105,4.79915628844044,1.7612057755202477,10.445742813149186,4.749780244820951,0.0018396871572803023,,False,4.749780244820951,0.027815468113975575,0.46517318503425814
seller,054694fa03fe82cec4b7551487331d74,20,6.0,1.253021229617424,0.3,4.788426451347466,1.7572681144142621,10.422388475018929,4.746978770382576,0.00186019867000704,,False,4.746978770382576,0.028154681139755767,0.46768593317007306
seller,7681ef142fd2c19048da7430856b5588,54,8.0,3.477365844812821,0.14814814814814814,2.300591987447505,0.9932323289769973,4.533083352074453,4.522634155187179,0.025876236459355804,,False,4.522634155187179,0.028493894165535955,0.4700799275593725
seller,0bf0150d5b9d60d9cd2906003332f085,38,8.0,3.4787888407616823,0.21052631578947367,2.2996509320319647,0.9928260480427101,4.531229097751721,4.521211159238318,0.025929894893250056,,False,4.521211159238318,0.028833107191316147,0.4724731687052742
seller,77530e9772f57a62c906e1c21538ab82,297,35.0,30.499687482507582,0.11784511784511785,1.1475527419772242,0.7993125312022187,1.595968070066305,4.500312517492418,0.22996146730891043,0.86405794889334,False,4.500312517492418,0.029172320217096336,0.4748553474416671
seller,955fee9216a65b617aa5c0531780ce60,1227,98.0,93.50509596286234,0.07986960065199673,1.0480712199784588,0.8508748775141318,1.2772631166601855,4.494904037137658,0.3345522793058364,1.0,False,4.494904037137658,0.029511533242876527,0.4772346632731289
seller,b2479f944e1b90cf8a5de1bbfde284d6,99,14.0,9.506722683908187,0.1414141414141414,1.4726420939676175,0.8051071363695321,2.470843202526137,4.493277316091813,0.10227941460062764,,False,4.493277316091813,0.029850746268656716,0.4796131180221058
seller,11bfa66332777660bd0640ee84d47006,76,12.0,7.6088707180892055,0.15789473684210525,1.5771065700290314,0.8149139784936904,2.754887791475183,4.3911292819107945,0.08577458778871415,,False,4.3911292819107945,0.030189959294436908,0.4819375021095355
seller,002100f778ceb8431b7a1020ff7ab48f,48,9.0,4.642714461282254,0.1875,1.9385211119605068,0.8864152925402448,3.6799169093635316,4.357285538717746,0.047240597098107615,,False,4.357285538717746,0.030529172320217096,0.48424397147546944
seller,28f10b1c5e5abb9d4857745bede6147c,28,6.0,1.6435120937239427,0.21428571428571427,3.650718496634201,1.3397493464752674,7.946077228387136,4.356487906276057,0.006844039624833508,,False,4.356487906276057,0.030868385345997285,0.4865500186256051
seller,973f21788dfab357250f69a8dcb7ddee,9,5.0,0.6855266466160816,0.5555555555555556,7.293662507039162,2.368232362859016,17.020975241327616,4.314473353383918,0.0007160507824474953,,False,4.314473353383918,0.031207598371777476,0.48883382594814445
seller,e9779976487b77c6d4ac45f75ec7afe9,625,47.0,42.728162810472845,0.0752,1.0999770855694293,0.8082217885249532,1.462736336637623,4.2718371895271545,0.2762446566202539,0.8995761382244168,False,4.2718371895271545,0.03154681139755767,0.49109506440184497
seller,729f06993dac8e860d4f02d7088ca48a,90,11.0,6.768218927303203,0.12222222222222222,1.6252429358668736,0.811315417869438,2.908008550654886,4.231781072696797,0.08288730617318033,,False,4.231781072696797,0.03188602442333786,0.4933350996992303
seller,23c38debaffe4a25a30fdbd9b586a13f,40,6.0,1.9240254978570261,0.15,3.1184617910120123,1.1444205162266894,6.787578458323078,4.075974502142974,0.013975281370603587,,False,4.075974502142974,0.032225237449118045,0.4954926609244437
seller,70c27847eca8195c983ed7e798c56743,74,7.0,3.0501364183493185,0.0945945945945946,2.294979318921178,0.9227007141677127,4.728534525517282,3.9498635816506815,0.0360995840009958,,False,3.9498635816506815,0.032564450474898234,0.497583467062748
seller,3fd1e727ba94cfe122d165e176ce7967,34,7.0,3.0720786584889925,0.20588235294117646,2.278587490153316,0.9161103488489826,4.6947610933882125,3.9279213415110075,0.037273941507058705,,False,3.9279213415110075,0.03290366350067843,0.49966265837704027
seller,abe42c5d03695b4257b5c6cbf4e6784e,49,8.0,4.109501231606275,0.16326530612244897,1.9467082619350013,0.8404504542266573,3.8357913361743843,3.8904987683937247,0.05792258414837339,,False,3.8904987683937247,0.03324287652645862,0.5017220405652787
seller,643214e62b870443ccbe55ab29a4dccf,64,8.0,4.11088673820945,0.125,1.9460521560086825,0.8401671942566978,3.834498545941252,3.88911326179055,0.0580119516741918,,False,3.88911326179055,0.033582089552238806,0.5037806893545905
seller,06579cb253ecd5a3a12a9e6eb6bf8f47,60,8.0,4.153659802192913,0.13333333333333333,1.9260123315290343,0.8315154204311727,3.795012102789733,3.846340197807087,0.06081378280776854,,False,3.846340197807087,0.033921302578018994,0.5058166968088582
seller,7f152321c60a266edc53af1925ef96c1,20,6.0,2.166319438362026,0.3,2.7696746351205968,1.016421777185235,6.028415658031059,3.833680561637974,0.02334117979138474,,False,3.833680561637974,0.03426051560379918,0.5078460030582707
seller,ff1fb4c404b2efe68b03350a8dc24122,43,7.0,3.204135794221379,0.16279069767441862,2.18467644618072,0.8783532385223922,4.501268450517453,3.795864205778621,0.04487096680253982,,False,3.795864205778621,0.03459972862957938,0.509855291738133
seller,218d46b86c1881d022bce9c68a7d4b15,376,35.0,31.20559811493309,0.09308510638297872,1.121593627883426,0.7812310570920789,1.5598652264187642,3.794401885066911,0.27118688350359377,0.8980286961922285,False,3.794401885066911,0.034938941655359566,0.5118638063585736
seller,d9bd94811c3338dceb4181f3dbc0c73e,50,6.0,2.2876154146521714,0.12,2.622818486695803,0.9625281589675097,5.708771648797601,3.7123845853478286,0.02931454604768541,,False,3.7123845853478286,0.035278154681139755,0.5138289062457823
seller,26e2c91ef821e1ff8985f408788fe35b,12,5.0,1.2966131247355288,0.4166666666666667,3.856200361244881,1.2520977608101602,8.999085275881862,3.703386875264471,0.01055357514393275,,False,3.703386875264471,0.03561736770691994,0.515789243318508
seller,2e90cb1677d35cfe24eef47d441b7c87,124,17.0,13.32484238389774,0.13709677419354838,1.275812464434361,0.7432077756938137,2.0426993454570757,3.6751576161022594,0.1887155352674174,0.8287073505221373,False,3.6751576161022594,0.03595658073270014,0.5177346376198906
seller,633ecdf879b94b5337cca303328e4a25,6,4.0,0.34308133785315603,0.6666666666666666,11.659042794429292,3.1766967578189975,29.851780162368517,3.656918662146844,0.00043941364216567685,,False,3.656918662146844,0.03629579375848033,0.5196703773810346
seller,602044f2c16190c2c6e45eb35c2e21cb,45,9.0,5.364480425103902,0.2,1.6777020860926497,0.7671522256134666,3.1848011545476482,3.6355195748960982,0.09449767096525377,,False,3.6355195748960982,0.036635006784260515,0.5215947898287024
seller,b18dc380845b24038cfc48006478f099,43,7.0,3.411218231364918,0.16279069767441862,2.052052822548124,0.8250316633637844,4.228013097810949,3.588781768635082,0.05865994208223568,,False,3.588781768635082,0.036974219810040704,0.523494462259354
seller,538caafddff204241cecbf3a02e6b3cf,8,4.0,0.43474914231383044,0.5,9.200708203151642,2.506883320863664,23.55746723477293,3.5652508576861695,0.0010539459289744828,,False,3.5652508576861695,0.03731343283582089,0.5253816789248799
seller,c4d51195486dc781531876a7d00453d8,17,5.0,1.4361367078565068,0.29411764705882354,3.481562704056709,1.1304539332759909,8.124805957183655,3.563863292143493,0.015727977302092293,,False,3.563863292143493,0.03765264586160109,0.5272681611016078
seller,75d34ebb1bd0bd7dde40dd507b8169c3,57,9.0,5.479595968591221,0.15789473684210525,1.6424568620729638,0.7510358648643902,3.1178947406612516,3.5204040314087788,0.1039196408878391,,False,3.5204040314087788,0.037991858887381276,0.5291316387144485
seller,688756f717c462a206ad854c5027a64a,76,7.0,3.487425210664731,0.09210526315789473,2.007211503373213,0.8070031273827448,4.135622842203776,3.512574789335269,0.06432295496781502,,False,3.512574789335269,0.038331071913161464,0.5309909720253285
seller,827f8f69dfa529c561901c4f2e0f332f,91,9.0,5.5276890584433005,0.0989010989010989,1.628166835153815,0.7445015546039594,3.090767818302458,3.4723109415566995,0.10800810202203098,,False,3.4723109415566995,0.03867028493894165,0.5328289922203636
seller,2089a6d640999f9b9141ac719b2af596,40,6.0,2.579524835332173,0.15,2.3260097820408707,0.8536045954398832,5.062744054114517,3.420475164667827,0.04754563856532349,,False,3.420475164667827,0.03900949796472185,0.5346395738575188
seller,b17b679f4f5ce2e03ce6968c62648246,50,9.0,5.598468456543073,0.18,1.6075825147289113,0.7350890925479079,3.0516923662312894,3.401531543456927,0.11418666622248258,,False,3.401531543456927,0.03934871099050204,0.536440127948484
seller,070d165398b553f3b4b851c216b8a358,30,5.0,1.6434446658598805,0.16666666666666666,3.0423902330681196,0.9878558273630604,7.099923910865344,3.3565553341401193,0.026155981623290175,,False,3.3565553341401193,0.039687924016282225,0.5382168744996256
seller,440dd6ab244315c632130ecfb63827b1,91,12.0,8.665735205683516,0.13186813186813187,1.3847642139041672,0.7155278763486222,2.418904403452009,3.334264794316484,0.16581529426990463,,False,3.334264794316484,0.04002713704206241,0.5399818218590925
seller,f0b47fbbc6dee9aafe415a6e33051b3f,64,7.0,3.6664992134106806,0.109375,1.9091780994788223,0.7675886145634451,3.9336365623507112,3.3335007865893194,0.0788884543082786,,False,3.3335007865893194,0.0403663500678426,0.5417463648015427
seller,b2ba3715d723d245138f291a6fe42594,320,29.0,25.670103411106123,0.090625,1.129718861492907,0.7565904517994715,1.6224647315042489,3.3298965888938774,0.28056087479276365,0.8995761382244168,False,3.3298965888938774,0.0407055630936228,0.5435089999113528
seller,312ba1d77e9c332ef21f9598b7f64cd7,7,4.0,0.6827017682300309,0.5714285714285714,5.859073736355451,1.596400396694305,15.001555806653297,3.317298231769969,0.005276233293884104,,False,3.317298231769969,0.041044776119402986,0.54526496625353
seller,05f51e13da97139648b8125c31e5f51b,57,9.0,5.709866907271691,0.15789473684210525,1.5762188762295357,0.7207476398683268,2.992154410755379,3.2901330927283086,0.12429586501482397,,False,3.2901330927283086,0.041383989145183174,0.5470065531017624
seller,02d35243ea2e497335cd0f076b45675d,12,5.0,1.7281907509485865,0.4166666666666667,2.8931991432401487,0.9394138865905314,6.751761674987579,3.2718092490514135,0.0314413041763669,,False,3.2718092490514135,0.04172320217096336,0.5487384404745456
seller,7e3f87d16fb353f408d467e74fbd8014,91,11.0,7.736901598186915,0.12087912087912088,1.4217577747890406,0.7097363586120379,2.5439173890894895,3.2630984018130853,0.15888449002123176,,False,3.2630984018130853,0.04206241519674356,0.5504657168797602
seller,4e5725ba188db8252977a4f0227bd462,21,6.0,2.7391481654048855,0.2857142857142857,2.1904620114308835,0.8038609525766122,4.767713622599275,3.2608518345951145,0.05993011486761552,,False,3.2608518345951145,0.042401628222523746,0.5521918040954161
seller,fd386aa7bed2af3c7035c65506c9b4a3,64,7.0,3.7481815391336357,0.109375,1.8675722952357312,0.7508609233933703,3.847912704099191,3.2518184608663643,0.08611758980586727,,False,3.2518184608663643,0.042740841248303935,0.5539131096185271
seller,95b293867b5862941c9cd74f756a3c68,9,4.0,0.7556230041659585,0.4444444444444444,5.293645082199581,1.442340118839151,13.553833881365422,3.2443769958340414,0.007480503692870448,,False,3.2443769958340414,0.04308005427408412,0.5556304761041384
seller,7fc87cc3e89b3d1d5cabdca32f8485aa,14,4.0,0.7644385625344999,0.2857142857142857,5.232598401025165,1.4257069528424504,13.397530131718701,3.2355614374655,0.007782165174225965,,False,3.2355614374655,0.04341926729986431,0.5573431761947796
seller,f27e33c6d29b5138fa9967bcd445b6d5,92,10.0,6.781026145587263,0.10869565217391304,1.4747030589916656,0.7071774379240554,2.712031431110948,3.218973854412737,0.14801099825766056,,False,3.218973854412737,0.04375848032564451,0.5590470958757308
seller,de23c3b98a88888289c6f5cc1209054a,160,16.0,12.784707311268585,0.1,1.2514952130266932,0.7153376476269175,2.0323498195894736,3.215292688731415,0.21766983252110098,0.8621432582208313,False,3.215292688731415,0.044097693351424695,0.5607490669820936
seller,a416b6a846a11724393025641d4edd5e,155,20.0,16.793084081128058,0.12903225806451613,1.1909664659200898,0.7274732578236047,1.839351113437628,3.2069159188719425,0.2470539721246757,0.8679064544505996,False,3.2069159188719425,0.044436906377204884,0.5624466039601685
seller,e62b2d6ac10570a035a30bafcf01d263,60,8.0,4.811076575101452,0.13333333333333333,1.6628294883939367,0.7178917489326535,3.2764369833088582,3.1889234248985483,0.11439834067343893,,False,3.1889234248985483,0.04477611940298507,0.5641346168582174
seller,b0b346d3a89f5eb4c2968af3f083cd43,9,4.0,0.8396791233711477,0.4444444444444444,4.763724485540121,1.2979545915715138,12.197026685962747,3.160320876628852,0.010685393388862739,,False,3.160320876628852,0.04511533242876527,0.5658074893894519
seller,634964b17796e64304cadf1ad3050fb7,261,27.0,23.85954036022575,0.10344827586206896,1.1316228054841093,0.7457465593690263,1.6464517694837288,3.1404596397742495,0.2861401594876213,0.9031298783828047,False,3.1404596397742495,0.045454545454545456,0.5674698486472349
seller,d9e7e7778b32987280a6f2cb9a39c57d,10,4.0,0.8718808112620027,0.4,4.587783041365718,1.2500164696236413,11.746546710415062,3.1281191887379975,0.012114926269851393,,False,3.1281191887379975,0.045793758480325644,0.569125675656437
seller,a44fb5a447105f8469bdf16bf9159f25,19,5.0,1.877040775187119,0.2631578947368421,2.663767386460509,0.8649180196719903,6.216344489458134,3.122959224812881,0.042240377199526204,,False,3.122959224812881,0.04613297150610583,0.5707787713094732
seller,59b22a78efb79a4797979612b885db36,119,16.0,12.882212505881276,0.13445378151260504,1.2420226721687229,0.7099232720672998,2.016967006692258,3.1177874941187245,0.2260677756301682,0.86405794889334,False,3.1177874941187245,0.04647218453188602,0.5724291293777657
seller,0ed6ce5d87fd9c69eaacaeb778d67235,42,6.0,2.889864442648062,0.14285714285714285,2.0762219540311846,0.7619368649254685,4.519061112275541,3.110135557351938,0.07322406062084635,,False,3.110135557351938,0.046811397557666216,0.5740754369982309
seller,1eade46fba20122dc4aefb379f8c636b,55,8.0,4.890001314101092,0.14545454545454545,1.6359913803971249,0.7063049588123486,3.223555211475642,3.1099986858989084,0.12213830377261795,,False,3.1099986858989084,0.047150610583446405,0.5757216721676689
seller,903037660cf848a717166eb7a06d616e,41,6.0,2.9054764586642676,0.14634146341463414,2.065065776770525,0.7578427444919399,4.494778811087841,3.0945235413357324,0.07468987882328061,,False,3.0945235413357324,0.04748982360922659,0.577359715781481
seller,900ba814c251a692506d7834c1218441,86,12.0,8.914571827893935,0.13953488372093023,1.3461106412819153,0.6955550113265622,2.351384390957241,3.085428172106065,0.1887829035550838,,False,3.085428172106065,0.04782903663500678,0.5789929448862797
seller,822bad9bc42b51213ba522fe87b7ab5d,18,5.0,1.9199227623338926,0.2777777777777778,2.604271431170445,0.8455998449358877,6.077500776717932,3.0800772376661074,0.04571728418526513,,False,3.0800772376661074,0.04816824966078698,0.5806233415472885
seller,834f8533b2ecb6598dd004ff3de7203a,40,6.0,2.925082032972726,0.15,2.0512245237451583,0.7527632485756619,4.464652230367193,3.074917967027274,0.07655414921425463,,False,3.074917967027274,0.048507462686567165,0.5822510072191129
seller,5058e8c1e82653974541e83690655b4a,59,8.0,4.9471579872917415,0.13559322033898305,1.6170900586863,0.6981447096738582,3.186312072645707,3.0528420127082585,0.12791122786937473,,False,3.0528420127082585,0.048846675712347354,0.5838669872871577
seller,b5e3e38609125694d2ea2417522a60b7,16,4.0,0.9512524319291733,0.25,4.204982679400734,1.1457162547443265,10.766425747404812,3.0487475680708265,0.01614374415108108,,False,3.0487475680708265,0.04918588873812754,0.5854808000170645
seller,6ec1a01e866584bb679eb9b098345919,30,6.0,2.9938006542485076,0.2,2.0041414552720433,0.7354845922577172,4.362172212096341,3.0061993457514924,0.08329422334300506,,False,3.0061993457514924,0.04952510176390773,0.5870720904287795
seller,aba1721a889e04decc910aa13b768ef4,80,9.0,5.994973294524531,0.1125,1.50125773007531,0.6864706305092438,2.849854805362262,3.005026705475469,0.15224389489222367,,False,3.005026705475469,0.049864314789687926,0.5886627601194403
seller,54a1852d1b8f10312c55e906355666ee,195,19.0,16.001724305205002,0.09743589743589744,1.1873720380134112,0.714875531297949,1.8542285197311095,2.998275694794998,0.2577939963714652,0.8679064544505996,False,2.998275694794998,0.050203527815468114,0.5902498562551468
seller,f262cbc1c910c83959f849465454ddd3,185,17.0,14.020673723514786,0.0918918918918919,1.2124952292048872,0.7063231528594989,1.9413223182176214,2.9793262764852138,0.24587438509107287,0.8679064544505996,False,2.9793262764852138,0.0505427408412483,0.5918269217760485
seller,048c2757535328e0d7dac690ad3c0aae,50,7.0,4.026599313112424,0.14,1.7384396746914554,0.6989429125354066,3.581850151996907,2.973400686887576,0.1134638995311943,,False,2.973400686887576,0.05088195386702849,0.5934008506673305
seller,53d00c40e32aeb924a84ce72b1af869d,16,4.0,1.040025335213619,0.25,3.846060153119643,1.047921946442265,9.847441527277883,2.959974664786381,0.021541094444420896,,False,2.959974664786381,0.05122116689280869,0.5949676726778704
seller,c9c7905cffc4ef9ff9f113554423e671,125,13.0,10.067983389521618,0.104,1.2912218362944377,0.6875212466289834,2.2080286645382667,2.9320166104783816,0.21493041631040433,0.8621432582208313,False,2.9320166104783816,0.051560379918588875,0.5965196954756391
seller,3db66a856d18a9cba7c9241fc5221c50,94,11.0,8.080671620381564,0.11702127659574468,1.3612729877866994,0.6795425708658545,2.4356933975214035,2.9193283796184364,0.19220171927622498,,False,2.9193283796184364,0.05189959294436906,0.598065001932345
seller,a673821011d0cec28146ea42f5ab767f,123,14.0,11.131055310163067,0.11382113821138211,1.2577423802051797,0.6876194631170569,2.110277998563953,2.8689446898369333,0.2309857883180216,0.86405794889334,False,2.8689446898369333,0.05223880597014925,0.5995836384735745
seller,34056b8b55c1775a22af2331670a799c,77,9.0,6.134811035241894,0.11688311688311688,1.4670378514185372,0.6708231229515068,2.78489481636422,2.865188964758106,0.1669907159375759,,False,2.865188964758106,0.05257801899592944,0.6011002869732208
seller,165fc07beebdcb6190fba8a06db2a449,48,6.0,3.149978730448711,0.125,1.904774766255424,0.6990187686686994,4.145892763110302,2.850021269551289,0.09978732038882494,,False,2.850021269551289,0.052917232021709636,0.602608906661343
seller,76d5af76d0271110f9af36c92573f765,125,12.0,9.154813502516003,0.096,1.3107858501652774,0.6773021762833424,2.289679089848867,2.845186497483997,0.21226470272137585,0.8621432582208313,False,2.845186497483997,0.053256445047489824,0.6041149671291515
seller,fffd5413c0700ac820c7069d66d98c89,54,8.0,5.157531756458799,0.14814814814814814,1.551129566964191,0.6696676510858616,3.056343608636632,2.8424682435412008,0.15033485676607036,,False,2.8424682435412008,0.05359565807327001,0.6056195887264997
seller,ec8879960bd2221d5c32f8e12f7da711,35,6.0,3.1592167275508447,0.17142857142857143,1.8992049350952405,0.6969747387979457,4.133769585552597,2.8407832724491553,0.10081318931122796,,False,2.8407832724491553,0.0539348710990502,0.6071233184074997
seller,6219ba2359cfb97f2e38fd4c321eb309,4,3.0,0.1782980035484695,0.75,16.825763274373756,3.469876894765219,49.17202041109215,2.8217019964515306,0.0008269404679297556,,False,2.8217019964515306,0.054274084124830396,0.6086169476766352
seller,a888faf2d1baececa6baf9c3d603ee1f,53,8.0,5.192536512557822,0.1509433962264151,1.5406728446978668,0.6651531806075175,3.0357396971732475,2.8074634874421784,0.15423964282718608,,False,2.8074634874421784,0.054613297150610585,0.6101030399862224
seller,3df020b72d3d44b3af9d110fa3940b65,54,7.0,4.19393855921263,0.12962962962962962,1.6690754767075509,0.6710549074062339,3.438933393533092,2.80606144078737,0.13184395415048683,,False,2.80606144078737,0.05495251017639077,0.6115883901416334
seller,f918546be4bec7104d117789ba758b2b,19,4.0,1.198939586438365,0.21052631578947367,3.336281531818144,0.9090244295493971,8.542205788556798,2.8010604135616353,0.033677056895958714,,False,2.8010604135616353,0.05529172320217096,0.6130710930718414
seller,f5a590cf36251cf1162ea35bef76fe84,108,12.0,9.203226436508945,0.1111111111111111,1.3038905521650896,0.6737392751877437,2.277634391893579,2.7967735634910547,0.21714182401633597,0.8621432582208313,False,2.7967735634910547,0.05563093622795115,0.6145515268167331
seller,056b4ada5bbc2c50cc7842547dda6b51,61,7.0,4.209090165633063,0.11475409836065574,1.6630672483936144,0.668639288010257,3.4265541468943925,2.7909098343669374,0.13357722385003892,,False,2.7909098343669374,0.055970149253731345,0.6160288566769986
seller,1dfe5347016252a7884b694d4f10f5c4,19,5.0,2.241386527345901,0.2631578947368421,2.2307620479546038,0.724322364889399,5.205854473096848,2.758613472654099,0.0770478866934158,,False,2.758613472654099,0.056309362279511534,0.6174890909009421
seller,48436dade18ac8b2bce089ec2a041202,133,10.0,7.2513504158118565,0.07518796992481203,1.3790534764662048,0.6613097452408173,2.536128443319589,2.7486495841881435,0.19587866107505672,0.8418614795140735,False,2.7486495841881435,0.05664857530529172,0.6189440508771208
seller,13074f016982ff2bd6c58ced8682f000,13,4.0,1.2558958583911617,0.3076923076923077,3.1849774591375066,0.8677991621235803,8.15480726922968,2.7441041416088385,0.03882119085678574,,False,2.7441041416088385,0.05698778833107191,0.6203966047855838
seller,0873d9f8f36123f8d910f4760e788cfb,6,3.0,0.2965135217387297,0.5,10.117582437415532,2.0864887350423733,29.56786934481703,2.7034864782612704,0.0034844108891971103,,False,2.7034864782612704,0.057327001356852106,0.6218276582907808
seller,6fd52c528dcb38be2eea044946b811f8,67,9.0,6.314217388863703,0.13432835820895522,1.4253547899496102,0.6517629729753301,2.705767381647549,2.685782611136297,0.18684325059026435,,False,2.685782611136297,0.057666214382632294,0.6232493404966174
seller,ececbfcff9804a2d6b40f589df8eef2b,95,10.0,7.331141424846405,0.10526315789473684,1.3640440717878404,0.6541121522877867,2.5085256137182044,2.668858575153595,0.20460527166802475,,False,2.668858575153595,0.05800542740841248,0.6246620641960179
seller,dd533b429f380718b70ad9922c294bae,37,5.0,2.3451218995246967,0.13513513513513514,2.132085330410068,0.6922823032983764,4.975575931335415,2.6548781004753033,0.0891131427356269,,False,2.6548781004753033,0.05834464043419267,0.6260673875228058
seller,2d50d6282f8aa2257819a77bfaa0efe0,39,6.0,3.358312875173676,0.15384615384615385,1.7866113798851182,0.6556548884317336,3.8887008173243274,2.641687124826324,0.12424200153178994,,False,2.641687124826324,0.05868385345997286,0.6274657283874687
seller,d97df38225e5abadaff1e72cb72b823c,27,5.0,2.3655615474680425,0.18518518518518517,2.11366303504202,0.6863006341374228,4.932584439331864,2.6344384525319575,0.09159950377988334,,False,2.6344384525319575,0.059023066485753055,0.6288602322668246
seller,427165bf50f8ca07efc7bdc2bfcf1688,5,3.0,0.37093265189280333,0.6,8.087721543766863,1.667882618956912,23.635754428747344,2.6290673481071964,0.0064573892100848835,,False,2.6290673481071964,0.05936227951153324,0.6302518930256857
seller,cb41bfbcbda0aea354a834ab222f9a59,11,4.0,1.3744389991564718,0.36363636363636365,2.9102783044244975,0.792952887902048,7.451468331216749,2.625561000843528,0.05088472982680006,,False,2.625561000843528,0.05970149253731343,0.6316416977476913
seller,5f67c6082caacb26e431a7b17940cece,13,4.0,1.3865881485498877,0.3076923076923077,2.884778731293249,0.786005112452548,7.386179296364594,2.6134118514501123,0.05222430382654798,,False,2.6134118514501123,0.06004070556309362,0.633025071484018
seller,ff69aa92bb6b1bf9b8b7a51c2ed9cf8b,20,5.0,2.3898805054607792,0.25,2.09215481216538,0.6793169727142511,4.88239142193972,2.6101194945392208,0.09460380589045624,,False,2.6101194945392208,0.060379918588873815,0.6344067024563489
seller,23d7c96d4a1160db1c726b248601b25a,50,6.0,3.4069586817949116,0.12,1.7611014868072832,0.6462932072691917,3.8331765196631244,2.5930413182050884,0.13033837239297344,,False,2.5930413182050884,0.060719131614654004,0.6357792933301618
seller,e0878efa0e0b7e5313ac0b43bc04c081,25,5.0,2.4115283057002306,0.2,2.0733739629683345,0.673218882100997,4.838563184907158,2.5884716942997694,0.0973198854658306,,False,2.5884716942997694,0.06105834464043419,0.6371494653362054
seller,c990d6cf976a5718aaedc539f383ab88,8,3.0,0.4386678202164632,0.375,6.83888779103886,1.410343075975607,19.986132252454855,2.5613321797835367,0.010161972439844432,,False,2.5613321797835367,0.06139755766621438,0.6385052714122952
seller,b1fc4f64df5a0e8b6913ab38803c57a9,105,13.0,10.446448655206677,0.12380952380952381,1.2444420519427521,0.6626129816426934,2.1280338086071855,2.5535513447933234,0.2525288752084701,0.8679064544505996,False,2.5535513447933234,0.06173677069199457,0.6398569588100502
seller,e59aa562b9f8076dd550fcddf0e73491,68,7.0,4.467174245971131,0.10294117647058823,1.566986111256614,0.630009687680773,3.2285902827072266,2.5328257540288686,0.16476692890172082,,False,2.5328257540288686,0.062075983717774764,0.641197675400461
seller,30c7f28fd3a5897b2c82d152bb760c17,6,3.0,0.4824330470046111,0.5,6.218479473217609,1.2823999656260863,18.173035873428724,2.517566952995389,0.013090838705040074,,False,2.517566952995389,0.06241519674355495,0.6425303149537276
seller,02dcd3e8e25bee036e32512bcf175493,13,4.0,1.4919403861217975,0.3076923076923077,2.6810722715253665,0.7305019582312933,6.864609853498263,2.5080596138782028,0.06463496652409927,,False,2.5080596138782028,0.06275440976933515,0.6438579219273685
seller,527801b552d0077ffd170872eb49683b,83,9.0,6.494600079513018,0.10843373493975904,1.3857666199324845,0.6336607407683392,2.630616703453776,2.5053999204869823,0.2077857740700063,,False,2.5053999204869823,0.06309362279511534,0.6451841210287744
seller,dd55f1bb788714a40e7954c3be6df745,35,6.0,3.4964973248537077,0.17142857142857143,1.716003028902943,0.6297428680523808,3.735016163086894,2.5035026751462923,0.14192385092009344,,False,2.5035026751462923,0.06343283582089553,0.6465093158493687
seller,7ddcbb64b5bc1ef36ca8c151f6ec77df,320,28.0,25.497580452248506,0.0875,1.09814341217348,0.7297083223524755,1.587122982867166,2.5024195477514937,0.33568932388373707,1.0,False,2.5024195477514937,0.06377204884667571,0.6478339373313249
seller,3f3486b61f45078d4f31ee5e43d8c5bb,39,6.0,3.5057541681956894,0.15384615384615385,1.7114719721172085,0.6280800500692558,3.725153960022251,2.4942458318043106,0.14314790406315073,,False,2.4942458318043106,0.0641112618724559,0.6491542321687981
seller,3c03b12bab54d8b37d79d914bfdb1aa0,36,6.0,3.5065728128746554,0.16666666666666666,1.7110724117778282,0.6279334184667218,3.724284285376824,2.4934271871253446,0.14325638852868816,,False,2.4934271871253446,0.06445047489823609,0.6504740936679331
seller,50c9975695009e5e6473912e83a6d1da,50,7.0,4.536615982095658,0.14,1.5430003393777223,0.6203661633753249,3.1791704254059256,2.4633840179043416,0.17366909991942153,,False,2.4633840179043416,0.06478968792401628,0.6517780522273026
seller,13fa2a6c6b9d0f43cb588d7c82117a12,9,3.0,0.560045870284196,0.3333333333333333,5.356704082966716,1.1046811622441846,15.654562483057612,2.439954129715804,0.019352387825316522,,False,2.439954129715804,0.06512890094979647,0.6530696084965595
seller,5bc55dbe2f12b6af6d83ed46023e0dc8,16,4.0,1.5617670661941756,0.25,2.5612014022984124,0.6978411808120566,6.55769281930187,2.4382329338058244,0.07363257099563265,,False,2.4382329338058244,0.06546811397557666,0.6543602536743574
seller,e504a4e2efaa45cbff7e268a2c58c956,9,3.0,0.5619883132185551,0.3333333333333333,5.338189299380166,1.10086296875537,15.600454428547456,2.438011686781445,0.019526818895912054,,False,2.438011686781445,0.06580732700135686,0.6556507817380759
seller,5b0cc932433fa5184b5b94bfe6bcc256,12,3.0,0.56255659481391,0.25,5.332796784637074,1.099750902574085,15.584695212119023,2.43744340518609,0.019578014820180144,,False,2.43744340518609,0.06614654002713705,0.6569410089897225
seller,8b321bb669392f5163d04c59e235e066,907,96.0,93.56857184091636,0.10584343991179714,1.0259855217542222,0.8310515666221897,1.2529039258891863,2.4314281590836373,0.4144230645179227,1.0,False,2.4314281590836373,0.06648575305291723,0.6582280521533078
seller,f84a00e60c73a49e7e851c9bdca3a5bb,87,10.0,7.580085096831984,0.11494252873563218,1.3192464032071876,0.6326299289353118,2.4261411062131524,2.4199149031680163,0.2328295785027366,,False,2.4199149031680163,0.06682496607869742,0.6595090009327094
seller,850913d59ce317156b00f3705f1c3edb,29,5.0,2.5885653612911352,0.1724137931034483,1.931571856275663,0.6271761240398626,4.507644370819631,2.4114346387088648,0.12096439238265144,,False,2.4114346387088648,0.06716417910447761,0.6607854608003753
seller,e7df4cd29ab5abab70fb0783ddb53987,22,4.0,1.5956362352288873,0.18181818181818182,2.506837029447515,0.6830287189297806,6.418498432968076,2.4043637647711127,0.07821318718693937,,False,2.4043637647711127,0.0675033921302578,0.6620581777978566
seller,3771c85bac139d2344864ede5d9341e3,26,4.0,1.6020185720013702,0.15384615384615385,2.496849955367795,0.6803075773739486,6.392927556769258,2.39798142799863,0.079091948640394,,False,2.39798142799863,0.06784260515603799,0.663327516392863
seller,640e21a7d01df7614a3b4923e990d40c,98,8.0,5.624103655960771,0.08163265306122448,1.4224488895259084,0.6141124680530947,2.8027913752063434,2.375896344039229,0.20608822405353266,,False,2.375896344039229,0.06818181818181818,0.6645851645514396
seller,0417b067eeab773d2f7061a726dc477f,13,4.0,1.64334110130476,0.3076923076923077,2.4340655733761714,0.663200946389649,6.23217460286985,2.35665889869524,0.08489959713994419,,False,2.35665889869524,0.06852103120759837,0.6658326296320494
seller,bce6a5ecf98e99fd2a8868b15c51f04b,14,3.0,0.6659532470897331,0.21428571428571427,4.504820740960766,0.9290023370247777,13.164997855413995,2.334046752910267,0.030130770606054652,,False,2.334046752910267,0.06886024423337857,0.6670681252832775
seller,921323538c9f1c4e816f2720eac02bea,13,3.0,0.6703542481147586,0.23076923076923078,4.475245750193899,0.9229032629173258,13.07856718205125,2.3296457518852414,0.030634385572668302,,False,2.3296457518852414,0.06919945725915876,0.6683012913249464
seller,b14db04aa7881970e83ffa9426897925,77,9.0,6.677709950452524,0.11688311688311688,1.34776743326357,0.6162850929306162,2.5584824106146438,2.322290049547476,0.2299591649138503,,False,2.322290049547476,0.06953867028493894,0.6695305637264221
seller,a6fe7de3d16f6149ffe280349a8535a0,50,8.0,5.678349078320122,0.16,1.4088601968033134,0.6082458350324388,2.7760162333761773,2.321650921679878,0.21304849940085038,,False,2.321650921679878,0.06987788331071913,0.6707594978143228
seller,0b35c634521043bf4b47e21547b99ab5,47,8.0,5.702478427420294,0.1702127659574468,1.4028987749488193,0.6056721162049109,2.7642698557869543,2.297521572579706,0.2161731752833149,,False,2.297521572579706,0.07021709633649932,0.6719756593620663
seller,14d7985702e72162bbf13b6beb74ab2b,37,5.0,2.7248891057309086,0.13513513513513514,1.8349370583500604,0.5957990681910507,4.282130988296797,2.2751108942690914,0.14081809791108724,,False,2.2751108942690914,0.07055630936227951,0.6731799581244738
seller,406822777a0b9eb5c50e442dd4cd3ec5,44,6.0,3.73807326105212,0.13636363636363635,1.6051049781488866,0.5890452379392651,3.4936377942584675,2.26192673894788,0.17538725371478245,,False,2.26192673894788,0.0708955223880597,0.6743772780350037
seller,768a86e36ad6aae3d03ee3c6433d61df,14,3.0,0.7473034283871544,0.21428571428571427,4.01443361028687,0.8278727212998772,11.731878560578844,2.2526965716128458,0.04014799723649121,,False,2.2526965716128458,0.07123473541383989,0.6755697120829909
seller,382229d1e840115ffe3dbf5ff460e417,44,5.0,2.755659774932286,0.11363636363636363,1.814447503818886,0.5891461656068606,4.234315203011371,2.244340225067714,0.14548480308984688,,False,2.244340225067714,0.07157394843962007,0.6767577228134916
seller,36890be00bbfc1cdb9a4a38a6af05a69,13,3.0,0.7586281994315875,0.23076923076923078,3.954506307896003,0.8155142708366889,11.556745552447591,2.2413718005684125,0.041659953517155325,,False,2.2413718005684125,0.07191316146540028,0.6779441622491776
seller,4c498c7345e89aebad651544829beca0,43,6.0,3.7648738265743202,0.13953488372093023,1.593678905691093,0.5848520707251341,3.468768044851472,2.2351261734256798,0.17928420265366887,,False,2.2351261734256798,0.07225237449118047,0.6791272956477569
seller,aac29b1b99776be73c3049939652091d,91,8.0,5.781359186626516,0.08791208791208792,1.3837576496727033,0.597408336907683,2.726554208335099,2.218640813373484,0.22650644396831654,,False,2.218640813373484,0.07259158751696065,0.6803017027469902
seller,b64d51f0435e884e8de603b1655155ae,16,3.0,0.7814413901454609,0.1875,3.839059509557802,0.7917063655668906,11.219361017094762,2.218558609854539,0.04479141544009093,,False,2.218558609854539,0.07293080054274084,0.6814760663329176
seller,5acd070dd3fe441bbb2ec1f1ede515ee,7,3.0,0.7921267363762332,0.42857142857142855,3.7872727459297653,0.7810266899030072,11.068018117719697,2.2078732636237666,0.04629723166558968,,False,2.2078732636237666,0.07327001356852103,0.682644773777303
seller,9f50216bfd01913736a55a11b55ea842,15,3.0,0.7945276913409148,0.2,3.775828121153255,0.7786665331342648,11.034572067520896,2.2054723086590853,0.046638991484979714,,False,2.2054723086590853,0.07360922659430122,0.6838122103090928
seller,3a1a1fec38dd360f15fc912e821e169d,15,4.0,1.7959041226264942,0.26666666666666666,2.227290393515014,0.6068616692256411,5.7027480177647005,2.204095877373506,0.10805120733022154,,False,2.204095877373506,0.07394843962008141,0.6849789182458509
seller,eb4df17aed01d918c65f0f8d650900c0,11,3.0,0.796900565392322,0.2727272727272727,3.7645851067040845,0.7763479532619267,11.00171520825325,2.2030994346076778,0.046977979611251414,,False,2.2030994346076778,0.0742876526458616,0.6861450987292911
seller,cee48807215b30a12ca2ca10ffb5f250,38,6.0,3.797469131973212,0.15789473684210525,1.5799996764904118,0.5798320346969402,3.4389941217857434,2.202530868026788,0.18407005219538006,,False,2.202530868026788,0.07462686567164178,0.6873109782498061
seller,92eb0f42c21942b6552362b9b114707d,328,26.0,23.801287446750027,0.07926829268292683,1.0923778832623694,0.7135775009479771,1.6005866980244743,2.1987125532499725,0.35268086835705936,1.0,False,2.1987125532499725,0.07496607869742199,0.6884748365977394
seller,98dac6635aee4995d501a3972e047414,85,8.0,5.806625054858118,0.09411764705882353,1.377736624014804,0.5948088853883978,2.714690387491961,2.1933749451418816,0.22985338667284047,,False,2.1933749451418816,0.07530529172320218,0.6896358695559939
seller,1336efc61c316ddf92c899eb817f7cae,69,7.0,4.808638208389611,0.10144927536231885,1.4557135922155944,0.5852723639324036,2.9993263657347304,2.1913617916103894,0.21040432230978426,,False,2.1913617916103894,0.07564450474898236,0.6907958368790248
seller,e99e927c81e3f51739c94fcdfca9f10f,20,4.0,1.8123271512037955,0.2,2.2071070321619883,0.6013623825601285,5.651070596498519,2.1876728487962045,0.1106971186877771,,False,2.1876728487962045,0.07598371777476255,0.6919538515107486
seller,7ecd59e5e20407131822c1a68ac59c1f,24,4.0,1.8252947719616575,0.16666666666666666,2.1914268650981623,0.5970900647762436,5.610923141141189,2.1747052280383423,0.1128065757946276,,False,2.1747052280383423,0.07632293080054274,0.6931050019101973
seller,620c87c171fb2a6dd6e8bb4dec959fc6,713,72.0,69.83629885486872,0.10098176718092566,1.030982471588705,0.8066802882446976,1.2983517960063922,2.1637011451312844,0.4136371247487383,1.0,False,2.1637011451312844,0.07666214382632293,0.694250327449214
seller,e64d65bc8dbec2accda90c58de5d1246,12,4.0,1.858517405304435,0.3333333333333333,2.1522531823395963,0.5864165546772477,5.5106229547126935,2.1414825946955647,0.11829118688268588,,False,2.1414825946955647,0.07700135685210312,0.6953838919031514
seller,2379bdc3888025689a9deb7b141507d5,9,3.0,0.8648624803073176,0.3333333333333333,3.4687595638719224,0.7153416143983542,10.13718743658181,2.1351375196926825,0.05719654513099925,,False,2.1351375196926825,0.0773405698778833,0.6965140976786207
seller,c37b2059d4f90d4feead554e5246565e,9,3.0,0.8687630190862133,0.3333333333333333,3.4531856606367466,0.7121299011395952,10.0916738824403,2.1312369809137865,0.05781242063287186,,False,2.1312369809137865,0.0776797829036635,0.6976422387573599
seller,db2956745b3a8e9f3785c99f34b5d25e,44,5.0,2.903812266993906,0.11363636363636363,1.7218743982978337,0.5590879302259755,4.018280455644606,2.096187733006094,0.1688415431739434,,False,2.096187733006094,0.0780189959294437,0.6987518269972087
seller,d3dcf0604eabf0224fbd5948b5e02f69,9,3.0,0.9144580505502722,0.3333333333333333,3.280631624594217,0.6765451105420499,9.587397764683296,2.085541949449728,0.06525856016646044,,False,2.085541949449728,0.07835820895522388,0.6998557800374751
seller,e067ad2c1c0b48758eb1b5228bcf7a68,54,5.0,2.9206370614807002,0.09259259259259259,1.7119552668639724,0.5558672152490416,3.995132511742858,2.0793629385192998,0.17158231717594574,,False,2.0793629385192998,0.07869742198100407,0.7009564623030133
seller,9539213aa8e023c01937bef95dc006da,9,3.0,0.933524514917605,0.3333333333333333,3.2136274431580265,0.6627272374847133,9.391583112861415,2.066475485082395,0.0684891744867561,,False,2.066475485082395,0.07903663500678426,0.7020503227717488
seller,d32e3909cfb714fb2a6cb092c85b9c5f,10,3.0,0.951294373994798,0.3,3.153597962954425,0.6503477155000861,9.216151497801526,2.048705626005202,0.07156416906899683,,False,2.048705626005202,0.07937584803256445,0.7031347770091886
seller,099095b050cfe8eb1ddff5317587e96e,16,3.0,0.955718415210869,0.1875,3.138999889772012,0.6473372418581032,9.173489733174096,2.044281584789131,0.07233922576113046,,False,2.044281584789131,0.07971506105834464,0.7042168894410598
seller,02f623a8eb246f3c5f7c2f96462654e6,42,4.0,1.960070791083351,0.09523809523809523,2.040742619193442,0.5560336792856064,5.225111624536308,2.039929208916649,0.1357443076856248,,False,2.039929208916649,0.08005427408412483,0.7052966980024296
seller,ca4b77513ac2040591b0d8fae6958380,14,3.0,0.9842272431075885,0.21428571428571427,3.0480765707397333,0.6285866675892985,8.907773211052998,2.0157727568924115,0.07742316063770177,,False,2.0157727568924115,0.08039348710990502,0.7063637196770809
seller,adcf50477d6a1f5d91bb9d54c4903cb5,16,3.0,1.0009658939805766,0.1875,2.9971051142110285,0.6180751278500669,8.758812985003113,1.9990341060194234,0.0804791491160544,,False,1.9990341060194234,0.0807327001356852,0.7074218809763626
seller,a3e9a2c700480d9bb01fba070ba80a0e,123,12.0,10.027318311653298,0.0975609756097561,1.1967307336852107,0.6183682332609496,2.0904477544924798,1.972681688346702,0.30633514535736955,0.9519953748029023,False,1.972681688346702,0.0810719131614654,0.7084660929846144
seller,b87a7ea0c30fad2dd6781b74a0064859,9,3.0,1.0643103023341864,0.3333333333333333,2.818726825645271,0.5812892363615798,8.23751592981335,1.9356896976658136,0.09250270966975754,,False,1.9356896976658136,0.0814111261872456,0.709490723789722
seller,179d859f51292aac5c10806a356f7af9,17,3.0,1.073486267697892,0.17647058823529413,2.7946328614277913,0.5763204816977802,8.167103141937602,1.926513732302108,0.09430272578215775,,False,1.926513732302108,0.08175033921302578,0.7105104974233575
seller,961dff0a659b4561334372337dd897d9,3,2.0,0.08611344169652996,0.6666666666666666,23.225177865357487,2.812676787411751,83.89732805227186,1.91388655830347,0.003501622327373354,,False,1.91388655830347,0.08208955223880597,0.7115235870355426
seller,5b581417df4480f632484ba681e53944,11,3.0,1.1134749920637474,0.2727272727272727,2.6942679641504217,0.5556228270101838,7.873794321588489,1.8865250079362526,0.1023122851948217,,False,1.8865250079362526,0.08242876526458616,0.7125221931861401
seller,4a3ccda38b2129705f3fb522db62ca31,62,6.0,4.116886243056723,0.0967741935483871,1.4574121425189281,0.5348445702633695,3.1721726692215406,1.8831137569432768,0.23339461571741452,,False,1.8831137569432768,0.08276797829036635,0.7135189936377893
seller,e5bd51692380fd8cabb19b756b95e714,2,2.0,0.12969279160124317,1.0,15.421057526074788,1.8675616088877782,55.70616206594714,1.8703072083987569,0.007717130539159336,,False,1.8703072083987569,0.08310719131614654,0.7145090151185314
seller,411f3b52d857390502ee4e4d5ceabc2d,18,3.0,1.1378931125903802,0.16666666666666666,2.636451496899026,0.5436996814992688,7.704830069481557,1.8621068874096198,0.10733139124048761,,False,1.8621068874096198,0.08344640434192672,0.7154946958717759
seller,8c3b533c63cca56240f94f1e3a6b18ef,2,2.0,0.1498144301557771,1.0,13.34984886249208,1.6167286308275892,48.224244221412626,1.8501855698442229,0.010161881492894119,,False,1.8501855698442229,0.08378561736770691,0.7164740662389965
seller,e2aee0892199b1d92530e371abd825bf,36,5.0,3.1508454719866714,0.1388888888888889,1.586875663834888,0.5152542086092149,3.703238442844216,1.8491545280133286,0.21068836494615253,,False,1.8491545280133286,0.08412483039348712,0.7174528908383583
seller,3e8bd881d92466e63ba9e3e809cd3c50,8,3.0,1.1522530250240877,0.375,2.6035948136801683,0.5369238435131625,7.608808898166307,1.8477469749759123,0.11032700398934059,,False,1.8477469749759123,0.0844640434192673,0.7184309703688161
seller,d93919c944be9cff128f6c9cb899eacb,33,6.0,4.152498855102136,0.18181818181818182,1.4449131015720467,0.5302576425241885,3.1449675191295072,1.8475011448978638,0.23913523604429424,,False,1.8475011448978638,0.08480325644504749,0.719408919772492
seller,1352e06ae67b410cdae0b2a22361167b,2,2.0,0.15408496763389895,1.0,12.97985151122553,1.5719202350708648,46.88768657101964,1.845915032366101,0.010719307788380672,,False,1.845915032366101,0.08514246947082768,0.7203860295892432
seller,5abb8ea023c77787f2c15da891c8d384,13,3.0,1.1555879923373509,0.23076923076923078,2.5960809734030272,0.5353743090080434,7.5868502683289325,1.8444120076626491,0.11102728422098762,,False,1.8444120076626491,0.08548168249660787,0.7213623438004727
seller,89bc797e2e29667aa035d4368f9b7f92,16,3.0,1.1707710701718688,0.1875,2.562413845398145,0.528431337823184,7.488460633431343,1.8292289298281312,0.1142369282281566,,False,1.8292289298281312,0.08582089552238806,0.722330621057595
seller,5b97c06a046398e7005b2b7c0d707a92,3,2.0,0.18099646231481653,0.6666666666666666,11.049939730431285,1.3381989650310284,39.91618164976996,1.8190035376851834,0.014531307078050516,,False,1.8190035376851834,0.08616010854816825,0.7232934856435664
seller,951e8cef368f09bb3f3d03c00ca4702c,60,5.0,3.1877420378062453,0.08333333333333333,1.5685083487624119,0.5092903914005786,3.6603752565099765,1.8122579621937547,0.21720779719490974,,False,1.8122579621937547,0.08649932157394843,0.7242527795516264
seller,9da1ca0bef29ee170e541927a5aeabdc,6,2.0,0.18840822679732033,0.3333333333333333,10.615247720321124,1.2855557459522244,38.34592464741945,1.8115917732026796,0.015669377247137007,,False,1.8115917732026796,0.08683853459972862,0.7252117208216767
seller,44f091b5abab8018f682fce8124b85e5,3,2.0,0.19236403227717455,0.6666666666666666,10.396954026822586,1.2591193669457352,37.557372769739054,1.8076359677228255,0.01629194109212839,,False,1.8076359677228255,0.08717774762550883,0.7261685681403264
seller,a435b009cd956ea60748b5cfbddf2e24,3,2.0,0.19932183082515742,0.6666666666666666,10.034023828299945,1.2151668361727417,36.246344104983486,1.8006781691748426,0.017412199409311227,,False,1.8006781691748426,0.08751696065128901,0.7271217324436992
seller,8d92f3ea807b89465643c219455e7369,3,2.0,0.20016716259278286,0.6666666666666666,9.99164885035999,1.2100350297551652,36.09327111471205,1.7998328374072172,0.0175504776875959,,False,1.7998328374072172,0.0878561736770692,0.7280744492822893
seller,67883baaae6134ee81b271a542613728,18,3.0,1.202545732997799,0.16666666666666666,2.4947076170827764,0.5144686858214761,7.290594302710289,1.797454267002201,0.1210654363567436,,False,1.797454267002201,0.08819538670284939,0.7290259070572433
seller,323ce52b5b81df2cd804b017b7f09aa7,29,5.0,3.2150413540311495,0.1724137931034483,1.5551899491839496,0.50496594330982,3.6292945547006545,1.7849586459688505,0.22207124894767682,,False,1.7849586459688505,0.08853459972862958,0.7299707504465057
seller,c8467937e403e76a8ee9f0ab13f6f5ef,30,4.0,2.2213106633756614,0.13333333333333333,1.8007386656674649,0.49064067966526037,4.610606181415367,1.7786893366243386,0.1848541608633294,,False,1.7786893366243386,0.08887381275440977,0.7309122752628125
seller,86bb7c4b535e49a541baf3266b1c95b1,16,3.0,1.2273170820593022,0.1875,2.4443561031240044,0.5040849931441824,7.1434458119264574,1.7726829179406978,0.1264901243852374,,False,1.7726829179406978,0.08921302578018996,0.7318506206637311
seller,d8dd176509baa37f359644d082bf7f7b,2,2.0,0.2298138096577398,1.0,8.702697209443537,1.0539370062429483,31.437134602501217,1.7701861903422602,0.02268965459566233,,False,1.7701861903422602,0.08955223880597014,0.732787644456123
seller,4e85b538b0dad58852641540686d0e14,4,2.0,0.230073229784721,0.5,8.692884443233119,1.0527486347307755,31.40168751698789,1.769926770215279,0.022737052771875352,,False,1.769926770215279,0.08989145183175033,0.733724530928027
seller,77a515caa36327151d1cc6c32a9f00e1,24,3.0,1.2363573973068007,0.125,2.4264828329858354,0.5003990951510265,7.091212531942925,1.7636426026931993,0.12849127025919957,,False,1.7636426026931993,0.09023066485753053,0.734658090962003
seller,685b870da5b52a710782c9c0fefbeb5b,2,2.0,0.24554546554082712,1.0,8.145131068068768,0.9864131598214857,29.423013989735857,1.7544545344591729,0.02563753766078057,,False,1.7544545344591729,0.09056987788331072,0.7355867874180183
seller,5275ca25d0358ca73864e0ae41be1320,4,2.0,0.2512799699687709,0.5,7.959249598161605,0.9639020514610329,28.751546208087518,1.7487200300312291,0.02674870956089356,,False,1.7487200300312291,0.09090909090909091,0.736512448392729
seller,17eea220a40cc0d2c0c5346379682398,3,2.0,0.26182066469752047,0.6666666666666666,7.63881644831429,0.9250961104379888,27.594031495071597,1.7381793353024795,0.02884094108551403,,False,1.7381793353024795,0.0912483039348711,0.7374325297951873
seller,dd4d95ba2d15c071e6c695e2ef6ce169,4,2.0,0.2792919233260967,0.5,7.160966118110163,0.8672262185726202,25.867871801249805,1.7207080766739034,0.03244710463354042,,False,1.7207080766739034,0.09158751696065129,0.7383433630264038
seller,be1e9e378700cecaa4ebf71433d7915c,2,2.0,0.28059421474708124,1.0,7.127730704650261,0.8632012558145036,25.747814060372075,1.7194057852529188,0.03272265435756465,,False,1.7194057852529188,0.09192672998643148,0.7392535069075098
seller,c522be04e020c1e7b79f3acff36513d5,5,2.0,0.28560691764284657,0.4,7.002631506639534,0.8480511625662002,25.29591274381695,1.7143930823571534,0.03379185923518629,,False,1.7143930823571534,0.09226594301221167,0.7401609973830571
seller,d8d9567d0bfb0bc7eb845a205ba42657,3,2.0,0.28888642101660045,0.6666666666666666,6.923136064900305,0.8384238957706039,25.00874787503011,1.7111135789833996,0.03449868485029432,,False,1.7111135789833996,0.09260515603799185,0.7410667518984521
seller,05e107217c7266362fd44b75b2cd4cc4,5,2.0,0.2912402289850319,0.4,6.867183173732461,0.8316477410694977,24.8066267936332,1.708759771014968,0.03500953127389935,,False,1.708759771014968,0.09294436906377204,0.7419712604578672
seller,7901646fdd36a55f564ffaf2dbccaaf7,22,3.0,1.2924213860060234,0.13636363636363635,2.321224356454605,0.4786922667749155,6.783602596391471,1.7075786139939766,0.1411458126828539,,False,1.7075786139939766,0.09328358208955224,0.7428751437880059
seller,397c4d0c005b6f41f90098ac724e28cb,5,2.0,0.2980427963198368,0.4,6.710445696710456,0.8126661054543471,24.240437134977675,1.7019572036801631,0.03650232827870634,,False,1.7019572036801631,0.09362279511533243,0.7437760515016587
seller,31be790e64fc99f8ff48ec2bd18a3104,6,2.0,0.3026493036027073,0.3333333333333333,6.608308613937644,0.8002968308888531,23.871482873814657,1.6973506963972926,0.03752692481082525,,False,1.6973506963972926,0.09396200814111262,0.744674520823832
seller,70125af26c2d6d4ef401a1d02ae7701f,5,2.0,0.3065143814685057,0.4,6.5249793188105265,0.7902052666616949,23.57046880838215,1.6934856185314944,0.038395050362268694,,False,1.6934856185314944,0.09430122116689281,0.7455709442200232
seller,57c764b4a836300be881e2ff86e449f9,27,4.0,2.3083081689649307,0.14814814814814814,1.7328708765059049,0.4721489913173213,4.4368376861899375,1.6916918310350693,0.20234419420345118,,False,1.6916918310350693,0.094640434192673,0.7464664180993944
seller,55c96925041a14097b6a7825554f4ad5,4,2.0,0.3183401590363035,0.5,6.282587801848525,0.7608505294374232,22.69486730670401,1.6816598409636965,0.041098258781120715,,False,1.6816598409636965,0.09497964721845319,0.7473565816823496
seller,2ba91c7ad80ff88b23b7db823b43c233,6,2.0,0.3201142532334745,0.3333333333333333,6.247769287990139,0.7566338458766169,22.569090862863433,1.6798857467665256,0.04150982304543697,,False,1.6798857467665256,0.09531886024423337,0.7482458061728626
seller,fcf16b7a8697e559f0123190bb30177d,3,2.0,0.3207081948063634,0.6666666666666666,6.236198614156262,0.7552325835958313,22.527293610585996,1.6792918051936365,0.041647956408594616,,False,1.6792918051936365,0.09565807327001356,0.7491347162685463
seller,76c47a299e4a8fe992316a85865acbe9,6,2.0,0.32135451937726134,0.3333333333333333,6.223656053992056,0.753713621371598,22.481985570715985,1.6786454806227387,0.04179847007492316,,False,1.6786454806227387,0.09599728629579375,0.7500232842411789
seller,81336a0f57a33776419727a300249e90,15,3.0,1.3270390242430379,0.2,2.260672026364291,0.4662049205738323,6.606642992087819,1.6729609757569621,0.14915896255598424,,False,1.6729609757569621,0.09633649932157395,0.7509088431990897
seller,85cc55e048b6bcc90c75afe7f0e72f72,8,2.0,0.32944036058572335,0.25,6.070901563014718,0.7352143438446122,21.93018382713927,1.6705596394142765,0.04369873844179878,,False,1.6705596394142765,0.09667571234735414,0.7517931310425273
seller,eebb3372362aa9a46975164bed19a7e7,4,2.0,0.33100349002484225,0.5,6.042232363924312,0.7317423708305519,21.826620822583283,1.6689965099751578,0.044069749679262,,False,1.6689965099751578,0.09701492537313433,0.7526765914648252
seller,b74d1c09cb380e1d03a6f859c6f4224b,28,4.0,2.334917700936267,0.14285714285714285,1.713122478961918,0.46676821765037163,4.386273945028971,1.6650822990637328,0.2077890415160321,,False,1.6650822990637328,0.09735413839891452,0.7535579799532371
seller,2bf28e311bba65237358230cabac3f15,6,2.0,0.3358757541643573,0.3333333333333333,5.954582833690702,0.7211276060892519,21.510000582503,1.6641242458356427,0.045233701207133784,,False,1.6641242458356427,0.09769335142469471,0.7544388613093066
seller,863d2ebcd347ce4922de7a0f9a5581d6,16,3.0,1.3362351836529518,0.1875,2.2451137619342636,0.46299643241266686,6.561175141171382,1.6637648163470482,0.15131186466770744,,False,1.6637648163470482,0.0980325644504749,0.7553195524063038
seller,fa74b2f3287d296e9fbd2cc80f2d1cf1,5,2.0,0.3389371423455603,0.4,5.90079914570389,0.714614151956892,21.315715408841484,1.6610628576544397,0.04597081949328334,,False,1.6610628576544397,0.09837177747625508,0.7561988132585082
seller,bcc9dd23e2a8bd8267cf92b19304a1b9,3,2.0,0.3446279291939563,0.6666666666666666,5.803360176517794,0.7028138407425761,20.963732349324225,1.6553720708060438,0.04735274640454607,,False,1.6553720708060438,0.09871099050203527,0.7570750617707094
seller,4c18691b6037662be2df78a765d98ab5,61,5.0,3.3497189346632776,0.08196721311475409,1.4926625479706443,0.484663466333965,3.483376458417877,1.6502810653367224,0.2465175879244344,,False,1.6502810653367224,0.09905020352781546,0.7579486154289579
seller,ab3e0c171fe84a7ba7de130f19cfb485,6,2.0,0.3500168072304172,0.3333333333333333,5.714011323700217,0.6919932801527381,20.64097357178601,1.6499831927695827,0.04867522429371487,,False,1.6499831927695827,0.09938941655359566,0.7588220114124464
seller,e96498ed8daaa3e9c23f7a62da76591c,34,5.0,3.3528792283622626,0.14705882352941177,1.491255622243896,0.4842066413801084,3.4800931630997485,1.6471207716377374,0.24709958150940045,,False,1.6471207716377374,0.09972862957937585,0.7596938922125498
seller,d17f467e4bf608a510c20d82f4ba3b6b,11,2.0,0.36125358631660404,0.18181818181818182,5.536277218427922,0.6704688554474083,19.99893687253866,1.638746413683396,0.05147540210910108,,False,1.638746413683396,0.10006784260515604,0.7605613401610739
seller,7a241947449cc45dbfda4f9d0798d9d0,55,4.0,2.361971804573008,0.07272727272727272,1.6935003170891414,0.46142183895516414,4.336033417323178,1.6380281954269922,0.21336731959781913,,False,1.6380281954269922,0.10040705563093623,0.7614284079306102
seller,a17f621c590ea0fab3d5d883e1630ec6,59,5.0,3.3869247991289457,0.0847457627118644,1.4762654314869663,0.47933936724427756,3.4451110583628988,1.6130752008710543,0.2533914837544598,,False,1.6130752008710543,0.10074626865671642,0.7622822671745586
seller,e3a386fc36e22064434e1fa256f6a9fa,16,3.0,1.3927219617032978,0.1875,2.154055211659765,0.44421797021062687,6.295063415974252,1.6072780382967022,0.1647461706341407,,False,1.6072780382967022,0.1010854816824966,0.7631330577699714
seller,7daca0837f033a41a6f3428c18657533,7,2.0,0.3968579741007923,0.2857142857142857,5.039586276505177,0.610317278096193,18.20471841114893,1.6031420258992077,0.06071146120931226,,False,1.6031420258992077,0.1014246947082768,0.7639816590239223
seller,2dcf93836ae3ce0d7c93e2f10876467a,9,2.0,0.4002868227222827,0.2222222222222222,4.996417284981653,0.6050893129500012,18.04877717080489,1.5997131772777173,0.061628857297670335,,False,1.5997131772777173,0.10176390773405698,0.7648284452638614
seller,700f03c207639c22d933381ff60b35c2,4,2.0,0.4035115636362112,0.5,4.956487447291881,0.6002536243603926,17.904536867839134,1.5964884363637888,0.06249595615110954,,False,1.5964884363637888,0.10210312075983717,0.7656735245314057
seller,c8417879a15366a17c30af34c798c332,24,3.0,1.4094494418491879,0.125,2.1284906793563456,0.4389459490536304,6.220353004106144,1.5905505581508121,0.16879045707317789,,False,1.5905505581508121,0.10244233378561737,0.7665154606645204
seller,d1ef48b38baca7e831711c4a0aeb398f,27,3.0,1.4143837581415197,0.1111111111111111,2.121065080627027,0.4374146120770842,6.198652253517388,1.5856162418584803,0.16998892695261703,,False,1.5856162418584803,0.10278154681139756,0.7673547848849501
seller,08d2d642cf72b622b14dde1d2f5eb2f5,16,3.0,1.434024970603007,0.1875,2.092013780442401,0.4314235355577176,6.113752026267498,1.565975029396993,0.17478353470927557,,False,1.565975029396993,0.10312075983717775,0.7681837122988244
seller,ef506c96320abeedfb894c34db06f478,312,27.0,25.44221286011192,0.08653846153846154,1.0612284453578473,0.6993562324785337,1.5440316713468973,1.557787139888081,0.4046825654957845,1.0,False,1.557787139888081,0.10345997286295794,0.7690083055656349
seller,579891617139df7d8671d373f0669622,7,2.0,0.44891663429098994,0.2857142857142857,4.455170174655614,0.5395417768969635,16.093606509223008,1.55108336570901,0.07512853314677201,,False,1.55108336570901,0.10379918588873813,0.7698293502814858
seller,12c2ed9cded6138cf0c75f525f565fc7,4,2.0,0.44910866479954076,0.5,4.4532652267858115,0.5393110788723591,16.086725182531698,1.5508913352004592,0.07518356638776312,,False,1.5508913352004592,0.10413839891451832,0.7706502933486196
seller,1a932caad4f9d804097d7f8e615baed1,19,3.0,1.457529232917808,0.15789473684210525,2.0582777567996633,0.4244663564360147,6.015161049079776,1.542470767082192,0.1805700645937208,,False,1.542470767082192,0.1044776119402985,0.7714667791034574
seller,4aba391bc3b88717ce08eb11e44937b2,26,4.0,2.457821000991623,0.15384615384615385,1.6274578166539286,0.44342748035215424,4.166938386185024,1.5421789990083772,0.2334467658102516,,False,1.5421789990083772,0.10481682496607869,0.7722831104148652
seller,8bd0e3abda539b9479c4b44a691be1ec,6,2.0,0.4626585706616601,0.3333333333333333,4.322842214161834,0.523516246975767,15.61559241708577,1.5373414293383398,0.07909910283707505,,False,1.5373414293383398,0.10515603799185888,0.7730968810250862
seller,20b54c376b794ed028df09a3cd88e8dc,7,2.0,0.47085839604376345,0.2857142857142857,4.247561510645999,0.5143994045323408,15.343652631931551,1.5291416039562367,0.08149894231683728,,False,1.5291416039562367,0.10549525101763908,0.7739063111701527
seller,13d058e4eeac2ce8217660b2f8a05812,22,3.0,1.4728020140125047,0.13636363636363635,2.0369336621334417,0.4200646909832027,5.9527845469580445,1.5271979859874953,0.18435749670445087,,False,1.5271979859874953,0.10583446404341927,0.7747147124876924
seller,99eaacc9e6046db1c82b163c5f84869f,63,7.0,5.474905780252818,0.1111111111111111,1.278560815648732,0.5140477598118419,2.6343239391850086,1.5250942197471824,0.31002585979372704,,False,1.5250942197471824,0.10617367706919946,0.7755220002054133
seller,79565f7d5603b24ddf07ade262547f2f,7,2.0,0.4810400840001252,0.2857142857142857,4.1576576807671595,0.5035116336456942,15.018889086428148,1.5189599159998748,0.08450967560908718,,False,1.5189599159998748,0.10651289009497965,0.7763260408135407
seller,be8e909810184b9b19e886129149d8e5,15,3.0,1.482612741103031,0.2,2.0234548893516635,0.41728504399289257,5.9133938530837575,1.517387258896969,0.18680141422453944,,False,1.517387258896969,0.10685210312075984,0.7771292489571902
seller,08cdbae123ff67ca4e36d9d641ce0119,4,2.0,0.4851613800316955,0.5,4.122339663287586,0.49923445787902887,14.89130826376158,1.5148386199683044,0.08573785713144229,,False,1.5148386199683044,0.10719131614654002,0.7779311080137621
seller,83b08de96980757220871b31bf6cffca,5,2.0,0.48522821894479357,0.4,4.121771821822977,0.4991656896432937,14.88925702514829,1.5147717810552064,0.0857578202364845,,False,1.5147717810552064,0.10753052917232021,0.7787329316900716
seller,91f0eec23d4a61d7d7caeefa3f0ad1ca,11,3.0,1.4890613886559136,0.2727272727272727,2.014691954848094,0.4154779162288531,5.887784839855404,1.5109386113440864,0.18841239215763017,,False,1.5109386113440864,0.1078697421981004,0.7795327263305435
seller,c9aafcd0621b2207c10e32c649cada4d,39,4.0,2.4892303015124826,0.10256410256410256,1.6069224280170291,0.4378322780998251,4.114359635257853,1.5107696984875174,0.24012420257756448,,False,1.5107696984875174,0.10820895522388059,0.7803324315593103
seller,3fac58ce0ad699020c7944d53c41329c,9,2.0,0.49830356374908624,0.2222222222222222,4.013617693103781,0.48606772289897987,14.498567125162785,1.5016964362509138,0.08968997725568863,,False,1.5016964362509138,0.10854816824966079,0.7811273339810976
seller,6e4a902d1054e4e17aa6eab87fac1c75,7,2.0,0.5010760541863992,0.2857142857142857,3.9914100530056547,0.4833782746558144,14.418345493389696,1.4989239458136008,0.09053051574433113,,False,1.4989239458136008,0.10888738127544098,0.7819207688230798
seller,2709af9587499e95e803a6498a5a56e9,24,3.0,1.5057342326282157,0.125,1.9923834731203438,0.4108773709791581,5.8225899894958895,1.4942657673717843,0.19259395426260184,,False,1.4942657673717843,0.10922659430122117,0.7827117379221628
seller,ec4608a1f76453166bb312b2968aeaf4,15,3.0,1.51113428405867,0.2,1.9852636735515456,0.4094090971412183,5.801782913822061,1.48886571594133,0.19395325512464787,,False,1.48886571594133,0.10956580732700136,0.7834998485780503
seller,9449f25aeaf531019b76999ea49a6949,9,2.0,0.5124621291579018,0.2222222222222222,3.9027274138022254,0.47263839562539567,14.09799330849258,1.487537870842098,0.0940065994454387,,False,1.487537870842098,0.10990502035278155,0.784287256357338
seller,9c068d10aca38e85c50202e17b4a7e88,15,3.0,1.51653411535822,0.2,1.9781948652644528,0.4079513389314457,5.781124856311861,1.48346588464178,0.19531487717371313,,False,1.48346588464178,0.11024423337856173,0.7850725086865533
seller,2953ce3a88f5e3c3b696d77fc9e4c8eb,14,3.0,1.5166276694828111,0.21428571428571427,1.978072839079243,0.4079261741984282,5.780768244016063,1.4833723305171889,0.195338488554787,,False,1.4833723305171889,0.11058344640434192,0.7858577114941753
seller,f1b93673502375d491780bb49d615dbc,8,2.0,0.5238452585661628,0.25,3.8179213561544447,0.46236798860588224,13.791644669074476,1.4761547414338372,0.09751963282170614,,False,1.4761547414338372,0.11092265943012211,0.7866390937699619
seller,8a40ae794fa3f9892cee24bd5af0488b,5,2.0,0.5311355119372523,0.4,3.765517377486666,0.4560216236729043,13.602343479864091,1.4688644880627477,0.09978880955571443,,False,1.4688644880627477,0.1112618724559023,0.7874166170500685
seller,35857757f553273b1056c1cabdace7fb,6,2.0,0.5528210217858472,0.3333333333333333,3.61780742986066,0.43813326374877337,13.068764361357212,1.4471789782141529,0.1066239972539528,,False,1.4471789782141529,0.1116010854816825,0.7881826614028233
seller,3c7c4a49ec3c6550809089c6a2ca9370,136,11.0,9.570479590729057,0.08088235294117647,1.1493676879741452,0.5737602086896602,2.0565362818774497,1.4295204092709426,0.3633913311269735,1.0,False,1.4295204092709426,0.11194029850746269,0.788939358434189
seller,2646baaf662d4d92ac48f047e35db92d,13,2.0,0.5794527271082657,0.15384615384615385,3.4515326383584655,0.417996615103876,12.468122643547574,1.4205472728917343,0.11518289408916768,,False,1.4205472728917343,0.11227951153324288,0.7896913056588252
seller,3ab971ce71839580d2ae5b4e40fe8044,34,3.0,1.5814503937918298,0.08823529411764706,1.8969927933097706,0.39120551951820415,5.543817943426673,1.4185496062081702,0.2118590943543296,,False,1.4185496062081702,0.11261872455902307,0.7904421954459884
seller,f08c008c8a8d31417763738a1788a2a8,17,3.0,1.5980274025919257,0.17647058823529413,1.8773144910620059,0.3871473805093355,5.486309593641646,1.4019725974080743,0.21613186261409575,,False,1.4019725974080743,0.11295793758480326,0.7911843104207973
seller,6fc26fe110feebd80a433e1f012a84f9,35,4.0,2.5998683698550797,0.11428571428571428,1.538539430064671,0.41920021269656643,3.9392720009030975,1.4001316301449203,0.26396971686187665,,False,1.4001316301449203,0.11329715061058344,0.7919254509048231
seller,cb5df0dcb9e280b1780e9d589889f2c7,11,2.0,0.6015582525380071,0.18181818181818182,3.3246987994294663,0.40263644879289884,12.00995520756736,1.3984417474619928,0.12241476055975932,,False,1.3984417474619928,0.11363636363636363,0.7926656968726173
seller,06df0c10d34e459d9672bc77388742eb,26,3.0,1.6030662229883594,0.11538461538461539,1.871413642792338,0.3859304837340421,5.469064810933881,1.3969337770116406,0.21743420946999784,,False,1.3969337770116406,0.11397557666214382,0.7934051446169265
seller,f22a247b79dd22ecd91dc8e3b2a1b07c,8,2.0,0.6044860470136709,0.25,3.3085958061076113,0.40068630159545643,11.951785658934437,1.3955139529863292,0.12338077651644422,,False,1.3955139529863292,0.11431478968792401,0.7941438407968522
seller,2e1a7d075abe038c1b2743005fe42ff1,17,3.0,1.6112269176527576,0.17647058823529413,1.8619351297645976,0.3839757864751202,5.441364573597445,1.3887730823472424,0.21954688283279652,,False,1.3887730823472424,0.11465400271370421,0.7948789687893155
seller,f8201cab383e484733266d1906e2fdfa,10,2.0,0.6136847031698228,0.2,3.259002529588141,0.3946803257322503,11.772637692298316,1.386315296830177,0.1264278059047647,,False,1.386315296830177,0.1149932157394844,0.7956127957867093
seller,3ade81dab5a172b88e1871c28ae05260,28,4.0,2.6167393734960753,0.14285714285714285,1.5286199460727452,0.4164974871648063,3.9138741821737084,1.3832606265039247,0.26764499400081715,,False,1.3832606265039247,0.11533242876526459,0.7963450058362422
seller,2c3d56f92f360fb89d849b84e8f50eae,7,2.0,0.630074823517891,0.2857142857142857,3.1742261797311917,0.3844135164640291,11.46639636763524,1.369925176482109,0.13190047065738503,,False,1.369925176482109,0.11567164179104478,0.7970701569481218
seller,ecccfa2bb93b34a3bf033cc5d1dcdc69,12,2.0,0.6305939534378372,0.16666666666666666,3.1716130310107014,0.3840970520308701,11.456956775967813,1.3694060465621627,0.13207468997321983,,False,1.3694060465621627,0.11601085481682497,0.7977950332656949
seller,656591be56071d4c9ef4e5fee78a578a,7,2.0,0.6325462107907092,0.2857142857142857,3.161824331379547,0.3829115950930973,11.421596627213685,1.3674537892092908,0.13273033846299,,False,1.3674537892092908,0.11635006784260515,0.7985188761826018
seller,f35b3c613c4f7b2275f4185d0a3c59ec,9,2.0,0.6465859027877933,0.2222222222222222,3.0931698191638297,0.37459721515681893,11.173592923344435,1.3534140972122066,0.13746703312983027,,False,1.3534140972122066,0.11668928086838534,0.79923528738102
seller,a67780aba9dd436e7ac0aa1f889e73ec,6,2.0,0.6487440799859252,0.3333333333333333,3.0828797698522212,0.3733510424468457,11.13642172716351,1.3512559200140748,0.1381984416487927,,False,1.3512559200140748,0.11702849389416553,0.7999505561779249
seller,04e38a233f726ef161074ab1c9b0399a,19,3.0,1.6490918165803814,0.15789473684210525,1.819183122393338,0.375159294755645,5.316425065962955,1.3509081834196186,0.229402402418014,,False,1.3509081834196186,0.11736770691994572,0.8006656409052304
seller,42b729f859728f5079499127a9c2ef37,99,8.0,6.649712237488687,0.08080808080808081,1.2030595782624813,0.5193957352435551,2.3705069719146823,1.3502877625113134,0.3492483069891543,,False,1.3502877625113134,0.11770691994572592,0.8013803972212336
seller,6cf476a4ca74498db55cbccdaa9dcfb6,5,2.0,0.6510484561109192,0.4,3.0719679637167587,0.3720295721010047,11.097004531553775,1.348951543889081,0.1389803409903721,,False,1.348951543889081,0.11804613297150611,0.8020944462282273
seller,e1b12447a7563944843191754aeb5562,8,2.0,0.6719409927853772,0.25,2.9764518335299934,0.36046212561008073,10.751967427639256,1.3280590072146228,0.1461124515416506,,False,1.3280590072146228,0.1183853459972863,0.8027974360573481
seller,6ee85be3693ed79a8e80718743d80655,5,2.0,0.6794687482095637,0.4,2.9434760690173114,0.35646860754405457,10.632847628034986,1.3205312517904364,0.14870045971430557,,False,1.3205312517904364,0.11872455902306649,0.8034964411723329
seller,b5abf4f36adc043117b4fca82c22984c,8,2.0,0.687828858035946,0.25,2.907700042872409,0.35213596480319115,10.50361232059036,1.312171141964054,0.1515854058080416,,False,1.312171141964054,0.11906377204884667,0.8041910209777897
seller,d5ba419e26d246a0719437cf37d9b46d,33,4.0,2.6923082389187667,0.12121212121212122,1.4857139840742766,0.4048070565887418,3.8040178785460035,1.3076917610812333,0.28421277095119146,,False,1.3076917610812333,0.11940298507462686,0.8048832296843841
seller,bbaff50f3b708fda865918715276cd87,12,2.0,0.6965237440605465,0.16666666666666666,2.871402471279065,0.34774016048893025,10.37249301166098,1.3034762559394535,0.15459750789014715,,False,1.3034762559394535,0.11974219810040705,0.8055732069711219
seller,082e0bf4cb865a6533b1e8e498cc0255,11,2.0,0.7020793321598129,0.18181818181818182,2.84868092306233,0.34498847558844165,10.29041496706446,1.2979206678401871,0.1565281006998745,,False,1.2979206678401871,0.12008141112618724,0.8062602434834609
seller,0d85bbda9889ce1f7e63778d24f346eb,51,6.0,4.7035460827992726,0.11764705882352941,1.2756332975968536,0.4681349379233494,2.77651665203766,1.2964539172007274,0.33217799868294656,,False,1.2964539172007274,0.12042062415196743,0.8069465035914567
seller,8e8a7ce9f2f970dc00e2acf6f6e199f6,62,6.0,4.710830427975547,0.0967741935483871,1.2736607890550766,0.46741106205283267,2.7722233313609044,1.289169572024453,0.33344480730580434,,False,1.289169572024453,0.12075983717774763,0.8076289078311943
seller,5eeb9c756d9780b96283e5a2ac6da334,9,2.0,0.712399743019973,0.2222222222222222,2.8074125792377322,0.33999068769621155,10.141339519715979,1.287600256980027,0.160126503424961,,False,1.287600256980027,0.12109905020352782,0.8083104813755271
seller,a066df7361163e7ddc5d7452dd17448b,15,3.0,1.7134311348018765,0.2,1.7508728183271218,0.3610720678115483,5.116793369554406,1.2865688651981235,0.2463264442782448,,False,1.2865688651981235,0.12143826322930801,0.8089915089667593
seller,681fce914360217db47784ae28905a96,21,3.0,1.7138437640396058,0.14285714285714285,1.7504512738832545,0.3609851352128876,5.115561437804267,1.2861562359603942,0.24643562465805458,,False,1.2861562359603942,0.1217774762550882,0.8096723181383612
seller,d5b9a084373da994a6e37f732169a853,7,2.0,0.7163071107777538,0.2857142857142857,2.7920984866790377,0.3381360800411131,10.086019751890387,1.2836928892222463,0.16149283835889622,,False,1.2836928892222463,0.12211668928086838,0.8103518233711373
seller,7586919161935337bf6b6d7ff5779648,11,2.0,0.7167328287576388,0.18181818181818182,2.790440063233513,0.33793523726798264,10.080028956183014,1.2832671712423611,0.16164183264603593,,False,1.2832671712423611,0.12245590230664857,0.811031103255937
seller,4091f77d8c768fc3e81c20761471761d,8,2.0,0.7205617093398684,0.25,2.7756123786153855,0.33613953587106554,10.02646626108227,1.2794382906601316,0.16298299879911132,,False,1.2794382906601316,0.12279511533242876,0.8117083563752905
seller,cfe94489ddd337d1e29e12f2a7205d10,20,2.0,0.7212017672280938,0.1,2.7731490560358845,0.3358412160786646,10.017567892951398,1.2787982327719063,0.16320739128198813,,False,1.2787982327719063,0.12313432835820895,0.8123852706887754
seller,5b35136197710e16ac5e7b7c2bd4ea85,7,2.0,0.7238956210704557,0.2857142857142857,2.7628292557461718,0.33459144038722005,9.980289226008168,1.2761043789295443,0.16415241347248594,,False,1.2761043789295443,0.12347354138398914,0.813060759047659
seller,f62d7bb4a613ec758a03342d46b580b2,32,4.0,2.7267935434346695,0.125,1.4669244063713014,0.3996875290578583,3.7559090969914015,1.2732064565653305,0.29182344645472247,,False,1.2732064565653305,0.12381275440976934,0.8137347134310664
seller,e3dd723429d1b23614b7fa85e2c7a853,7,2.0,0.7341005265195018,0.2857142857142857,2.724422511290583,0.3299402054543147,9.841550859495307,1.2658994734804982,0.16774107285847004,,False,1.2658994734804982,0.12415196743554953,0.8144047999631494
seller,327b89b872c14d1c0be7235ef4871685,3,2.0,0.735106525839612,0.6666666666666666,2.720694116700532,0.329488679572423,9.828082616287734,1.264893474160388,0.1680955729947978,,False,1.264893474160388,0.12449118046132972,0.8150743539832834
seller,1976a05ecf2996d6ffb7b5430e635fe7,8,2.0,0.7395851110464677,0.25,2.704218852067103,0.3274934485920811,9.768568295677921,1.2604148889535323,0.16967531520015028,,False,1.2604148889535323,0.1248303934871099,0.8157415373257353
seller,c7fdb77fdbff3c41981bc52f787e959e,8,2.0,0.7401453365004684,0.25,2.7021719942955205,0.3272455646200126,9.761174341627953,1.2598546634995316,0.16987310143266082,,False,1.2598546634995316,0.1251696065128901,0.8164084241205231
seller,6f229cc508fc6915ed5c499efd93baa4,13,2.0,0.7602536545928564,0.15384615384615385,2.6307009350334174,0.31859008776968906,9.50299630140291,1.2397463454071436,0.17699724763200128,,False,1.2397463454071436,0.1255088195386703,0.8170646668527934
seller,6f892e20a171e98efe17fdb971ff319b,41,4.0,2.7645562170992126,0.0975609756097561,1.4468868367585996,0.3942279657347306,3.7046049604843865,1.2354437829007874,0.30018750991843174,,False,1.2354437829007874,0.12584803256445048,0.8177186320825848
seller,2156f2671501a81034d7d07f217609d0,20,3.0,1.770567255655766,0.15,1.6943722360260687,0.3494202894125383,4.9516746916768115,1.229432744344234,0.26151087026340775,,False,1.229432744344234,0.12618724559023067,0.8183694154515215
seller,7b1222c3624aa89b9558b50a2594188c,22,3.0,1.7706812782877348,0.13636363636363635,1.6942631272981141,0.34939778856975495,4.951355829672722,1.2293187217122652,0.26154129603083365,,False,1.2293187217122652,0.12652645861601086,0.8190201384641411
seller,0249d282d911d23cb8b869ab49c99f53,10,2.0,0.7715661239130924,0.2,2.592130392994387,0.31391901618952744,9.363666241699503,1.2284338760869076,0.18102535392035848,,False,1.2284338760869076,0.12686567164179105,0.8196703930958593
seller,ccb83a794700270fde70898fe9ff368b,12,2.0,0.7805661245102947,0.16666666666666666,2.562242886539233,0.31029950050153704,9.25570229204672,1.2194338754897052,0.1842397376261049,,False,1.2194338754897052,0.12720488466757124,0.8203158837006423
seller,c42fd8e4d47dfb18ce5222f2dd7752f9,7,2.0,0.7897837390401921,0.2857142857142857,2.532338792427607,0.30667797597139307,9.147678422075357,1.210216260959808,0.18754028103450057,,False,1.210216260959808,0.12754409769335143,0.8209564950875382
seller,714b9a1332840f257b49f476bea4e341,6,2.0,0.7998531662370506,0.3333333333333333,2.500458939744029,0.30281717791210444,9.032517432809406,1.2001468337629495,0.19115508422796298,,False,1.2001468337629495,0.12788331071913162,0.8215917763611891
seller,bd15ee794d5e640d9dd71b665b2ab15b,11,2.0,0.8022434037928228,0.18181818181818182,2.493008967782669,0.3019149517451376,9.005605572532344,1.1977565962071772,0.19201451075825618,,False,1.1977565962071772,0.1282225237449118,0.8222257923953574
seller,59cd88080b93f3c18508673122d26169,9,2.0,0.8122569538925213,0.2222222222222222,2.4622750109008513,0.29819292698356437,8.89458395290013,1.1877430461074787,0.1956203739534111,,False,1.1877430461074787,0.128561736770692,0.8228545078940562
seller,a2b5b6105ea5942300631d2e76f4ffe0,16,2.0,0.8194206562147622,0.125,2.4407488203175336,0.29558600543807173,8.816823951079943,1.1805793437852379,0.19820516981995592,,False,1.1805793437852379,0.12890094979647218,0.8234794313851379
seller,8648b1e89e9b349e32d3741b30ec737e,91,10.0,8.823220682092172,0.10989010989010989,1.1333729893321436,0.5434964021545187,2.0843132802224136,1.1767793179078279,0.3893136896626056,,False,1.1767793179078279,0.12924016282225237,0.8241023433846159
seller,b33e7c55446eabf8fe1a42d037ac7d6d,144,19.0,17.823955641352565,0.13194444444444445,1.065981108925055,0.6417902621922519,1.6646615469995651,1.1760443586474345,0.42128248473829394,1.0,False,1.1760443586474345,0.12957937584803256,0.8247248663434849
seller,f593898ec748b7a8cb81fc04edafd98a,18,3.0,1.824279784168589,0.16666666666666666,1.6444845938843984,0.3391322582558572,4.805881831189609,1.175720215831411,0.2758890420986724,,False,1.175720215831411,0.12991858887381275,0.825347217721798
seller,3b872fd4747f01cc56206f2934198618,25,4.0,2.8320879437009063,0.16,1.4123855189231496,0.38482751782139724,3.6162678839768745,1.1679120562990937,0.3152093341153145,,False,1.1679120562990937,0.13025780189959293,0.8259654359579046
seller,fcdd820084f17e9982427971e4e9d47f,15,2.0,0.8433882119903802,0.13333333333333333,2.3713871874970103,0.28718598991602656,8.566265884454129,1.1566117880096198,0.20688172061977084,,False,1.1566117880096198,0.13059701492537312,0.8265776725519074
seller,6bb0724edf0b62fb91ac404873a97241,17,3.0,1.8463109342598392,0.17647058823529413,1.6248617415043685,0.33508555434278386,4.748535529448621,1.1536890657401608,0.2818095002386653,,False,1.1536890657401608,0.1309362279511533,0.8271883620429443
seller,f84fa566034f5e8e880a07ec624c56af,87,12.0,10.85791210135664,0.13793103448275862,1.1051848539555467,0.5710651413311302,1.9305355258455188,1.1420878986433607,0.4037762803002725,,False,1.1420878986433607,0.13127544097693353,0.8277929106152191
seller,e8b4225284fbb02d16f200513f1f395d,29,3.0,1.8641457693539472,0.10344827586206896,1.6093162076266725,0.33187969152756397,4.7031048826083905,1.1358542306460528,0.2866103166925026,,False,1.1358542306460528,0.13161465400271372,0.8283941594807966
seller,5ee7fd217d08dfe5d3e2f51f96a12c9a,9,2.0,0.8653048444513457,0.2222222222222222,2.3113241683838233,0.27991207965273784,8.349297607717473,1.1346951555486542,0.2148498842625154,,False,1.1346951555486542,0.1319538670284939,0.8289947948058611
seller,c679fb69a36e1d8349e8c50a217b4d58,13,2.0,0.8707193767480963,0.15384615384615385,2.2969512949964024,0.27817145800585236,8.297377847161544,1.1292806232519037,0.21682282105281675,,False,1.1292806232519037,0.1322930800542741,0.8295925640224822
seller,2aa3443d7bf9d9bb11133f420d75e083,10,2.0,0.8724201795837604,0.2,2.292473336591341,0.2776291564685325,8.28120192172873,1.1275798204162397,0.21744288734186068,,False,1.1275798204162397,0.13263229308005428,0.8301894329424383
seller,1f1bb1f0859883505541bdd6606193e5,27,3.0,1.8738308047639702,0.1111111111111111,1.6009983358011255,0.33016434638746905,4.6787965313904945,1.1261691952360298,0.2892200258725866,,False,1.1261691952360298,0.13297150610583447,0.8307855551672937
seller,9bc484c87d79cd4874e05ca182658045,8,2.0,0.882216738218472,0.25,2.2670166109506757,0.2745462288927739,8.189243475830358,1.117783261781528,0.22101737680569694,,False,1.117783261781528,0.13331071913161466,0.8313772384132376
seller,00720abe85ba0859807595bbf045a33b,13,2.0,0.8824580230675858,0.15384615384615385,2.2663967551086834,0.27447116147462874,8.187004343401652,1.1175419769324142,0.22110547570331152,,False,1.1175419769324142,0.13364993215739485,0.8319687939383544
seller,5b07547f10dd980738a1a27f685af669,12,2.0,0.8867693786399251,0.16666666666666666,2.255377833487533,0.2731367189465331,8.14720020982768,1.113230621360075,0.22268012640305726,,False,1.113230621360075,0.13398914518317503,0.8325580673065034
seller,615005a3ef192c00c6f0e977cee3d2bc,9,2.0,0.9016318723701272,0.2222222222222222,2.2182002004239085,0.2686343351053767,8.012901816272715,1.0983681276298727,0.22811482311893364,,False,1.0983681276298727,0.13432835820895522,0.8331394734173458
seller,f3295428338a40977a03f555246a70f4,7,2.0,0.9020049339362728,0.2857142857142857,2.2172827716941303,0.26852323022999924,8.009587748257692,1.0979950660637272,0.22825135838578006,,False,1.0979950660637272,0.1346675712347354,0.8337206820531627
seller,3d5d0dc7073a299e31fa718ce1bc00b6,19,2.0,0.9075601667719035,0.10526315789473684,2.2037106444565437,0.26687958265673783,7.9605605581186065,1.0924398332280965,0.2302851372863947,,False,1.0924398332280965,0.1350067842605156,0.8342989501026347
seller,ea00f977a203ff88adf7057cb7806998,18,2.0,0.9080451066682548,0.1111111111111111,2.202533756652554,0.266737056083772,7.956309234716715,1.0919548933317453,0.23046273021711317,,False,1.0919548933317453,0.1353459972862958,0.8348769614558206
seller,6a8a889bde935bafa76d7848782dfaf9,24,2.0,0.9101786851343676,0.08333333333333333,2.1973707280397856,0.26611178936607177,7.937658600143329,1.0898213148656324,0.2312441845101781,,False,1.0898213148656324,0.13568521031207598,0.8354538434284946
seller,f615fe7efbef0f4f08fd3086bc7a3e60,19,2.0,0.9136128836689081,0.10526315789473684,2.1891109853533948,0.2651114962075571,7.907821569580859,1.0863871163310919,0.23250235369639335,,False,1.0863871163310919,0.13602442333785617,0.8360289075552537
seller,6860153b69cc696d5dcfe1cdaaafcf62,73,7.0,5.916950677463202,0.0958904109589041,1.1830418033839583,0.4756441628353202,2.43751826707568,1.083049322536798,0.38036014765168596,,False,1.083049322536798,0.13636363636363635,0.8366022048666257
seller,52f0fe436a347ddad7ed5f9aa4e27eaa,17,3.0,1.9219981431004833,0.17647058823529413,1.5608755974969524,0.32189007315979323,4.561540863717663,1.0780018568995167,0.3022216903862875,,False,1.0780018568995167,0.13670284938941654,0.8371728303712582
seller,7139dc5186aa238b006e066d8fbab2e4,22,3.0,1.932624324363563,0.13636363636363635,1.5522934085950393,0.320120219484114,4.536460065837935,1.067375675636437,0.30509398642213686,,False,1.067375675636437,0.13704206241519673,0.8377378310525133
seller,04aa0a1c5ce6b222003403a3e11c3cc0,11,2.0,0.9379173955317659,0.18181818181818182,2.1323839492987235,0.25824158896918736,7.702904010675502,1.062082604468234,0.24141733897706116,,False,1.062082604468234,0.13738127544097695,0.8383000299191082
seller,7c4618c82226628831613e95e9c22f44,12,2.0,0.9390234754838986,0.16666666666666666,2.1298722047064453,0.2579374050463962,7.693830725585349,1.0609765245161014,0.24182344044542078,,False,1.0609765245161014,0.13772048846675713,0.8388616432974436
seller,f08a5b9dd6767129688d001acafc21e5,11,2.0,0.9401126855355152,0.18181818181818182,2.127404544978289,0.25763856000517177,7.684916690182273,1.059887314464485,0.24222337657358214,,False,1.059887314464485,0.13805970149253732,0.8394226801173703
seller,39c763cca83e654764b7a4a650fb9b7c,11,2.0,0.9431972667660097,0.18181818181818182,2.120447196435912,0.2567959928196577,7.659784355075189,1.0568027332339902,0.24335612186049177,,False,1.0568027332339902,0.1383989145183175,0.839982084156509
seller,198c7ea11960a9844b544d9bcdca860c,25,3.0,1.9503548405889253,0.12,1.5381816362678526,0.31721003276962073,4.495219478674442,1.0496451594110747,0.30988889452645685,,False,1.0496451594110747,0.1387381275440977,0.8405376994320677
seller,f4db9b37944bcb8873e6b456ee190bbf,20,2.0,0.9631028004326766,0.1,2.0766215185974897,0.2514884999141855,7.501470937970743,1.0368971995673233,0.2506705338380741,,False,1.0368971995673233,0.1390773405698779,0.8410865667498448
seller,5a413ade68e8f8d93071a7f52a64cb9e,14,2.0,0.9704419312570137,0.14285714285714285,2.0609167180249512,0.2495865757060098,7.4447397984605015,1.0295580687429862,0.2533689188254663,,False,1.0295580687429862,0.13941655359565808,0.841631549199332
seller,1c40343cc5d18c2d8248ac2f3366de34,20,2.0,0.971149152204752,0.1,2.0594158945199084,0.24940481901682068,7.439318307926345,1.028850847795248,0.25362897773233267,,False,1.028850847795248,0.13975576662143827,0.8421761572911058
seller,c0563dd588b775f2e37747ef6ad6c92c,28,3.0,1.9779545832439105,0.10714285714285714,1.5167183439975156,0.31278378590521466,4.432494630571197,1.0220454167560895,0.31735678137282763,,False,1.0220454167560895,0.14009497964721845,0.8427171630212548
seller,a36b125ac6d5fdbc7f50de85c9157bdc,23,3.0,1.97930468429036,0.13043478260869565,1.5156837771419662,0.3125704333476146,4.429471187194029,1.02069531570964,0.3177221719539088,,False,1.02069531570964,0.14043419267299864,0.8432574540939232
seller,f181738b150df1f37cb0bd72e705b193,36,4.0,2.9798675878275676,0.1111111111111111,1.3423415242809988,0.3657428867236603,3.4369274384001023,1.0201324121724324,0.3482577111072732,,False,1.0201324121724324,0.14077340569877883,0.8437974472013211
seller,4992e76a42cb3aad7a7047e0d3d7e729,50,4.0,2.9859299166768376,0.08,1.3396161703794314,0.3650003195116114,3.4299494499864127,1.0140700833231624,0.3496158590667896,,False,1.0140700833231624,0.14111261872455902,0.844334231298051
seller,3935fe5fe0f82787a9dcb8deb62be09d,16,2.0,0.9921878027268316,0.125,2.015747416470346,0.24411636373507192,7.281572750509871,1.0078121972731684,0.2613672002374289,,False,1.0078121972731684,0.1414518317503392,0.8448677028685896
seller,f45122a9ab94eb4f3f8953578bc0c560,176,14.0,13.002034431756252,0.07954545454545454,1.0767545704852397,0.588671743370144,1.8066112072787912,0.9979655682437478,0.42717910368942424,1.0,False,0.9979655682437478,0.1417910447761194,0.8453959622610389
seller,63704069d9bd3a75c1cf59babe56004a,1,1.0,0.014336886155774376,1.0,69.75015279710765,1.7659209753920508,388.6229778489831,0.9856631138442257,0.014234602397096303,,False,0.9856631138442257,0.14213025780189958,0.845917709517906
seller,d3f39f05462b79a4562d35893a28f159,31,4.0,3.019135583011294,0.12903225806451613,1.324882533433755,0.36098589932794284,3.3922254876638256,0.9808644169887062,0.357055194891743,,False,0.9808644169887062,0.14246947082767977,0.8464369166503779
seller,791cfcfe22fe4a771ece27f90017da92,1,1.0,0.01935067657637681,1.0,51.6777796400563,1.3083681019813902,287.93015938991647,0.9806493234236232,0.019164654054002868,,False,0.9806493234236232,0.14280868385345996,0.8469560099260199
seller,ca5832c6960267b71041f74bb39e8b12,1,1.0,0.020970524857581524,1.0,47.685978619579835,1.2073044502334747,265.68926761623555,0.9790294751424184,0.02075217238673178,,False,0.9790294751424184,0.14314789687924015,0.8474742457571808
seller,0cbcee27c791afa0cdcb08587a2013a8,37,4.0,3.021124205600791,0.10810810810810811,1.3240104437230664,0.360748284233349,3.3899925916375944,0.978875794399209,0.3575006995128537,,False,0.978875794399209,0.14348710990502037,0.847992400239547
seller,23a0ffca143a15b9b5bbdb7d552f626a,22,3.0,2.027293389358442,0.13636363636363635,1.4798055455354593,0.3051714794430354,4.324619769276127,0.9727066106415578,0.33071064550653634,,False,0.9727066106415578,0.14382632293080055,0.8485072891490644
seller,9b1f656ca3060f8af17a50d8a024b533,1,1.0,0.02805470963680931,1.0,35.64463909788414,0.902444128349542,198.5992178521284,0.9719452903631907,0.027664830757915565,,False,0.9719452903631907,0.14416553595658074,0.8490217750641293
seller,c611f4ce9ce875bcc063fa97fd4d7d12,1,1.0,0.028110571338963455,1.0,35.57380559583012,0.9006507793456837,198.2045588385521,0.9718894286610366,0.027719145538461592,,False,0.9718894286610366,0.14450474898236093,0.8495362314095681
seller,8e29d051f810eb22959ede205b462b9f,1,1.0,0.02954295841708155,1.0,33.849013557890885,0.8569828257163061,188.59463267962388,0.9704570415829185,0.029110831116527288,,False,0.9704570415829185,0.14484396200814112,0.8500499295405436
seller,a11a0e0ca67423425691db355cff69b0,1,1.0,0.03126295613768227,1.0,31.98673841321957,0.8098341011896021,178.21869967770618,0.9687370438623177,0.030779322961539894,,False,0.9687370438623177,0.1451831750339213,0.8505627172143052
seller,b8630e1121437d41cb08e3c749c2c2e2,12,2.0,1.0339051540293815,0.16666666666666666,1.9344134152011045,0.2342664388508135,6.987766372541604,0.9660948459706185,0.276711777133322,,False,0.9660948459706185,0.1455223880597015,0.8510741062768347
seller,c878515173c84a492ebe50d6b493230b,9,2.0,1.0374316105576171,0.2222222222222222,1.927837921696838,0.233470116081944,6.964013429126867,0.9625683894423829,0.2780082814869028,,False,0.9625683894423829,0.14586160108548168,0.851583628657945
seller,271b8923c6a549e02d3c9fd1f8c0422b,1,1.0,0.03980393844897146,1.0,25.123142054950097,0.6360628865092643,139.97718839008178,0.9601960615510285,0.03902216851238151,,False,0.9601960615510285,0.14620081411126187,0.8520918952798083
seller,9906e7aa42a3c067b7c9a564d01c4320,12,2.0,1.0406864316687414,0.16666666666666666,1.9218084709656478,0.23273992162613505,6.9422329799564775,0.9593135683312586,0.2792047728415763,,False,0.9593135683312586,0.14654002713704206,0.8525996947659837
seller,cd6efc47efaabf134f8bdb654e10b4f1,29,3.0,2.0426724410375665,0.10344827586206896,1.4686642555749971,0.30287387760582385,4.2920601921319435,0.9573275589624335,0.33487202362245183,,False,0.9573275589624335,0.14687924016282225,0.853106442985326
seller,ce69a8021d18961dd2a40269b7c2c293,16,2.0,1.0430582904450267,0.125,1.9174383812688824,0.23221068348982207,6.9264467133869445,0.9569417095549733,0.2800765868303637,,False,0.9569417095549733,0.14721845318860244,0.8536129869605741
seller,9da15f4a4ea758d9eeb49000dbe57e22,1,1.0,0.043764309012906254,1.0,22.849669572187153,0.5785035467331053,127.3102104570142,0.9562356909870937,0.04282047052251325,,False,0.9562356909870937,0.14755766621438263,0.8541191572145721
seller,344223b2a90784f64136a8a5da012e7f,1,1.0,0.046898303334536366,1.0,21.322732996687968,0.5398448597104278,118.80266437775128,0.9531016966654636,0.04581556996887884,,False,0.9531016966654636,0.14789687924016282,0.8546236685316397
seller,1caf283236cd69af44cbc09a0a1e7d32,33,3.0,2.0470211453652647,0.09090909090909091,1.4655442161857535,0.3022304504750034,4.2829421130273255,0.9529788546347353,0.3360485064497339,,False,0.9529788546347353,0.148236092265943,0.8551281148239626
seller,f524ad65d7e0f1daab730ef2d2e86196,1,1.0,0.047301342303815004,1.0,21.14104909702207,0.5352450216248497,117.79038647893778,0.952698657696185,0.046200065989415603,,False,0.952698657696185,0.1485753052917232,0.855632412797877
seller,9c57bc60cfad5ee62d35d3f1ce4593a1,1,1.0,0.04891547045925154,1.0,20.443430076646983,0.5175828372208048,113.90350207467165,0.9510845295407484,0.04773837946601364,,False,0.9510845295407484,0.14891451831750338,0.8561358563551807
seller,80ceebb4ee9b31afb6c6a916a574a1e2,1,1.0,0.0491852675582082,1.0,20.331291251319353,0.514743727973576,113.27870452966731,0.9508147324417918,0.047995262234010475,,False,0.9508147324417918,0.14925373134328357,0.8566391570990886
seller,7040e82f899a04d1b434b795a43b4617,203,20.0,19.04932004590381,0.09852216748768473,1.0499062408424713,0.641310007704494,1.6214950364759373,0.9506799540961914,0.4438867119162239,1.0,False,0.9506799540961914,0.14959294436906379,0.8571423864999269
seller,2a73cba571d90c694b7caca072ccf6ce,1,1.0,0.05148782155755039,1.0,19.42206855425515,0.49172420231434644,108.21283989867791,0.9485121784424496,0.05018478283827588,,False,0.9485121784424496,0.14993215739484397,0.8576444684184409
seller,afa6714acee029b2dfdf357e5579cc03,16,2.0,1.0525777049129292,0.125,1.9000972476093276,0.23011059175341447,6.863804576139675,0.9474222950870708,0.28357469331266966,,False,0.9474222950870708,0.15027137042062416,0.8581459734221419
seller,19484c79cef6c062cb177aa4ef2fcc3c,1,1.0,0.05342787719571158,1.0,18.71682074017093,0.473868873576022,104.28345057636146,0.9465721228042884,0.05202569089611007,,False,0.9465721228042884,0.15061058344640435,0.8586470283988001
seller,9ac75591b69c3402684b6ce0310f22ee,1,1.0,0.054126997822027095,1.0,18.475068639277975,0.4677482403058154,102.93649408117562,0.9458730021779729,0.05268820767226523,,False,0.9458730021779729,0.15094979647218454,0.859147713305539
seller,4c61e37f664c3c88aff092aa5ac779d7,7,2.0,1.0545308217498794,0.2857142857142857,1.8965780409160702,0.22968439949630395,6.8510919915412005,0.9454691782501206,0.28429221043263225,,False,0.9454691782501206,0.15128900949796473,0.8596481844536176
seller,d1a5cc844736958c11b8efab9a2b4c87,1,1.0,0.05503028141741895,1.0,18.171813304292247,0.46007047996443523,101.24686349823543,0.944969718582581,0.05354351252442,,False,0.944969718582581,0.15162822252374492,0.8601483912195683
seller,05ca864204d09595ae591b93ea9cf93d,1,1.0,0.05757095789578945,1.0,17.369869054639036,0.4397670094376098,96.77871611975367,0.9424290421042105,0.0559451001395069,,False,0.9424290421042105,0.1519674355495251,0.8606472531132554
seller,6d04126aba80df143fd038e711b8fd96,1,1.0,0.05955048157084536,1.0,16.792475453121753,0.42514866910303767,93.56168487588948,0.9404495184291546,0.05781203073804081,,False,0.9404495184291546,0.1523066485753053,0.8611450671732224
seller,7c462184585ae80bd6e5774c62ce50f2,1,1.0,0.06141776148024306,1.0,16.281934995655632,0.41222290383269894,90.71713551024146,0.938582238519757,0.059569717846292135,,False,0.938582238519757,0.15264586160108548,0.8616418928141677
seller,014c0679dd340a0e338872e7ec85666a,14,2.0,1.0614328978481289,0.14285714285714285,1.8842453480146066,0.22819085317122006,6.8065420643836845,0.9385671021518711,0.2868272311524587,,False,0.9385671021518711,0.15298507462686567,0.8621387104428843
seller,bc8c8d665ec4664d286be0d521722b19,1,1.0,0.0647673338739431,1.0,15.439882116288803,0.3909039707202711,86.02551715009619,0.9352326661260569,0.06271448740068836,,False,0.9352326661260569,0.15332428765264586,0.8626337630336023
seller,d1aa1ec0839dcab73a6161130eb1f94a,1,1.0,0.0671140737148635,1.0,14.900004494564511,0.3772354527584404,83.01751156710023,0.9328859262851366,0.06491147376943392,,False,0.9328859262851366,0.15366350067842605,0.8631275734097569
seller,e88165a185134e13fdfc85d4fa654db8,2,1.0,0.06863817218333611,0.5,14.569152531173883,0.36885900627809115,81.17412241189568,0.9313618278166639,0.06633555526427191,,False,0.9313618278166639,0.15400271370420623,0.8636205770252813
seller,4e42581f08e8cfc7c090f930bac4552a,1,1.0,0.07069234782971351,1.0,14.1458026321157,0.35814071482356763,78.81536774475352,0.9293076521702865,0.06825149751386689,,False,0.9293076521702865,0.15434192672998642,0.8641124932910877
seller,f7315bb81aea4ddca2d39e249a801c98,2,1.0,0.07098729447079097,0.5,14.087027931617657,0.356652668242024,78.48789607316917,0.929012705529209,0.06852627308094687,,False,0.929012705529209,0.1546811397557666,0.8646042534309333
seller,edf3fabebcc20f7463cc9c53da932ea8,1,1.0,0.07161222392984581,1.0,13.964096422695095,0.35354031190390356,77.80296554394263,0.9283877760701542,0.06910819660371952,,False,0.9283877760701542,0.1550203527815468,0.8650956827729368
seller,eb9cd5b35d95206585e2185318cb5c61,2,1.0,0.07405720656422705,0.5,13.503074803837453,0.34186825508105934,75.2343174881545,0.9259427934357729,0.07138143075606004,,False,0.9259427934357729,0.155359565807327,0.8655858178969009
seller,ec8463980a4e0ea9f8517aea1ed0c419,2,1.0,0.0751583252083391,0.5,13.305245922231464,0.3368596614428121,74.13208550741766,0.9248416747916609,0.07240338722500554,,False,0.9248416747916609,0.1556987788331072,0.8660753701588061
seller,c004e5ea15737026cecaee0447e00b75,1,1.0,0.0754997722531043,1.0,13.245073066546679,0.3353362166367183,73.79682381372761,0.9245002277468957,0.07272005828089703,,False,0.9245002277468957,0.1560379918588874,0.8665647416803991
seller,1b4b28463457a256e9a784ebe2a8f630,1,1.0,0.07702305198542636,1.0,12.983126145004114,0.32870429477502777,72.33734897953818,0.9229769480145736,0.07413148974691207,,False,0.9229769480145736,0.15637720488466758,0.8670533068747484
seller,535bf14f36346c7f59d87cece104d70c,1,1.0,0.07719074273067757,1.0,12.954921336734003,0.32799021085501145,72.18020184594732,0.9228092572693224,0.07428673631033132,,False,0.9228092572693224,0.15671641791044777,0.8675417833043004
seller,70849ca4f400aaabb62cb7462a6f1428,12,2.0,1.0777652357214411,0.16666666666666666,1.8556916977018911,0.22473287365020034,6.703396461742296,0.9222347642785589,0.29282161017457237,,False,0.9222347642785589,0.15705563093622796,0.8680299556338636
seller,8e670472e453ba34a379331513d6aab1,1,1.0,0.07832711553364785,1.0,12.766970840007748,0.3232317162683442,71.1330087030388,0.9216728844663522,0.07533809420613898,,False,0.9216728844663522,0.15739484396200815,0.868517830540051
seller,516e7738bd8f735ac19a010ee5450d8d,67,4.0,3.079557728776853,0.05970149253731343,1.2988878119160088,0.3539032126081301,3.3256686762847196,0.920442271223147,0.37058618468403703,,False,0.920442271223147,0.15773405698778833,0.8690050540379887
seller,8b8cfc8305aa441e4239358c9f6f2485,15,2.0,1.0799008044931848,0.13333333333333333,1.8520219557930906,0.22428845088011376,6.690140092186175,0.9200991955068152,0.29360492526661525,,False,0.9200991955068152,0.15807327001356852,0.869492095933499
seller,3da38366e7bd9baf6369071f782ecdf0,1,1.0,0.08134685386998722,1.0,12.293038420370284,0.311232786270433,68.49242626941404,0.9186531461300128,0.07812611953910231,,False,0.9186531461300128,0.1584124830393487,0.8699783723825956
seller,586a871d4f1221763fddb6ceefdeb95e,1,1.0,0.08243340860574225,1.0,12.131003884392824,0.30713042700173215,67.58962761793137,0.9175665913942578,0.07912724198402526,,False,0.9175665913942578,0.1587516960651289,0.8704640736788384
seller,b8d890108a7a80e4f5d59eea9f362438,2,1.0,0.08504078831590492,0.5,11.759063148441829,0.2977137028673894,65.51730647464906,0.9149592116840951,0.08152517940371343,,False,0.9149592116840951,0.1590909090909091,0.8709483947943762
seller,04843805947f0fc584fc1969b6e50fe7,1,1.0,0.08701063757615415,1.0,11.49284763170218,0.29097370953213647,64.03404855024122,0.9129893624238459,0.08333265553739674,,False,0.9129893624238459,0.15943012211668928,0.8714316731972127
seller,269c5fc9fcadee614364c3620c30a1f9,3,1.0,0.08956228656083043,0.3333333333333333,11.165413908015882,0.2826838053882657,62.20970460769394,0.9104377134391696,0.08566868720229298,,False,0.9104377134391696,0.15976933514246947,0.8719136009196398
seller,1f2eebc0e970fd3c463e4f5d9652687a,1,1.0,0.08994578525523873,1.0,11.117808323784207,0.28147853634770825,61.944463268937746,0.9100542147447612,0.0860192648396778,,False,0.9100542147447612,0.16010854816824965,0.8723953256422903
seller,ebe3dabc4955c9b0d695e7bda38bf5c3,1,1.0,0.09051783756397777,1.0,11.047546283827236,0.2796996555114932,61.5529882383776,0.9094821624360222,0.08654196011059698,,False,0.9094821624360222,0.16044776119402984,0.8728767475568934
seller,f5fea3ffed6c2e889bab72705557c63a,1,1.0,0.09106164361997052,1.0,10.981572045562027,0.2780293324151848,61.185403309775026,0.9089383563800295,0.08703856908286249,,False,0.9089383563800295,0.16078697421981003,0.8733578816152159
seller,c13ef0cfbe42f190780f621ce81f2234,1,1.0,0.09292408698364671,1.0,10.761472428305758,0.27245689256807487,59.95908673194095,0.9070759130163533,0.0887373256311974,,False,0.9070759130163533,0.16112618724559022,0.873838029814676
seller,610f72e407cdd7caaa2f8167b0163fd8,15,2.0,1.0933246680233746,0.13333333333333333,1.829282790825352,0.22153463250934965,6.607998409827794,0.9066753319766254,0.2985257700127616,,False,0.9066753319766254,0.1614654002713704,0.8743179659720542
seller,c013e57c075a06e5b5c48ee03c525719,41,3.0,2.095304024458102,0.07317073170731707,1.431773129331852,0.29526604047620514,4.18424866625728,0.9046959755418982,0.34910051792651625,,False,0.9046959755418982,0.16180461329715062,0.8747968543842388
seller,0aea4c6ae1505b3228ddf3dd7822ee5b,8,2.0,1.096995004276408,0.25,1.823162359175214,0.22079341984217088,6.585889306295845,0.9030049957235919,0.29987027149845286,,False,0.9030049957235919,0.1621438263229308,0.8752748476994382
seller,562f8cfc51f265411f487d07e9c40e7f,13,2.0,1.0976343351147462,0.15384615384615385,1.822100435470544,0.22066481595498247,6.582053272749248,0.9023656648852538,0.30010442417498145,,False,0.9023656648852538,0.162483039348711,0.8757525025936228
seller,20d53aad4fe5ee93a64f8839609d3586,1,1.0,0.09845587199314128,1.0,10.156834526534515,0.2571487862710067,56.59025996262605,0.9015441280068587,0.09376431789366847,,False,0.9015441280068587,0.1628222523744912,0.8762297226185234
seller,03bd479e1d9484cdb14104d3023f7321,2,1.0,0.09931465688085196,0.5,10.069007248343036,0.254925192105972,56.10091768854634,0.900685343119148,0.09454224531819663,,False,0.900685343119148,0.16316146540027138,0.8767064880574167
seller,e4f121bf6ef8b9a1d4d3e65dd0473fab,2,1.0,0.0998333774283255,0.5,10.016690066585609,0.25360063574395825,55.80942500857502,0.9001666225716745,0.09501180306526487,,False,0.9001666225716745,0.16350067842605157,0.8771829789186992
seller,6f1a1263039c76e68f40a8e536b1da6a,2,1.0,0.10137160593894116,0.5,9.864695254037178,0.24975246026524894,54.96256411578256,0.8986283940610589,0.09640281159279522,,False,0.8986283940610589,0.16383989145183175,0.8776586555398073
seller,528bcf6680c36dddf07620bd35b33a6f,2,1.0,0.1024615982449549,0.5,9.759754065218662,0.24709557939709864,54.3778692346646,0.8975384017550451,0.09738718899653642,,False,0.8975384017550451,0.16417910447761194,0.878133755188431
seller,88ae906ea2acf6971f26c3e8b7cb4357,2,1.0,0.104485437158952,0.5,9.570711739270577,0.24230944208784144,53.32459280868823,0.895514562841048,0.0992120846574052,,False,0.895514562841048,0.16451831750339213,0.8786077835456702
seller,9dd459b29a14bf89d47183cf2cd0e4c7,2,1.0,0.107605246251798,0.5,9.29322718764087,0.23528414149107377,51.778547840512935,0.892394753748202,0.10201799176329254,,False,0.892394753748202,0.16485753052917232,0.8790801604747356
seller,0692610d8abe24f287e9fae90ea0bbee,4,1.0,0.11154497875366573,0.25,8.96499341497375,0.22697398186072854,49.94974631034923,0.8884550212463342,0.10554884079987822,,False,0.8884550212463342,0.1651967435549525,0.8795504519604107
seller,0daf5180aa44356f60f8effa533b55a2,2,1.0,0.11304172101159549,0.5,8.846291360845639,0.22396870604697225,49.28838079497547,0.8869582789884045,0.10688660225571434,,False,0.8869582789884045,0.1655359565807327,0.8800199511660907
seller,ce20a2ec1514c25e16f2b5b39bc818f0,4,1.0,0.1132099857357975,0.25,8.833143061547048,0.22363581993001058,49.21512316008639,0.8867900142642025,0.10703686909260847,,False,0.8867900142642025,0.16587516960651288,0.8804893613031455
seller,6524b847b982cd56bb5d4b02b776ee42,1,1.0,0.11332777658589452,1.0,8.823962051722333,0.22340337688616657,49.163969847374375,0.8866722234141055,0.10714204578435575,,False,0.8866722234141055,0.16621438263229307,0.8809587090892286
seller,12a8eb0f8d1cd3270695bf2a99f55966,2,1.0,0.11395695227194516,0.5,8.775243458719526,0.22216992890325674,48.89252722065444,0.8860430477280549,0.10770363361301552,,False,0.8860430477280549,0.16655359565807326,0.8814277238297876
seller,984c273121e743dd14767befe6cb17f5,1,1.0,0.11414525155784168,1.0,8.760767411277397,0.22180342711374545,48.811871846596596,0.8858547484421583,0.10787163656370008,,False,0.8858547484421583,0.16689280868385345,0.8818966388967011
seller,3442f8959a84dea7ee197c632cb2df15,2,1.0,0.11553678169173885,0.5,8.655252339190804,0.21913201677920857,48.223979492560886,0.8844632183082611,0.10911219672612105,,False,0.8844632183082611,0.16723202170963364,0.8823648173762146
seller,781a66c0d89e30814d49fe8b5e14cd07,1,1.0,0.1199143667573693,1.0,8.339284332988777,0.21113239946900672,46.46351843905722,0.8800856332426307,0.11300361015788118,,False,0.8800856332426307,0.16757123473541383,0.8828306786410861
seller,5ca5d579b5857ee8709479b1047cecc3,1,1.0,0.12068419535031723,1.0,8.286089136172638,0.20978561369032922,46.16713377228688,0.8793158046496827,0.11368618257503174,,False,0.8793158046496827,0.16791044776119404,0.8832961324077453
seller,20f0aeea30bc3b8c4420be8ced4226c0,1,1.0,0.12142742454711708,1.0,8.235371899961308,0.2085015644424369,45.88455541834334,0.8785725754528829,0.11434467214701936,,False,0.8785725754528829,0.16824966078697423,0.8837611927562181
seller,92c8bc6e8f925792247656fed09aad65,2,1.0,0.1229237931701852,0.5,8.135121559546432,0.20596344557345334,45.32599627173141,0.8770762068298148,0.11566894794099757,,False,0.8770762068298148,0.16858887381275442,0.884225461022474
seller,8629a7efec1aab257e58cda559f03ba7,1,1.0,0.12406387253972952,1.0,8.060364226336443,0.20407075376582529,44.90947507022777,0.8759361274602705,0.11667658102930757,,False,0.8759361274602705,0.1689280868385346,0.884689125803345
seller,8fbe2ee446b97e128471be4ce983dc0d,3,1.0,0.12514999270425048,0.3333333333333333,7.990411972001953,0.20229971602251645,44.51972605468372,0.8748500072957495,0.11763545558568787,,False,0.8748500072957495,0.1692672998643148,0.8851522156613966
seller,f682e0f848abafc6f41e0d4e868c66ef,2,1.0,0.12526041229412424,0.5,7.983368262048331,0.2021213847264136,44.48048101467294,0.8747395877058758,0.11773288053789062,,False,0.8747395877058758,0.16960651289009498,0.8856152470703519
seller,da2782c804606d2a5d8e1760dbb3e7ec,1,1.0,0.12538073205221145,1.0,7.975707141218291,0.20192742194029425,44.43779598143306,0.8746192679477885,0.1178390283183069,,False,0.8746192679477885,0.16994572591587517,0.8860782147896927
seller,c8025364abeecb115431bf95c11a747f,2,1.0,0.12567043813326972,0.5,7.957320869204976,0.2014619218359142,44.335354230486075,0.8743295618667303,0.11809455870013537,,False,0.8743295618667303,0.17028493894165536,0.8865410291570912
seller,a20d8058c866dbaeca014d2cd20ac62e,2,1.0,0.12734688067383979,0.5,7.852567685275269,0.1988098008394389,43.751706845564314,0.8726531193261602,0.11957178391112437,,False,0.8726531193261602,0.17062415196743555,0.887002956122613
seller,3a3e46d10f74d8a6ca76e2b538f106a0,2,1.0,0.1284851727422643,0.5,7.7829992259570435,0.19704847994465718,43.364096198986125,0.8715148272577358,0.12057339819336893,,False,0.8715148272577358,0.17096336499321574,0.8874642805488334
seller,a56e351445e5863fc8960640ba9190c7,3,1.0,0.12902764314568554,0.3333333333333333,7.750277193476259,0.19622002980945297,43.18178070297647,0.8709723568543144,0.1210503317239722,,False,0.8709723568543144,0.17130257801899593,0.8879253178257823
seller,553a440137d6e0cf776aee0bb83ac9f5,2,1.0,0.13267940408575962,0.5,7.536964812968505,0.19081942791908588,41.993280187915,0.8673205959142404,0.12425419236391755,,False,0.8673205959142404,0.17164179104477612,0.8883844220931397
seller,26f6b7ab07be3e9e69ce82a6552efc19,2,1.0,0.13372575724835115,0.5,7.477990931416693,0.18932633850986885,41.664698750528835,0.8662742427516489,0.12517005251921764,,False,0.8662742427516489,0.1719810040705563,0.8888429724877949
seller,a13580f0e8f782b7a543885a0ef99f08,10,2.0,1.1377054391701593,0.2,1.7579242668109216,0.212892784199601,6.350226885610775,0.8622945608298407,0.3147505936099715,,False,0.8622945608298407,0.1723202170963365,0.8892994162923822
seller,4342d4b2ba6b161468c63a7e7cfce593,2,1.0,0.13935631054149317,0.5,7.175850136347082,0.18167679587607574,39.98127798654621,0.8606436894585068,0.13008198772749346,,False,0.8606436894585068,0.17265943012211668,0.8897549862308409
seller,2d2c62bef4c8ba0dd74e0e228e808539,16,2.0,1.141676496809259,0.125,1.7518097338340337,0.21215228588911833,6.328139090114768,0.858323503190741,0.3161984703238997,,False,0.858323503190741,0.17299864314789687,0.8902093280105061
seller,324583d68897f5ddbaf38f6248322176,1,1.0,0.14270543950555317,1.0,7.007441366389446,0.1774130549754179,39.0429643764356,0.8572945604944469,0.13299058199137917,,False,0.8572945604944469,0.17333785617367706,0.8906631251334608
seller,253c025bab43881055aeecde5e2d8b77,2,1.0,0.1429673043171396,0.5,6.994606247745522,0.17708809790613542,38.97145167247126,0.8570326956828604,0.133217591525068,,False,0.8570326956828604,0.17367706919945725,0.8911167836418674
seller,9bf11dfc0bec77e5a23028043c3c5a8f,1,1.0,0.14335516130369064,1.0,6.975681872252585,0.17660897420118266,38.866011800828396,0.8566448386963094,0.1335537139500855,,False,0.8566448386963094,0.17401628222523746,0.8915702368434953
seller,3d700782d7818f2c1e0d7a9e9d75fc00,3,1.0,0.14422446070293712,0.3333333333333333,6.933636604540515,0.1755444801866004,38.631750562860184,0.8557755392970628,0.1343065879021798,,False,0.8557755392970628,0.17435549525101765,0.8920232298934035
seller,820cc752a266cdc6c1a1e61dd4583330,15,2.0,1.1446234302669211,0.13333333333333333,1.7472995459595029,0.21160608121352442,6.311846740756647,0.8553765697330789,0.3172724837176922,,False,0.8553765697330789,0.17469470827679784,0.8924760117542425
seller,715bbd5ba4e6b74cb0d2f29eb45058b0,58,5.0,4.1458528052440355,0.08620689655172414,1.206024486367573,0.3915928679534627,2.81445884054628,0.8541471947559645,0.3996330756764952,,False,0.8541471947559645,0.17503392130257803,0.8929281428622907
seller,6d988d6174a2c27441597174f8905515,18,2.0,1.1470007311244665,0.1111111111111111,1.743678051573073,0.21116750144223032,6.2987646578404615,0.8529992688755335,0.318138602793271,,False,0.8529992688755335,0.17537313432835822,0.8933796663315111
seller,e9729944ba65dc3ce425e0c5a22ae7b2,4,1.0,0.1473380652806799,0.25,6.787112333089172,0.17183480681695734,37.81536957421617,0.8526619347193201,0.1369978229778949,,False,0.8526619347193201,0.1757123473541384,0.8938310112375203
seller,9ef932e837d8b7f392c0bfee9d359dc2,1,1.0,0.1478604322701592,1.0,6.763134563091747,0.17122774224027107,37.681773990480565,0.8521395677298408,0.13744850910499415,,False,0.8521395677298408,0.1760515603799186,0.8942820796357248
seller,bcd2d7510d58e293f20fad6438c1b314,1,1.0,0.14962151402699098,1.0,6.68353081776465,0.16921234990124928,37.23825030893486,0.850378485973009,0.13896619602231883,,False,0.850378485973009,0.17639077340569878,0.894732215829444
seller,3903c788ded8dc03b5ebab37a2f3e9a1,4,1.0,0.1502685595259185,0.25,6.654752019683258,0.16848373381740597,37.07790510880551,0.8497314404740814,0.13952314386487832,,False,0.8497314404740814,0.17672998643147897,0.8951820095184986
seller,e89c4adbe7b1d0819dbb636e16461cf1,24,3.0,2.1511574835960077,0.125,1.3945980351866265,0.2875996423383149,4.075607265669089,0.8488425164039923,0.3641625031220768,,False,0.8488425164039923,0.17706919945725916,0.8956313326677829
seller,8ccf3cf69651cc1d8a02c8bfaf3b8568,2,1.0,0.1523221849000082,0.5,6.56503188065776,0.16621221656523463,36.578016489169976,0.8476778150999917,0.14128842773417552,,False,0.8476778150999917,0.17740841248303935,0.896080039298399
seller,b4b447d715f9ab302a188fb43d3e96b3,3,1.0,0.15360867534484837,0.3333333333333333,6.510048978386281,0.16482017000310634,36.27167136511444,0.8463913246551517,0.14239244166281687,,False,0.8463913246551517,0.17774762550881953,0.8965280649429345
seller,efb628aa07c8ca93d7db0d85b91a4f5a,1,1.0,0.15392523170181346,1.0,6.49666067703063,0.16448120756014814,36.19707652435034,0.8460747682981865,0.14266387982218565,,False,0.8460747682981865,0.17808683853459972,0.8969759230227021
seller,78c99c6dff4eeae5be99bf635ed21e3f,30,3.0,2.1543308986922485,0.1,1.3925437368145726,0.28717599662668175,4.069603734070914,0.8456691013077515,0.3650166975593892,,False,0.8456691013077515,0.1784260515603799,0.8974235663682096
seller,5b8154610ebb21fb90eb587365e673df,37,4.0,3.158375530324448,0.10810810810810811,1.2664738444161816,0.34507149740815246,3.2426760456669363,0.8416244696755522,0.3882027301896343,,False,0.8416244696755522,0.1787652645861601,0.8978690687434104
seller,60da8bfa7eebe230b7d66ac4082d79b3,3,1.0,0.15847525289091227,0.3333333333333333,6.3101334861939495,0.15975874795869607,35.157813534294746,0.8415247471090878,0.1465559161965546,,False,0.8415247471090878,0.1791044776119403,0.8983145183318378
seller,20cb7c2fde3e5bf10f0bbe7394e1c6a9,31,3.0,2.1588719518760673,0.0967741935483871,1.3896146074772937,0.28657193973823836,4.061043575152075,0.8411280481239327,0.3662386832243629,,False,0.8411280481239327,0.17944369063772048,0.8987597579330958
seller,e819bcfade7b5d88a27325eb6cfd62c5,4,1.0,0.1617738597502009,0.25,6.181468387687141,0.15650122970042096,34.44093748855479,0.8382261402497991,0.14936645472616172,,False,0.8382261402497991,0.17978290366350066,0.8992034614492028
seller,d79e8478eed9999493990b44955fb22e,4,1.0,0.1619201070600122,0.25,6.175885244624817,0.15635987675642024,34.40983020641092,0.8380798929399877,0.14949084849744432,,False,0.8380798929399877,0.18012211668928088,0.8996470875513012
seller,e5e33c0d8e7e002f398f5dc4cbbb338f,26,3.0,2.162341413497971,0.11538461538461539,1.3873849805923884,0.2861121370721885,4.05452765923754,0.837658586502029,0.36717203180252583,,False,0.837658586502029,0.18046132971506107,0.9000904906406125
seller,7d484ca289afaac6bf5fc6a1e96d2226,2,1.0,0.16284909545290654,0.5,6.140654310782983,0.15546790673830546,34.213536006714456,0.8371509045470935,0.1502805947378981,,False,0.8371509045470935,0.18080054274084126,0.9005336249954407
seller,c7b7db6c8f3c64a7cc1afa634db21d50,1,1.0,0.16379164833809123,1.0,6.105317396500252,0.15457325352773796,34.01665132179491,0.8362083516619088,0.1510811228856015,,False,0.8362083516619088,0.18113975576662145,0.9009762604228205
seller,038b75b729c8a9a04b0d07cba7eabe86,2,1.0,0.16433133343199563,0.5,6.085266754156929,0.15406561521492804,33.904936292898654,0.8356686665680044,0.15153914814369496,,False,0.8356686665680044,0.18147896879240163,0.9014186101752945
seller,5b179e9e8cc7ab6fd113a46ca584da81,34,3.0,2.166479169553174,0.08823529411764706,1.3847352156257915,0.2855656918331689,4.0467839215599435,0.833520830446826,0.3682848455729066,,False,0.833520830446826,0.18181818181818182,0.9018598230001622
seller,85ecf03781da592876b7844acc1b729f,2,1.0,0.1665252847317269,0.5,6.005094070915448,0.15203581861503493,33.45824269218242,0.8334747152682731,0.15339858942473222,,False,0.8334747152682731,0.182157394843962,0.9023010114145925
seller,0dfbed20065e425d2eaefb101f9816c0,3,1.0,0.1683956916110743,0.3333333333333333,5.938394209690318,0.15034712433595832,33.08661485121088,0.8316043083889257,0.15498059856553614,,False,0.8316043083889257,0.1824966078697422,0.9027412097547826
seller,559d56f3b8f0bc2e5a9a62fe2ce2a39f,2,1.0,0.17189294541114547,0.5,5.817574407187744,0.14728823177549832,32.41344999710287,0.8281070545888545,0.1579306842722913,,False,0.8281070545888545,0.1828358208955224,0.9031795568716173
seller,3d3ccf2b2f8134b10dce9dd446f0e075,3,1.0,0.17195244438293153,0.3333333333333333,5.815561410531846,0.14723726711269125,32.402234297589054,0.8280475556170684,0.15798078504026275,,False,0.8280475556170684,0.18317503392130258,0.9036178724934871
seller,b37c4c02bda3161a7546a4e6d222d5b2,4,1.0,0.17211226527116172,0.25,5.8101611667507065,0.147100544777572,32.37214606501641,0.8278877347288383,0.15811534654594844,,False,0.8278877347288383,0.18351424694708277,0.9040561035163608
seller,7c4adcc13272c0e26fa23aac642adb7b,2,1.0,0.17211872838784167,0.5,5.8099429932265245,0.14709502110217954,32.370930479942324,0.8278812716121583,0.1581207877271113,,False,0.8278812716121583,0.18385345997286295,0.9044943311180721
seller,ec2e006556300a79a5a91e4876ab3a56,2,1.0,0.17261606403109872,0.5,5.793203579360023,0.14667121583613787,32.27766443530484,0.8273839359689013,0.1585393801675934,,False,0.8273839359689013,0.18419267299864314,0.9049322954619787
seller,1099a00e0ee3a50935e6c2447ca090c5,3,1.0,0.1732577285666071,0.3333333333333333,5.771748298175112,0.14612801514684937,32.15812325969019,0.826742271433393,0.1590791424137015,,False,0.826742271433393,0.18453188602442333,0.90536992014956
seller,c1f12f926d0ba950578b4fa41115cbb6,2,1.0,0.17392275718567596,0.5,5.749678858485568,0.14556926531046863,32.03516021190222,0.826077242814324,0.15963819293746542,,False,0.826077242814324,0.18487109905020352,0.9058071928133586
seller,391bbd13b6452244774beff1824006ed,1,1.0,0.17396023615985678,1.0,5.748440115251815,0.1455379030471346,32.02825837635081,0.8260397638401432,0.1596696882457253,,False,0.8260397638401432,0.1852103120759837,0.9062444456381761
seller,ec80e49e69745ab6c14f984bf2149423,12,2.0,1.1746838833091326,0.16666666666666666,1.702585715542396,0.2061910289103921,6.150325011161061,0.8253161166908674,0.32820400964975543,,False,0.8253161166908674,0.1855495251017639,0.9066813154102955
seller,52a50b42accf164f9f019941e5759d9b,4,1.0,0.17626840435493893,0.25,5.673166462586071,0.14363213916266718,31.608860426963886,0.823731595645061,0.16160707517708994,,False,0.823731595645061,0.18588873812754408,0.9071173464379216
seller,244b04680fdbded0acf5aebd9c92b44a,2,1.0,0.17735069315641044,0.5,5.638545766032459,0.14275561901504047,31.41596625182126,0.8226493068435896,0.16251396760257672,,False,0.8226493068435896,0.1862279511533243,0.9075528045708078
seller,13dd308f81fea30cc670c656b2b46cc3,3,1.0,0.17825278206362716,0.3333333333333333,5.610010617635415,0.1420331716071209,31.256978580845406,0.8217472179363728,0.16326911380663509,,False,0.8217472179363728,0.1865671641791045,0.9079877851952974
seller,df683dfda87bf71ac3fc63063fba369d,1,1.0,0.1851707368085643,1.0,5.400421347536319,0.13672683071118452,30.089221909286074,0.8148292631914357,0.16903760412778823,,False,0.8148292631914357,0.18690637720488468,0.9084191038952812
seller,6bd503a8230299c9316fb0f726933927,3,1.0,0.18547495472174408,0.3333333333333333,5.391563521340304,0.1365025699683956,30.039869260502957,0.814525045278256,0.16929035932551262,,False,0.814525045278256,0.18724559023066487,0.9088502615616831
seller,e09887ca8c7bf8a4621ce481820414ef,2,1.0,0.18854938629408197,0.5,5.303650251294332,0.13427679867810066,29.550047870475495,0.8114506137059181,0.17184039730500317,,False,0.8114506137059181,0.18758480325644505,0.9092797918198796
seller,51a04a8a6bdcb23deccc82b0b80742cf,1,1.0,0.19266181656052725,1.0,5.190442080596893,0.13141061595013018,28.91929231440882,0.8073381834394727,0.17523915255858577,,False,0.8073381834394727,0.18792401628222524,0.9097071452194918
seller,17e34d8224d27a541263c4c64b11a56b,245,21.0,20.193222926840253,0.08571428571428572,1.0399528631998314,0.6437472131701101,1.5896784208862487,0.806777073159747,0.4580671224490416,1.0,False,0.806777073159747,0.18826322930800543,0.9101342016030696
seller,8a207b6080964f3c1fc9d35bd6096ba4,2,1.0,0.19369840693489748,0.5,5.162665072078277,0.13070736298207788,28.764528728476023,0.8063015930651025,0.17609364875641967,,False,0.8063015930651025,0.18860244233378562,0.9105610062977778
seller,56e361f411e38dcef17cdc2a3d99628b,4,1.0,0.19636423519059332,0.25,5.092577062362649,0.12893288821009655,28.374023332359883,0.8036357648094067,0.17828711658433988,,False,0.8036357648094067,0.1889416553595658,0.9109863998728445
seller,9d489893ff6af05029671b785f54b998,4,1.0,0.19983519317261866,0.25,5.004123568645864,0.1266934396406354,27.881192008687297,0.8001648068273813,0.18113430338462116,,False,0.8001648068273813,0.189280868385346,0.9114099561438868
seller,042573af89b6d931f672efaf789d8358,3,1.0,0.20133146596850077,0.3333333333333333,4.966933485481373,0.12575186825615706,27.6739821276154,0.7986685340314992,0.1823586336554865,,False,0.7986685340314992,0.18962008141112618,0.9118327203834369
seller,bc07d855eac23aab5ac8a120f21d16b2,11,2.0,1.2028901152130258,0.18181818181818182,1.6626622620851865,0.20135611348096494,6.006107770238435,0.7971098847869742,0.3384170644134995,,False,0.7971098847869742,0.18995929443690637,0.912254659573377
seller,a1474fd46fd3430168f7ec202da39408,12,2.0,1.2033949925980207,0.16666666666666666,1.66196470178273,0.2012716356921655,6.003587942581109,0.7966050074019793,0.338599447613021,,False,0.7966050074019793,0.19029850746268656,0.9126763315133948
seller,e45edf75f568ed2f93f78d060e246e25,6,1.0,0.20476423631425525,0.16666666666666666,4.883665321639872,0.12364370087281353,27.210041612872278,0.7952357636857448,0.1851605966920186,,False,0.7952357636857448,0.19063772048846675,0.9130972786630221
seller,a13aaf2d2886ab9fb30fb9a920160b8f,4,1.0,0.20501989577400354,0.25,4.877575399327657,0.12348951738907364,27.1761107374701,0.7949801042259965,0.1853688914662507,,False,0.7949801042259965,0.19097693351424694,0.9135180904828195
seller,4b98b0428fc1932cc2514ef9ce2505e6,2,1.0,0.20751307241832506,0.5,4.818973514999106,0.12200584613412582,26.84960193595436,0.7924869275816749,0.18739738097770267,,False,0.7924869275816749,0.19131614654002713,0.913937582573739
seller,79a679c36c08d606b3fd47ead9de109b,3,1.0,0.20877376264599068,0.3333333333333333,4.789873915793049,0.12126910806900708,26.687469346358963,0.7912262373540093,0.18842117567889555,,False,0.7912262373540093,0.19165535956580732,0.9143564073355693
seller,4deebb3199eeafb282ae33229144f94b,4,1.0,0.20888534752854682,0.25,4.7873152034435416,0.12120432708105522,26.673213113607513,0.7911146524714532,0.18851173055432094,,False,0.7911146524714532,0.1919945725915875,0.9147751730314718
seller,aa762680c40618316a896838866140ea,3,1.0,0.20959098166583492,0.3333333333333333,4.771197653887454,0.1207962660562169,26.58341187514521,0.7904090183341651,0.18908414239883026,,False,0.7904090183341651,0.19233378561736772,0.9151935652096173
seller,13d95f0f6f73943d4ceffad0fc2cd32c,1,1.0,0.2116922950327094,1.0,4.723837491796695,0.11959721056629824,26.31953794103844,0.7883077049672906,0.19078634167642972,,False,0.7883077049672906,0.1926729986431479,0.9156108450863388
seller,218f991754f360af9c2daa5e0b8e990c,14,2.0,1.211749975275504,0.14285714285714285,1.650505500976205,0.19988387331214608,5.962193369206672,0.7882500247244959,0.341615340181522,,False,0.7882500247244959,0.1930122116689281,0.9160280944308146
seller,ef2fbc2b607d8492bcffe657a4645434,18,2.0,1.2140983218055672,0.1111111111111111,1.6473130421806905,0.19949725174132463,5.950661110361837,0.7859016781944328,0.3424622350404973,,False,0.7859016781944328,0.19335142469470828,0.9164441007102482
seller,47648caee88ccfe951fbb27fbf7b4cbe,3,1.0,0.2142469599311251,0.3333333333333333,4.667510803053982,0.11817114227631935,26.005705717971626,0.7857530400688749,0.1928509730611351,,False,0.7857530400688749,0.19369063772048847,0.9168600283101276
seller,1b7e5006cb25dd23ce8686691013b121,11,2.0,1.214271403129928,0.18181818181818182,1.6470782354297102,0.19946881555444854,5.949812907642784,0.785728596870072,0.34252464030634056,,False,0.785728596870072,0.19402985074626866,0.9172759429713349
seller,741f8c587cb4248ebc5b779a0e8e0e51,5,1.0,0.21826284918145472,0.2,4.58163175157968,0.11599687294122005,25.527218268404734,0.7817371508185453,0.1960858942716134,,False,0.7817371508185453,0.19436906377204885,0.9176897448152934
seller,27a56ff04b34c2ba34ce6ba4d3b9d616,8,1.0,0.22019264743038297,0.125,4.541477709041871,0.11498026060245477,25.303494262679468,0.779807352569617,0.1976357903307862,,False,0.779807352569617,0.19470827679782904,0.9181025251470045
seller,5659d77e8d90378e39b960ad5956f64e,2,1.0,0.22114015583365468,0.5,4.522019061758357,0.11448761030689675,25.195077619145668,0.7788598441663453,0.1983956771055294,,False,0.7788598441663453,0.19504748982360923,0.9185148039281318
seller,fb8904a8ea99f8831b64ce27db2c1765,2,1.0,0.2219187363715318,0.5,4.506153992900448,0.11408594153989468,25.106683113096707,0.7780812636284682,0.1990195477321341,,False,0.7780812636284682,0.19538670284938942,0.9189266705783248
seller,cf1313c6e2c01c2f4b014f97db4bcd2b,5,1.0,0.22308338279545806,0.2,4.4826288155980025,0.11349033561815498,24.97560921445887,0.776916617204542,0.19995186373686932,,False,0.776916617204542,0.1957259158751696,0.9193379207388994
seller,6bd69102ab48df500790a8cecfc285c2,5,1.0,0.22540169923980172,0.2,4.436523785635325,0.11232305732244997,24.718728428978277,0.7745983007601983,0.20180448018209513,,False,0.7745983007601983,0.1960651289009498,0.919747943730446
seller,bd4ff04377f974574f7f0bf9d6ce7dde,4,1.0,0.2260684459796256,0.25,4.4234390857454065,0.11199178140310498,24.6458251473142,0.7739315540203744,0.20233649706270623,,False,0.7739315540203744,0.19640434192672998,0.9201576137887464
seller,bca9230d3bbb4efa51872bf605a2f1ad,5,1.0,0.22692161198290325,0.2,4.406808109909523,0.11157072155030069,24.553163280713328,0.7730783880170967,0.20301674622147747,,False,0.7730783880170967,0.19674355495251017,0.9205668322353189
seller,52956b80ae65fda598f06f6b9943e7a9,3,1.0,0.22872603383948492,0.3333333333333333,4.372042758813274,0.11069053906673945,24.35946314204425,0.771273966160515,0.20445354353983897,,False,0.771273966160515,0.19708276797829036,0.9209750955359185
seller,55a5b51f93f2b70ea513f5a047b0262a,39,3.0,2.2291509440576616,0.07692307692307693,1.3458038846571705,0.2775371154406662,3.9330100517031386,0.7708490559423384,0.3850920885730731,,False,0.7708490559423384,0.19742198100407055,0.9213831339161191
seller,f63d8f293af3a6454377546bd9dd19ff,17,2.0,1.2306867524540082,0.11764705882352941,1.62510890444865,0.19680822765094044,5.870452130339278,0.7693132475459918,0.34843443705973387,,False,0.7693132475459918,0.19776119402985073,0.9217903593371995
seller,977f9f63dd360c2a32ece2f93ad6d306,20,3.0,2.233019487750884,0.15,1.3434723774048318,0.27705630259354924,3.926196398121359,0.7669805122491158,0.38612628188209747,,False,0.7669805122491158,0.19810040705563092,0.9221963499568301
seller,7a91bf945c6fae0779f1c61ce97fe45c,4,1.0,0.23610405638442794,0.25,4.2354206671137655,0.10723156718267926,23.59825356777043,0.7638959436155721,0.21030150351299962,,False,0.7638959436155721,0.19843962008141114,0.9226007078023407
seller,2a50b7ee5aebecc6fd0ff9784a4747d6,1,1.0,0.23733458665323953,1.0,4.213460895444884,0.10667559390018765,23.475901551084977,0.7626654133467605,0.21127265377871976,,False,0.7626654133467605,0.19877883310719133,0.9230044142835228
seller,32f1bb9dfa65bc7df5c0d9d95a616be4,4,1.0,0.24012075241734543,0.25,4.164571324772193,0.1054378171374621,23.20350629776064,0.7598792475826546,0.21346712041448448,,False,0.7598792475826546,0.19911804613297152,0.9234066459460533
seller,3dbbce181edfaa4a597ec858c382d2ec,17,2.0,1.2422095254242373,0.11764705882352941,1.6100343453065724,0.19498262860385498,5.815997639574206,0.7577904745757627,0.35257204010446136,,False,0.7577904745757627,0.1994572591587517,0.9238077719452275
seller,acadd4d36859671cb635527c6c977533,12,2.0,1.2445041238546706,0.16666666666666666,1.6070657876209287,0.19462312249617703,5.805274188523009,0.7554958761453294,0.35339488770813937,,False,0.7554958761453294,0.1997964721845319,0.9242076833301791
seller,b56828a9f9027f3c918c04ca720d9e3c,3,1.0,0.24630105459647034,0.3333333333333333,4.060071937728239,0.10279212172180727,22.621272978580027,0.7536989454035297,0.21831314092365586,,False,0.7536989454035297,0.20013568521031208,0.9246066435344769
seller,ad97a199236354e53fcd91a5a913e9a2,16,2.0,1.2526410790001932,0.125,1.5966265465254565,0.1933588819690366,5.767564060321581,0.7473589209998068,0.35630980885182795,,False,0.7473589209998068,0.20047489823609227,0.9250022477337717
seller,8d899e15a5925f097cca50faa49b15e3,4,1.0,0.25688687021721396,0.25,3.8927641539423066,0.09855625537763796,21.689093670796503,0.743113129782786,0.22654429030740963,,False,0.743113129782786,0.20081411126187246,0.9253956044816913
seller,655220df33262c7e0c4949a147366f94,13,2.0,1.258282161610417,0.15384615384615385,1.5894686112694254,0.19249202280192274,5.741707137036273,0.741717838389583,0.3583278290331388,,False,0.741717838389583,0.20115332428765265,0.9257882226512401
seller,d3674f271c91f824f82d24d92011f669,20,2.0,1.2588274007338294,0.1,1.5887801606750112,0.19240864824102963,5.739220216776622,0.7411725992661706,0.35852275771002673,,False,0.7411725992661706,0.20149253731343283,0.9261805522059334
seller,ab91571efab27993ff2f6b36e38055c3,3,1.0,0.25949615622717837,0.3333333333333333,3.8536216279232303,0.09756525241986691,21.471005474397664,0.7405038437728216,0.2285598267709455,,False,0.7405038437728216,0.20183175033921302,0.9265725277640743
seller,3d4824f20035949c710eaf111f869d39,7,1.0,0.26053167188714177,0.14285714285714285,3.838304927598915,0.09717746714210299,21.3856662822647,0.7394683281128582,0.22935825168895083,,False,0.7394683281128582,0.2021709633649932,0.9269639551861966
seller,8fec2e460530482132c436cfb5439925,3,1.0,0.26157071993719216,0.3333333333333333,3.8230578722271282,0.09679144512187426,21.300715126971205,0.7384292800628078,0.23015856963841508,,False,0.7384292800628078,0.2025101763907734,0.9273548326024778
seller,1d1bbb8ac1581824986f582583fff01d,4,1.0,0.2641999479166391,0.25,3.7850121011966364,0.09582820959631,21.08873765825599,0.735800052083361,0.23217999970213313,,False,0.735800052083361,0.2028493894165536,0.9277443182729721
seller,baa49d93c8c8841e27400a300f5d74b2,5,1.0,0.2656704131560576,0.2,3.764062351243416,0.0952978078496755,20.97201312238731,0.7343295868439423,0.23330822261312165,,False,0.7343295868439423,0.20318860244233378,0.9281330255728505
seller,de9727ca376d1be6ec121b110aa7954c,9,1.0,0.26649420951329617,0.1111111111111111,3.752426748132053,0.09500321988432059,20.907183691212296,0.7335057904867038,0.23393956042385916,,False,0.7335057904867038,0.20352781546811397,0.9285212968074208
seller,f214d28e8d8e3ef068748498ccc2f813,51,4.0,3.2665451916391293,0.0784313725490196,1.224535331774433,0.3336446642207445,3.1352967966331846,0.7334548083608707,0.4122603754424743,,False,0.7334548083608707,0.20386702849389415,0.9289095410553015
seller,7bac63f6603d382cc8d0832eb6c100a8,19,3.0,2.2668422914722215,0.15789473684210525,1.323426870623462,0.2729224371818999,3.867614920863479,0.7331577085277785,0.39514983278837934,,False,0.7331577085277785,0.20420624151967434,0.9292976280374586
seller,5c6d4016c2a288f074fa0848a2b653d2,30,3.0,2.2706828067376312,0.1,1.3211884949753083,0.2724608303105395,3.861073437350137,0.7293171932623688,0.3961722459543464,,False,0.7293171932623688,0.20454545454545456,0.9296836820955097
seller,8b655f0855926bcb49f5835d38dfddf6,5,1.0,0.27087711723241564,0.2,3.6917108769360856,0.09346602711578221,20.568896508738185,0.7291228827675844,0.23728978541119392,,False,0.7291228827675844,0.20488466757123475,0.9300696332979639
seller,9b522ba7eae9e1d04082f267144583cc,3,1.0,0.27193131417980715,0.3333333333333333,3.67739921022401,0.09310368708603073,20.48915700548853,0.7280686858201928,0.2380934085282151,,False,0.7280686858201928,0.20522388059701493,0.9304550264757162
seller,f6122bc84774df1b372bdb3bb88ddb9f,3,1.0,0.2729199940995539,0.3333333333333333,3.6640774645306005,0.09276640968654945,20.414932989140077,0.7270800059004461,0.23884631802134726,,False,0.7270800059004461,0.20556309362279512,0.9308398963093066
seller,784ba75dd9d20200c4caed3d7a77141a,19,2.0,1.2757753603419126,0.10526315789473684,1.5676741079746144,0.18985260734229262,5.662977897447178,0.7242246396580874,0.3645707652881364,,False,0.7242246396580874,0.2059023066485753,0.931223254693921
seller,2d2322d842118867781fc737e96d59a1,7,1.0,0.2788581301017181,0.14285714285714285,3.5860528779821963,0.09079099818626334,19.98020781716692,0.7211418698982819,0.24335275893201222,,False,0.7211418698982819,0.2062415196743555,0.9316049812566245
seller,a64e44665225d19dfc0277eeeaaccc57,5,1.0,0.2797901054519073,0.2,3.5741078062243643,0.09048857515313999,19.913654137053104,0.7202098945480927,0.24405760700794207,,False,0.7202098945480927,0.2065807327001357,0.9319862144909529
seller,e82de6494d91d3c4c54450f59b227a94,3,1.0,0.27980959043131093,0.3333333333333333,3.5738589176252167,0.09048227383937728,19.91226741853458,0.7201904095686891,0.24407233638639853,,False,0.7201904095686891,0.20691994572591588,0.9323674374111746
seller,7b8e8ec35bad4b0ef7e3963650b0a87b,5,1.0,0.2802069925875741,0.2,3.5687903102113574,0.09035394781012544,19.884026945535886,0.7197930074124259,0.24437268398655276,,False,0.7197930074124259,0.20725915875169607,0.9327484499720128
seller,48bad451945f5227341793478d6353ea,3,1.0,0.2815769347167896,0.3333333333333333,3.5514272538189298,0.08991435328236157,19.78728618714052,0.7184230652832104,0.2454071409458769,,False,0.7184230652832104,0.20759837177747625,0.9331287373727654
seller,d51e0a403fe2e689ece6c73359d96e12,18,2.0,1.2828930272858097,0.1111111111111111,1.558976436430837,0.18879927896747728,5.631558917277057,0.7171069727141903,0.36710422132719034,,False,0.7171069727141903,0.20793758480325644,0.9335083281179589
seller,a420f60ff1aa9acc80d0e42959f2b313,64,6.0,5.284911303621738,0.09375,1.1353076059929736,0.41663788226339726,2.4710866980055197,0.7150886963782623,0.43390074749763047,,False,0.7150886963782623,0.20827679782903663,0.9338868505162425
seller,31da954dc0855f2495c6310f70a2f931,28,3.0,2.288825383328192,0.10714285714285714,1.3107159776591106,0.2703011454705152,3.8304682976705675,0.711174616671808,0.4009957000810707,,False,0.711174616671808,0.20861601085481682,0.9342633010500916
seller,578fa3a9cb6b6dceab39231ad59cdaca,3,1.0,0.2898163324476034,0.3333333333333333,3.450461164678469,0.08735811322457869,19.224739143872124,0.7101836675523966,0.2515989880617819,,False,0.7101836675523966,0.208955223880597,0.9346392270386092
seller,6a51fc556dab5f766ced6fbc860bc613,24,2.0,1.2898625139860862,0.08333333333333333,1.5505528521945822,0.18777914383716848,5.601130034702205,0.7101374860139138,0.3695810847813753,,False,0.7101374860139138,0.2092944369063772,0.9350151285815627
seller,aeb36d67f1414f234d42a29e27cf1f17,4,1.0,0.2921461835620788,0.25,3.422943910501257,0.08666143666706513,19.071422816498877,0.7078538164379212,0.2533406213325835,,False,0.7078538164379212,0.20963364993215738,0.9353898212953328
seller,0f0c984a4a955310903b6b6008660bad,4,1.0,0.29380932350755795,0.25,3.4035679605459355,0.0861708800865831,18.963466932987146,0.706190676492442,0.25458138830035804,,False,0.706190676492442,0.20997286295793757,0.9357636336487728
seller,1d2732ef8321502ee8488e8bed1ab8cd,4,1.0,0.29436488484486745,0.25,3.3971443316923065,0.08600824788470457,18.92767676373898,0.7056351151551326,0.25499539904629875,,False,0.7056351151551326,0.21031207598371776,0.9361371519234349
seller,09883d9ab71c8fe8a9bfc7fc3075b07e,4,1.0,0.29598263166321226,0.25,3.3785766224886573,0.08553815418837846,18.824224109469593,0.7040173683367877,0.25619965351708623,,False,0.7040173683367877,0.21065128900949798,0.9365098138659965
seller,67bf6941ba2f1fa1d02c375766bc3e53,15,2.0,1.2971050424518662,0.13333333333333333,1.541895170046891,0.18673065836374086,5.569855509980456,0.7028949575481338,0.3721508758274745,,False,0.7028949575481338,0.21099050203527817,0.9368818816757943
seller,180c3376aff0e43dd5788709df48a843,5,1.0,0.29753420135689884,0.2,3.3609581535148556,0.08509209317392258,18.726060283253247,0.7024657986431011,0.2573528167549361,,False,0.7024657986431011,0.21132971506105835,0.9372537223162091
seller,9853a239ab7b7ebbdc3a21248d5b8e1f,4,1.0,0.30031205095834346,0.25,3.329869703226498,0.08430500175899279,18.552846524669587,0.6996879490416565,0.25941291628887186,,False,0.6996879490416565,0.21166892808683854,0.9376240925400187
seller,38e6dada03429a47197d5d584d793b41,7,1.0,0.3027035105659912,0.14285714285714285,3.3035626119109507,0.08363896387244059,18.406272793206494,0.6972964894340088,0.2611818843346262,,False,0.6972964894340088,0.21200814111261873,0.9379931968774696
seller,2b5ed0c9139dae8883a200dfcb272ece,4,1.0,0.3045843192472997,0.25,3.2831631072513447,0.08312249313049407,18.29261402789137,0.6954156807527003,0.2625701539164933,,False,0.6954156807527003,0.21234735413839892,0.9383613056346289
seller,45213867cefbf2cd4c6177e10216a951,14,2.0,1.3053391070036815,0.14285714285714285,1.5321689124834894,0.18555276345005872,5.534720923444749,0.6946608929963185,0.3750673052033669,,False,0.6946608929963185,0.2126865671641791,0.938729014855237
seller,87e24fc7052259b1f7f607d61c10d8be,7,1.0,0.30796583062247285,0.14285714285714285,3.2471134800206896,0.0822097955903631,18.091758360585878,0.6920341693775272,0.2650595699629511,,False,0.6920341693775272,0.2130257801899593,0.9390953336557071
seller,f7ccf836d21b2fb1de37564105216cc1,65,6.0,5.307970889357108,0.09230769230769231,1.1303754532698105,0.41482786914031855,2.460351477944979,0.692029110642892,0.43791286978487864,,False,0.692029110642892,0.21336499321573948,0.9394616497784054
seller,f92d8c817434bd2d84d4e9c61322b7fa,5,1.0,0.307989888114264,0.2,3.2468598437524054,0.08220337407602483,18.090345189747993,0.692010111885736,0.2650772505736372,,False,0.692010111885736,0.21370420624151967,0.9398279558443721
seller,0e44d110fa6a54e121cb2c095a77762f,6,1.0,0.3083059740613428,0.16666666666666666,3.2435310507510073,0.08211909633399599,18.07179834222195,0.6916940259386573,0.2653095126176015,,False,0.6916940259386573,0.21404341926729986,0.9401940945945758
seller,8378eb36b6b70c5734e83ad7b8cdc3b7,7,1.0,0.31098807668341666,0.14285714285714285,3.2155573636927306,0.08141086389644192,17.91593893360351,0.6890119233165833,0.26727738769907705,,False,0.6890119233165833,0.21438263229308005,0.9405588136105255
seller,6861de0f40cacb0602e473c51639f980,3,1.0,0.3126424766446432,0.3333333333333333,3.198541704032826,0.08098006469244642,17.821133745916935,0.6873575233553568,0.26848860176794154,,False,0.6873575233553568,0.21472184531886024,0.9409226568925358
seller,c5e60e39c0f42b8e827daa13cff74afa,5,1.0,0.313833013782086,0.2,3.186407917856478,0.08067286382391121,17.75352861636042,0.686166986217914,0.2693589750453404,,False,0.686166986217914,0.21506105834464043,0.9412858699800335
seller,0d83f8e03188682112cc0d93523705cc,4,1.0,0.316042338992047,0.25,3.164133018345888,0.08010891219523275,17.629420819718415,0.683957661007953,0.2709714168211954,,False,0.683957661007953,0.21540027137042062,0.941647913591519
seller,fce62094ffe6a4009188ec44e681dfdd,4,1.0,0.31619722022109215,0.25,3.1625831476341815,0.08006967286615328,17.620785492810725,0.6838027797789079,0.2710843209205787,,False,0.6838027797789079,0.2157394843962008,0.9420098752187491
seller,6b15924333bd1a741595fe981ea04822,20,2.0,1.3238342759502795,0.1,1.5107631191709043,0.1829604225726075,5.457395837963108,0.6761657240497205,0.38159750637515194,,False,0.6761657240497205,0.216078697421981,0.9423677942752253
seller,5e49e3a44bdeb5aab2684258bbd4f525,3,1.0,0.32550064758642683,0.3333333333333333,3.0721905084212784,0.07778112938336781,17.11714994195063,0.6744993524135732,0.27783428739874516,,False,0.6744993524135732,0.21641791044776118,0.9427248312607202
seller,081acf3de680d554796c9cf041be7bc2,4,1.0,0.3269099280889032,0.25,3.058946560130318,0.07744582164358342,17.04335938498536,0.6730900719110968,0.27885130465745206,,False,0.6730900719110968,0.2167571234735414,0.9430811222629009
seller,d05ae8f7a5bd1d2a690a44cd079e4e27,77,7.0,6.330191722422738,0.09090909090909091,1.1058116889579623,0.444593651334581,2.278394714430928,0.6698082775772622,0.44657771786814304,,False,0.6698082775772622,0.21709633649932158,0.943435676092241
seller,ebef8d8c92b4fd3226e5d407bbff21ac,3,1.0,0.3344750155390647,0.3333333333333333,2.98975993285575,0.07569416789916526,16.657876170389663,0.6655249844609352,0.2842862736738426,,False,0.6655249844609352,0.21743554952510177,0.9437879626190896
seller,05aebce0b5c8f0d41b29b686f2d05fd3,2,1.0,0.335564294985775,0.5,2.9800548358173544,0.07544845611587828,16.603802830617266,0.664435705014225,0.28506546147198725,,False,0.664435705014225,0.21777476255088196,0.9441396725507961
seller,d7485b33791774c36108f8c69602d48d,9,1.0,0.33936800358020036,0.1111111111111111,2.946653748881418,0.07460281381036767,16.417703885340483,0.6606319964197996,0.2877796987642702,,False,0.6606319964197996,0.21811397557666215,0.9444893690415032
seller,b33aaadd1a8891d2dfef0c4c3bdf0371,15,2.0,1.3393732127694704,0.13333333333333333,1.4932357769531075,0.1808377801159246,5.394081051378661,0.6606267872305296,0.38706119520263216,,False,0.6606267872305296,0.21845318860244234,0.9448390627747973
seller,039e6ad9dae79614493083e241147386,5,1.0,0.34160559039938443,0.2,2.927352561270619,0.0741141500485687,16.3101645509515,0.6583944096006156,0.2893715718813365,,False,0.6583944096006156,0.21879240162822253,0.9451875748295966
seller,5a6a02f419701fc8c605af71d4fc57a4,9,1.0,0.3417362239894021,0.1111111111111111,2.9262335386225016,0.07408581884803359,16.303929755809804,0.6582637760105978,0.2894643977608493,,False,0.6582637760105978,0.21913161465400272,0.9455360177352959
seller,e5f9e61ceb5f523cc966e0f34095032f,4,1.0,0.34282015532114074,0.25,2.916981351528875,0.07385157375176243,16.252379868737872,0.6571798446788593,0.2902341523065315,,False,0.6571798446788593,0.2194708276797829,0.9458838868768045
seller,b55638ad525e906c698fa2ce742c1742,11,2.0,1.343111685005876,0.18181818181818182,1.4890794431523766,0.18033442881029316,5.379066944602118,0.656888314994124,0.3883725105103243,,False,0.656888314994124,0.2198100407055631,0.9462316017010709
seller,238fac594e170b59c6d228f5a4f4f1d9,28,3.0,2.345928167549659,0.10714285714285714,1.2788115345976363,0.2637216822976338,3.7372299761845698,0.6540718324503412,0.41610261466640036,,False,0.6540718324503412,0.22014925373134328,0.946577825658914
seller,f44bdc12aa39f5271f0b95f66cd4c289,3,1.0,0.34805104765964817,0.3333333333333333,2.8731417610266154,0.07274165141731632,16.008121304054487,0.6519489523403519,0.29393716756074345,,False,0.6519489523403519,0.22048846675712347,0.9469229258992733
seller,b16d3dadc47d4eb18be3d88bad0775ce,9,1.0,0.3490709666642606,0.1111111111111111,2.8647469869982296,0.07252911414039415,15.961348616820809,0.6509290333357394,0.2946569273512609,,False,0.6509290333357394,0.22082767978290366,0.9472674862594896
seller,f9d010e39375d9c91dce3f40b73a2f84,4,1.0,0.34945929104171874,0.25,2.861563637409827,0.07244851870676809,15.943612128125535,0.6505407089582813,0.2949307760863307,,False,0.6505407089582813,0.22116689280868385,0.9476118410655202
seller,3968920b9aa752ab98f7d5888c9252f2,7,1.0,0.350556064935492,0.14285714285714285,2.852610751960649,0.07222185127206047,15.89372984308279,0.649443935064508,0.29570365369095686,,False,0.649443935064508,0.22150610583446403,0.9479556153093258
seller,9e9b539eb2806acee3f5c28085c1db9f,3,1.0,0.3531580558376182,0.3333333333333333,2.8315933431794607,0.07168973655221102,15.77662833635242,0.6468419441623818,0.29753384427424356,,False,0.6468419441623818,0.22184531886024422,0.9482980122249182
seller,2f09f7d37a97956d11cc1a7cadd5262b,6,1.0,0.358712736591351,0.16666666666666666,2.787746009529652,0.07057961817824207,15.532326629612173,0.641287263408649,0.30142500243396614,,False,0.641287263408649,0.2221845318860244,0.9486374688464024
seller,4dc646b9b9e8e411ef48ba000ea3ac6f,4,1.0,0.35956472787860294,0.25,2.781140424701564,0.0704123792499406,15.495522666561468,0.6404352721213971,0.30201992877336786,,False,0.6404352721213971,0.2225237449118046,0.9489764744779787
seller,e8dba4d70f7f2b20e775d09cae01142d,8,1.0,0.3615127868810891,0.125,2.766153885253652,0.07003295292184937,15.412023013093464,0.6384872131189109,0.3033783116001488,,False,0.6384872131189109,0.22286295793758482,0.9493144489312281
seller,6e386f64c84e482f0b9abf960797ee1b,28,3.0,2.361563617064617,0.10714285714285714,1.2703447742512854,0.2619756327651254,3.712486509527062,0.638436382935383,0.4202177031338074,,False,0.638436382935383,0.223202170963365,0.9496523964782166
seller,191d55f7edb8524d525ed01b20fe32e8,3,1.0,0.36270764636946873,0.3333333333333333,2.7570414078928995,0.06980224496976865,15.361251538831349,0.6372923536305313,0.30421017955271545,,False,0.6372923536305313,0.2235413839891452,0.949989738448976
seller,8759e7aedd644f487315e5860962f162,3,1.0,0.3643848727154325,0.3333333333333333,2.7443510279334595,0.06948095236670787,15.29054526720183,0.6356151272845675,0.30537619845866576,,False,0.6356151272845675,0.22388059701492538,0.9503261926029624
seller,7ecef8194babfec876ca720714327841,7,1.0,0.3646571865764379,0.14285714285714285,2.7423016378435863,0.06942906630192756,15.279126796452134,0.6353428134235621,0.3055653283954893,,False,0.6353428134235621,0.22421981004070557,0.9506625026113394
seller,0176f73cc1195f367f7b32db1e5b3aa8,35,4.0,3.366787118168631,0.11428571428571428,1.1880763052746282,0.32371080658617907,3.0419472084040238,0.6332128818313691,0.43436818360101903,,False,0.6332128818313691,0.22455902306648576,0.9509976851696276
seller,d7b2377bae6ace1b11fc69a11900ac36,3,1.0,0.3686963823033062,0.3333333333333333,2.712258779847086,0.06866844699187287,15.111738705251016,0.6313036176966937,0.3083646286868311,,False,0.6313036176966937,0.22489823609226595,0.9513318570851199
seller,7d7d2b7a51328016102d4528c411d630,6,1.0,0.36919932839185504,0.16666666666666666,2.7085639737097127,0.06857490259954768,15.09115256305492,0.6308006716081449,0.30871239652996607,,False,0.6308006716081449,0.22523744911804613,0.9516657627729952
seller,fe87f472055fbcf1d7e691c00b1560dc,6,1.0,0.371777081551921,0.16666666666666666,2.6897838775474483,0.06809943173098497,14.986516564391243,0.628222918448079,0.3104920705686704,,False,0.628222918448079,0.22557666214382632,0.9519983039625737
seller,65febd49fd28ec955651299159b1f527,32,2.0,1.3737506098494086,0.0625,1.4558683254883078,0.17631240838576673,5.2590969684926545,0.6262493901505914,0.39907152997486195,,False,0.6262493901505914,0.2259158751696065,0.9523298004920029
seller,9c7fd21e0aa159b20da593371f08ff7c,7,1.0,0.37590777079967524,0.14285714285714285,2.660226996299338,0.06735111628693086,14.821836162328442,0.6240922292003248,0.3133343392532945,,False,0.6240922292003248,0.2262550881953867,0.9526601551578556
seller,9e6967d3cf386d284251784b18ccb485,9,1.0,0.37607575075073785,0.1111111111111111,2.659038765471475,0.06732103288699,14.81521576388947,0.6239242492492622,0.3134496756300124,,False,0.6239242492492622,0.2265943012211669,0.9529904209058242
seller,7f40d06aa0b5f1aa4f41af8c0480e2ef,6,1.0,0.3792129099212712,0.16666666666666666,2.637041023227851,0.06676409827277803,14.692652188702207,0.6207870900787288,0.3156001183718787,,False,0.6207870900787288,0.22693351424694708,0.9533190260415929
seller,f125f3a310c2e5f822d116147de1e474,16,2.0,1.380345780604411,0.125,1.4489123146551448,0.17547000320304454,5.233969465651201,0.619654219395589,0.4013630855596484,,False,0.619654219395589,0.22727272727272727,0.9536470315077962
seller,74636e24f01da9268b0ed88dacd8513e,4,1.0,0.38038954551733206,0.25,2.6288840263472384,0.06655758099202623,14.647204310942431,0.6196104544826679,0.31640493405429826,,False,0.6196104544826679,0.22761194029850745,0.9539750138076427
seller,edd066cd02126d7800f9b66e980e9931,6,1.0,0.3819351056693365,0.16666666666666666,2.618245835892756,0.06628824532879933,14.587932107405162,0.6180648943306635,0.31746065529783307,,False,0.6180648943306635,0.22795115332428764,0.9543021779864109
seller,62760d278921b5f352461620d68a9cee,3,1.0,0.38703697423290884,0.3333333333333333,2.583732476676055,0.06541444272725808,14.395635977626332,0.6129630257670912,0.3209340134814884,,False,0.6129630257670912,0.22829036635006783,0.9546266415609964
seller,9cad4b68bb993ee401a3c5aaa2bc26dd,4,1.0,0.3913381451176349,0.25,2.5553348490968175,0.06469547704499758,14.23741452360613,0.6086618548823651,0.323848519943128,,False,0.6086618548823651,0.22862957937584802,0.9549488283697387
seller,318f287a62ab7ac10b703ac37435a231,51,5.0,4.392638038399659,0.09803921568627451,1.1382681560126036,0.36959257191833056,2.6563381679346647,0.6073619616003407,0.4474041683010072,,False,0.6073619616003407,0.22896879240162823,0.9552703270977925
seller,a1bea7061f61f6fdd9a85a6325ba1033,9,1.0,0.3933746042650453,0.1111111111111111,2.5421061480781986,0.0643605553327266,14.163708919005035,0.6066253957349548,0.32522407370481726,,False,0.6066253957349548,0.22930800542740842,0.955591435934803
seller,83f2b4881141ce3fcd4e985125d3279e,3,1.0,0.39405665784784716,0.3333333333333333,2.5377061396742575,0.06424915676482636,14.139193641261143,0.6059433421521528,0.32568415012671376,,False,0.6059433421521528,0.2296472184531886,0.9559121837360997
seller,55f7a3319d80f7fdf078b8f03e6725fe,22,2.0,1.3961785333226504,0.09090909090909091,1.4324815575271486,0.17348016228809296,5.1746159214542,0.6038214666773496,0.40684726076617184,,False,0.6038214666773496,0.2299864314789688,0.9562318083517025
seller,a63bfbaa882c8f4542891b4e2246cc7f,6,1.0,0.39694803455074334,0.16666666666666666,2.5192214420000267,0.06378116473846253,14.036203497631009,0.6030519654492567,0.3276310353198462,,False,0.6030519654492567,0.230325644504749,0.9565510256423795
seller,2a61c271b1ac763450d846849783e922,17,3.0,2.3979002296988,0.17647058823529413,1.2510945880249695,0.2580057815722019,3.6562292964305607,0.6020997703012001,0.42974255530787137,,False,0.6020997703012001,0.23066485753052918,0.9568697389016083
seller,f9ec7093df3a7b346b7bcf7864069ca3,8,1.0,0.39855271123620784,0.125,2.509078402448343,0.06352436521071594,13.979690098348838,0.6014472887637922,0.3287091049135926,,False,0.6014472887637922,0.23100407055630937,0.9571881067786804
seller,4170f6a9367e6b5d6401d03ce6d54569,4,1.0,0.3987179415340093,0.25,2.508038630397833,0.06349804046159371,13.973896859275532,0.6012820584659907,0.32882001334513045,,False,0.6012820584659907,0.23134328358208955,0.9575063871933592
seller,ba6ce6de456f6c11d08c17701ba5c26f,6,1.0,0.3998619702135172,0.16666666666666666,2.5008629839592467,0.06331636882289841,13.933916716220267,0.6001380297864828,0.3295874234456943,,False,0.6001380297864828,0.23168249660786974,0.9578240620321401
seller,7210cd29727d674c00741e5e387b3ccd,9,1.0,0.40050410451387236,0.1111111111111111,2.4968533124368086,0.06321485272921326,13.91157625638244,0.5994958954861276,0.3300177801682951,,False,0.5994958954861276,0.23202170963364993,0.9581413969659321
seller,28ea411b354f14b1a494be4e79f0ce02,6,1.0,0.4010916260037578,0.16666666666666666,2.493195906290577,0.0631222552226824,13.891198493599807,0.5989083739962422,0.3304112935101955,,False,0.5989083739962422,0.23236092265943012,0.9584584209032778
seller,7b7ed56ae755e2880f2b69632e839c1e,5,1.0,0.4019680417991891,0.2,2.4877599610258803,0.06298462900425769,13.860911345092255,0.5980319582008109,0.3309978745470163,,False,0.5980319582008109,0.2327001356852103,0.9587749809219369
seller,83353a83fd769dfafa4f21a72b15e3e5,5,1.0,0.4035810901919026,0.2,2.477816786521144,0.0627328896213925,13.805511522577989,0.5964189098080974,0.33207613747126513,,False,0.5964189098080974,0.2330393487109905,0.9590906870955427
seller,edf96ef93ed595084bbcbd9224bd2894,25,3.0,2.404075191285166,0.12,1.2478811024193739,0.25734308358503244,3.646838127827246,0.5959248087148339,0.4313556067021684,,False,0.5959248087148339,0.23337856173677068,0.9594061317235084
seller,ffeee66ac5d5a62fe688b9d26f83f534,14,2.0,1.404080317005111,0.14285714285714285,1.4244199393564463,0.1725038629275816,5.145494584764314,0.595919682994889,0.4095751350510935,,False,0.595919682994889,0.23371777476255087,0.9597215736382444
seller,3afc536624bc2e65bddfb5db33cc01f3,6,1.0,0.405550957772459,0.16666666666666666,2.465781379219591,0.06242817949031906,13.738454525029034,0.594449042227541,0.33339056398621164,,False,0.594449042227541,0.23405698778833106,0.9600362370894513
seller,8e34331b7eedd03be4e5d965c1956225,5,1.0,0.406939457240063,0.2,2.457367999609035,0.06221517116084007,13.691578174126422,0.593060542759937,0.3343155085421025,,False,0.593060542759937,0.23439620081411125,0.9603501655574999
seller,b98b715fe9e276204e2a3464f48cd796,4,1.0,0.4076292125950831,0.25,2.453209851260945,0.06210989595939294,13.668410454364242,0.5923707874049169,0.3347745096673993,,False,0.5923707874049169,0.23473541383989144,0.9606637289130071
seller,14ee35374a7876217954b5fa08e50463,6,1.0,0.4102554767772815,0.16666666666666666,2.4375055461913493,0.0617122973791142,13.58091166681394,0.5897445232227185,0.3365192754349822,,False,0.5897445232227185,0.23507462686567165,0.9609759020915729
seller,6b3bd31ad8fcda4b2635ec9f3ff2ecdf,34,3.0,2.411931925008043,0.08823529411764706,1.2438161993274317,0.2565048028432802,3.6349587560242136,0.5880680749919569,0.43340555674058406,,False,0.5880680749919569,0.23541383989145184,0.9612871878652502
seller,a4b6b9b992b46e9ef863637af96e04bc,5,1.0,0.41689945447588794,0.2,2.3986598909254186,0.06072881053806745,13.364477528384828,0.5831005455241121,0.3409128151208173,,False,0.5831005455241121,0.23575305291723203,0.9615958441453035
seller,94b9108d4b637ba65bb4f1e53cfcf8d8,7,1.0,0.417049885714471,0.14285714285714285,2.3977946865681194,0.06070690546028218,13.359656918245669,0.582950114285529,0.341011954965321,,False,0.582950114285529,0.23609226594301222,0.961904420796643
seller,9485a23c0430ba1d58d359391606fce6,4,1.0,0.42102013231800817,0.25,2.3751833302942207,0.06013443548387523,13.233674504502035,0.5789798676819918,0.3436231131120679,,False,0.5789798676819918,0.2364314789687924,0.9622108958523709
seller,72146da5774cabf2632faedcae097a76,4,1.0,0.4217346118270096,0.25,2.3711594257532456,0.06003255904135972,13.211254743360543,0.5782653881729904,0.34409191345386964,,False,0.5782653881729904,0.2367706919945726,0.9625169927081655
seller,46ef1a25845fc051c2998d878354810c,5,1.0,0.4287181653131447,0.2,2.332534706733453,0.05905466582176946,12.996051582907043,0.5712818346868553,0.34865652550073034,,False,0.5712818346868553,0.23710990502035278,0.9628193929156597
seller,e5a38146df062edaf55c38afa99e42dc,117,11.0,10.430878151925922,0.09401709401709402,1.0545612593479483,0.5264331811049837,1.8869013928293208,0.5691218480740776,0.47070457307281754,1.0,False,0.5691218480740776,0.23744911804613297,0.9631206497638517
seller,e5d4b2b0c3bca22085f7a19a28de0c42,4,1.0,0.4323846755461317,0.25,2.3127554156190455,0.05855389752726953,12.885848426292,0.5676153244538683,0.3510403102590732,,False,0.5676153244538683,0.23778833107191316,0.9634211091544183
seller,c8660dcf9ba70575f45d80fe28c27713,4,1.0,0.4325357044570055,0.25,2.3119478685704684,0.05853345220615537,12.881349062115923,0.5674642955429945,0.35113831453328986,,False,0.5674642955429945,0.23812754409769335,0.9637214885999013
seller,4ef4c39cf3c24f326434cf0b2e48046a,6,1.0,0.4326135599954817,0.16666666666666666,2.3115317975942413,0.05852291820107142,12.879030863011065,0.5673864400045183,0.35118883004272694,,False,0.5673864400045183,0.23846675712347354,0.9640218268336224
seller,13f57c12a00ed4610db646b913a7f5c6,7,1.0,0.4350335100933634,0.14285714285714285,2.298673497095403,0.05819737421803753,12.807388998018007,0.5649664899066367,0.35275702245797874,,False,0.5649664899066367,0.23880597014925373,0.9643208840999342
seller,08061dc0fc165ed41288cc7acde738ee,4,1.0,0.4382101463132667,0.25,2.2820101460752626,0.05777549469653479,12.714546748435746,0.5617898536867333,0.35480981572855846,,False,0.5617898536867333,0.23914518317503392,0.9646182598574116
seller,ac6417315ae5da8f9a38ee11de6f7780,7,1.0,0.4402847334952691,0.14285714285714285,2.271257492989466,0.057503261090386906,12.654636799935208,0.5597152665047309,0.35614693155355687,,False,0.5597152665047309,0.2394843962008141,0.9649145374606045
seller,989becdce12ebc39863c2bceab6f3ca1,15,2.0,1.4433096884710463,0.13333333333333333,1.3857039940739795,0.16781518234007467,5.005639278551057,0.5566903115289537,0.42302488322911735,,False,0.5566903115289537,0.2398236092265943,0.9652092138453502
seller,c847e075301870dd144a116762eaff9a,41,4.0,3.444084949700666,0.0975609756097561,1.1614115384545467,0.31644555507292227,2.9736748149298164,0.5559150502993342,0.4512549200606471,,False,0.5559150502993342,0.24016282225237448,0.9655034798561919
seller,7b7f91e98f8c6def45a1407923304402,11,1.0,0.44517603984123777,0.09090909090909091,2.246302384909637,0.0568714524557946,12.515595836932064,0.5548239601587622,0.3592885246424974,,False,0.5548239601587622,0.24050203527815467,0.9657971683134255
seller,4fb41dff7c50136976d1a5cf004a42e2,3,1.0,0.4471125300621491,0.3333333333333333,2.236573418913129,0.056625136362809324,12.46138950783695,0.5528874699378509,0.3605280555918192,,False,0.5528874699378509,0.24084124830393486,0.966089831716108
seller,6ddc28b61be28373b4503a1f61cf98a9,10,1.0,0.4504207120015796,0.1,2.220146572648047,0.05620924462328253,12.369864978410137,0.5495792879984204,0.36264004977243053,,False,0.5495792879984204,0.24118046132971507,0.9663807439780326
seller,851773c885feb5e2da3b4f82bc2b17ce,10,2.0,1.4568834417199479,0.2,1.372793418283941,0.16625165171622847,4.959001839704304,0.5431165582800521,0.4276415302768215,,False,0.5431165582800521,0.24151967435549526,0.9666682352825784
seller,e38db885400cd35c71dfd162f2c1dbcf,30,4.0,3.458336351156041,0.13333333333333333,1.156625496725584,0.3151415197836406,2.9614206472369786,0.5416636488439588,0.4543507573248275,,False,0.5416636488439588,0.24185888738127545,0.9669549575094321
seller,13511db12ac61e2f89c53b72a944a60b,6,1.0,0.4603038154072858,0.16666666666666666,2.172478190551561,0.055002385678441935,12.1042737523455,0.5396961845927142,0.36890811905895665,,False,0.5396961845927142,0.24219810040705564,0.9672406382860563
seller,5b2e94f2c22b39ccc24d34ad0f669672,8,1.0,0.4606611538049066,0.125,2.1707929825216117,0.054959719905126096,12.094884374163076,0.5393388461950934,0.3691335921329509,,False,0.5393388461950934,0.24253731343283583,0.9675261299104985
seller,c794dab4928dd97beb41d05514441e86,16,2.0,1.4614873273127607,0.125,1.3684689306731133,0.16572793620408302,4.943380303548718,0.5385126726872393,0.42920294651340873,,False,0.5385126726872393,0.24287652645861602,0.9678111842113203
seller,55bb6fe5bebe5012e2d7d9928e1128ff,15,2.0,1.463351077606464,0.13333333333333333,1.366726023990981,0.16551686211905867,4.9370843253425205,0.536648922393536,0.42983439655024,,False,0.536648922393536,0.2432157394843962,0.9680952519614744
seller,80f2cf9abf6b5a0e5c612b5eea6646e6,5,1.0,0.46548128179694187,0.2,2.1483140979151822,0.05439060382095951,11.969640045309987,0.5345187182030582,0.3721671320660283,,False,0.5345187182030582,0.2435549525101764,0.9683781921172431
seller,1ca4bdb0cd7fc48e949bac066188ed26,3,1.0,0.46752973696158784,0.3333333333333333,2.1389013809022375,0.05415229445901531,11.917195742774034,0.5324702630384122,0.37345190319959043,,False,0.5324702630384122,0.24389416553595658,0.9686600479513527
seller,26d8a1c7c75d513045798992ead43aa2,34,3.0,2.4679811432025685,0.08823529411764706,1.2155684447844115,0.25067943675322546,3.552406830128976,0.5320188567974315,0.4479476469389219,,False,0.5320188567974315,0.24423337856173677,0.9689416648397569
seller,b4a476fbd28de64b1e347abf9089366a,29,3.0,2.4690586018804046,0.10344827586206896,1.2150379896674939,0.2505700441554641,3.5508566151752237,0.5309413981195954,0.4482257330623576,,False,0.5309413981195954,0.24457259158751696,0.9692227113901809
seller,18a349e75d307f4b4cc646a691ed4216,107,7.0,6.4698662565238525,0.06542056074766354,1.0819389029783406,0.4349955532205969,2.2292076512647157,0.5301337434761475,0.46872542510395965,1.0,False,0.5301337434761475,0.24491180461329715,0.9695033304196916
seller,1dc2de47ee26a0a5b12dc14fd6dc0dea,24,3.0,2.4708567989394217,0.125,1.214153730514737,0.25038768865972205,3.548272434689677,0.5291432010605783,0.4486897109699197,,False,0.5291432010605783,0.24525101763907733,0.9697834251191538
seller,282c7480173bb9c01dd41cc739fec010,5,1.0,0.47464584617541644,0.2,2.1068339859239527,0.05334041831039872,11.738527653478647,0.5253541538245836,0.3778946615592318,,False,0.5253541538245836,0.24559023066485752,0.9700615141384058
seller,c4fb51fb1c5b7c07bc5e67be6e7e8f6e,15,2.0,1.4752002462932219,0.13333333333333333,1.3557481467519121,0.16418739025604911,4.897428458189077,0.5247997537067781,0.4338402212199463,,False,0.5247997537067781,0.2459294436906377,0.9703393096935555
seller,b248792ac0b60ec3f93d80af1b4fae47,7,1.0,0.4773725602252388,0.14285714285714285,2.094799917967991,0.05303574208861978,11.671478118285702,0.5226274397747612,0.37958865435947803,,False,0.5226274397747612,0.2462686567164179,0.9706159553641057
seller,717b78b0950b51ed00b1471d858b0edc,5,1.0,0.4798648571886386,0.2,2.0839200558645876,0.05276028782899026,11.610859406502948,0.5201351428113614,0.3811329784158124,,False,0.5201351428113614,0.2466078697421981,0.9708912817714251
seller,15aac934c58d886785ac1b17953ea898,25,3.0,2.481492338378743,0.12,1.20894993452207,0.24931454082175578,3.53306473453403,0.5185076616212569,0.4514306697293109,,False,0.5185076616212569,0.24694708276797828,0.9711657466938877
seller,a154d7316f158bb42e6fa18bbe3afd3a,2,1.0,0.4831315457808347,0.5,2.069829653503178,0.05240354972758271,11.532352709310333,0.5168684542191653,0.3831513258042554,,False,0.5168684542191653,0.2472862957937585,0.9714393439243838
seller,ba6b4a237f92479743cf0ca06b67a9ac,8,1.0,0.48315683702316414,0.125,2.06972130656625,0.05240080662063788,11.531749038815267,0.5168431629768359,0.38316692647627415,,False,0.5168431629768359,0.24762550881953868,0.9717129277673076
seller,af7cdac9d9897cddead9c6b08976c642,6,1.0,0.48430987169784934,0.16666666666666666,2.064793757959736,0.05227605189118491,11.504294495188255,0.5156901283021507,0.3838777465197088,,False,0.5156901283021507,0.24796472184531887,0.9719859012671332
seller,167fd940acebc789debd6eb418c46e38,5,1.0,0.4860117160669591,0.2,2.0575635667643604,0.052092999298810685,11.464010448199316,0.513988283933041,0.3849253989838963,,False,0.513988283933041,0.24830393487109906,0.9722579739189726
seller,87d3c3aeb3ead335511b3ce315eb341e,12,1.0,0.48630212701670483,0.08333333333333333,2.0563348265298647,0.052061890289491146,11.457164345792606,0.5136978729832952,0.38510399744821183,,False,0.5136978729832952,0.24864314789687925,0.9725298928457571
seller,bc47d5d1490df2b36add65d733eafaba,19,2.0,1.487278777012744,0.10526315789473684,1.3447378063291375,0.1628539869508873,4.8576553228541455,0.512721222987256,0.4379078782299605,,False,0.512721222987256,0.24898236092265943,0.972801294796255
seller,8bdd8e3fd58bafa48af76b2c5fd71974,8,1.0,0.49038680466804024,0.125,2.039206582397613,0.05162824069344275,11.361731877574757,0.5096131953319598,0.3876105267406053,,False,0.5096131953319598,0.24932157394843962,0.9730710515549215
seller,7fdb0720c8d7c9075538b365dc8c3a22,8,1.0,0.4926965370770019,0.125,2.029646901787973,0.05138621053537675,11.30846874628657,0.5073034629229981,0.38902335030361196,,False,0.5073034629229981,0.2496607869742198,0.9733395856884013
seller,1690cada046eb7e92c12f98b1f8a8167,10,1.0,0.49330680765002755,0.1,2.0271360226381505,0.05132264057918979,11.294479023066016,0.5066931923499725,0.38939609762379845,,False,0.5066931923499725,0.25,0.9736077967835196
seller,8f580d36c1e9d6fbce95283403c7d447,8,1.0,0.49527453628420376,0.125,2.019082199344424,0.05111873542749983,11.249605991739736,0.5047254637157963,0.3905964190659088,,False,0.5047254637157963,0.2503392130257802,0.9738749662884609
seller,b18871c324516afa228a13e8f1ef0ae9,9,1.0,0.4961201090077484,0.1111111111111111,2.0156409342084984,0.05103161013756542,11.230432489588686,0.5038798909922516,0.39111149631325187,,False,0.5038798909922516,0.2506784260515604,0.974141688201073
seller,76ea5315acb3f5f7ade3cd261faf922a,14,1.0,0.49865698235955064,0.07142857142857142,2.0053865389955816,0.05077199132856978,11.173298656272562,0.5013430176404494,0.39265421166836223,,False,0.5013430176404494,0.2510176390773406,0.9744070672545543
seller,8e4f041ff58e7845456d3482524014b3,2,1.0,0.4992263403459241,0.5,2.003099434431043,0.0507140868543648,11.160555725241165,0.5007736596540759,0.39299991042092747,,False,0.5007736596540759,0.25135685210312075,0.9746721449261908
seller,c6218512d16fcac0af02fe92691cf274,8,1.0,0.5017679753958708,0.125,1.992953016204448,0.05045720178597556,11.104023501187255,0.4982320246041292,0.3945407242013082,,False,0.4982320246041292,0.25169606512890097,0.9749358772181568
seller,3492e68f37fd1df87f4f2f2ea247f445,8,1.0,0.5035539197456769,0.125,1.9858846506548025,0.050278246264226875,11.064641088987834,0.49644608025432313,0.39562107576291766,,False,0.49644608025432313,0.25203527815468113,0.9751986641449648
seller,2e7ea2aafec5835e781b21d6d1faf1f1,7,1.0,0.5050527244892569,0.14285714285714285,1.9799912989505541,0.05012903951739482,11.031805434914379,0.49494727551074313,0.3965262432573683,,False,0.49494727551074313,0.25237449118046135,0.9754606577000289
seller,50770d25768b0486d89be26afca3108f,6,1.0,0.5052331239925698,0.16666666666666666,1.979284319479232,0.050111140346891056,11.027866397415458,0.4947668760074302,0.39663509980421824,,False,0.4947668760074302,0.2527137042062415,0.975722555763089
seller,f52c2422904463fdd7741f99045fecb6,11,1.0,0.5075194120119226,0.09090909090909091,1.9703679826467564,0.04988539824304319,10.97818774823141,0.49248058798807737,0.3980129900196891,,False,0.49248058798807737,0.2530529172320217,0.9759832436109287
seller,20a8b0dc55da94fe74d112082427c84f,7,1.0,0.5160968803448092,0.14285714285714285,1.9376207027872183,0.04905630889955159,10.795731582830788,0.48390311965519084,0.403154432731024,,False,0.48390311965519084,0.2533921302578019,0.9762393910934949
seller,aced59e9b31ef866a94f9e7f29d8d418,59,5.0,4.516197449619523,0.0847457627118644,1.1071260846713502,0.35948082612180626,2.583662961925125,0.48380255038047704,0.47096803166065576,,False,0.48380255038047704,0.2537313432835821,0.9764954853410942
seller,5e105f5c9f63f5f1fd75d6cb942e55b1,8,1.0,0.5216318033983735,0.125,1.9170610255837752,0.04853578293989584,10.681180393220387,0.47836819660162655,0.40644880157135105,,False,0.47836819660162655,0.25407055630936226,0.9767487029880202
seller,5343d0649eca2a983820bfe93fc4d17e,67,7.0,6.5217585609480775,0.1044776119402985,1.0733301355121616,0.43153438220974827,2.2114703000605607,0.4782414390519225,0.47690007530987516,,False,0.4782414390519225,0.2544097693351425,0.977001853537575
seller,d71d863e5ef30d94e440c11be17dcd8f,22,3.0,2.523536071447479,0.13636363636363635,1.1888080515049761,0.24516080031332235,3.474201605017474,0.47646392855252095,0.462209889863379,,False,0.47646392855252095,0.25474898236092264,0.9772540631863147
seller,7b0df942f46435babab05d49b744b2c4,32,3.0,2.5250952055891136,0.09375,1.1880740153320632,0.2450094244075296,3.472056439827142,0.4749047944108864,0.462607854459048,,False,0.4749047944108864,0.25508819538670285,0.9775054475287708
seller,ed4311e67debd72b8610a5347a743087,24,2.0,1.5326429414590783,0.08333333333333333,1.3049353805107387,0.15803372853000022,4.713875275376303,0.4673570585409217,0.45303996592862056,,False,0.4673570585409217,0.255427408412483,0.9777528365807159
seller,ed8cb7b190ceb6067227478e48cf8dde,14,1.0,0.5346607177517559,0.07142857142857142,1.8703449997317776,0.04735303556758585,10.420895356531174,0.46533928224824406,0.41413196894899423,,False,0.46533928224824406,0.25576662143826323,0.9779991575504422
seller,2b03ac196f5ed62ac483960fe0fa3b65,6,1.0,0.5348876225840012,0.16666666666666666,1.8695515801414069,0.047332947922745866,10.416474705514243,0.46511237741599876,0.41426489015549545,,False,0.46511237741599876,0.25610583446404345,0.9782453584112062
seller,7bcd7c5f8631701474db233ccf1c094b,8,1.0,0.5359934603049641,0.125,1.8656944049858932,0.0472352927027968,10.394983901051333,0.4640065396950359,0.41491226012541654,,False,0.4640065396950359,0.2564450474898236,0.9784909739119325
seller,39d54ff918774174706fb065d7f9dc07,21,3.0,2.537639413966466,0.14285714285714285,1.1822010579946185,0.24379827941298554,3.454893166259034,0.462360586033534,0.4658050115892352,,False,0.462360586033534,0.2567842605156038,0.9787357181496525
seller,6e0908ef4d4efadbc3cc2b74ea477cb0,7,1.0,0.5382012846411627,0.14285714285714285,1.8580409013083914,0.04704152276628275,10.352341307869052,0.4617987153588373,0.4162026061235265,,False,0.4617987153588373,0.257123473541384,0.9789801649688334
seller,c5f7feb04a6a1fb3596322bfc3cf1917,8,1.0,0.5407861061339891,0.125,1.8491599333956126,0.046816676125952375,10.302859721692677,0.45921389386601086,0.4177096695905587,,False,0.45921389386601086,0.2574626865671642,0.9792232435481925
seller,daf565f087a52def0fd5c5825b3661bc,8,1.0,0.5424512837747532,0.125,1.8434835162363425,0.04667296168627525,10.27123274954302,0.45754871622524684,0.41867847958495824,,False,0.45754871622524684,0.25780189959294436,0.9794654406885953
seller,15fa791d5e017f66402dc28c44480657,8,1.0,0.5434667880100456,0.125,1.840038843333175,0.04658575011914416,10.252040260528139,0.45653321198995445,0.4192685144088691,,False,0.45653321198995445,0.2581411126187246,0.9797071002857528
seller,1ce3ae5a399804d1a87e706f8a813c3e,35,4.0,3.5487082557425857,0.11428571428571428,1.1271707088141512,0.30711608142559604,2.886004691659441,0.45129174425741425,0.4738403773047463,,False,0.45129174425741425,0.25848032564450474,0.9799459853838212
seller,577719699805dd125d5b6fdde5943bba,7,1.0,0.5548978603973862,0.14285714285714285,1.802133458009474,0.04562606885194819,10.04084497090835,0.4451021396026138,0.42586910029632774,,False,0.4451021396026138,0.25881953867028495,0.9801815940995188
seller,ce7d1888639e6fb06b2749cbfdac1ff7,77,7.0,6.555716360245361,0.09090909090909091,1.0677704182641012,0.429299087524057,2.200015157636042,0.444283639754639,0.4822313376951895,,False,0.444283639754639,0.2591587516960651,0.9804167695535426
seller,b566ab0ef88016e00422755e305103c6,5,1.0,0.5617618148476832,0.2,1.7801138731210153,0.04506858122984842,9.91815969629335,0.43823818515231683,0.42979641476734454,,False,0.43823818515231683,0.25949796472184533,0.9806487449290499
seller,71271995e85f5b8530be99ed54a91b89,6,1.0,0.5619801501944273,0.16666666666666666,1.7794222796908963,0.045051071600181465,9.914306384329208,0.43801984980557274,0.4299208967749355,,False,0.43801984980557274,0.2598371777476255,0.9808806047317346
seller,5236605f4d4b0b3e4df85b850393fca0,5,1.0,0.566297332013724,0.2,1.7658568096092768,0.044707623633438394,9.838724422603974,0.433702667986276,0.4323767269678851,,False,0.433702667986276,0.2601763907734057,0.9811101792934073
seller,6eb94e1466490d327a09abf8f3552a50,9,1.0,0.5670791971920759,0.1111111111111111,1.7634221197877749,0.0446459826240363,9.825159199151017,0.4329208028079241,0.43282035838691174,,False,0.4329208028079241,0.26051560379918587,0.9813393399854665
seller,7c5b05cbdb5542049f38d90d7815b97d,20,1.0,0.5677749163296806,0.05,1.761261322469812,0.04459127597244715,9.81312000705523,0.4322250836703194,0.43321481888527236,,False,0.4322250836703194,0.2608548168249661,0.9815681324081378
seller,1d8dbc4f32378d715c717c1c1fc57bae,90,9.0,8.567875176307668,0.1,1.0504354714325514,0.4803259866294944,1.9940537297582193,0.43212482369233207,0.4862089351913489,,False,0.43212482369233207,0.26119402985074625,0.9817968717595642
seller,bdb3edbaee43a761e2d4f258dc08f348,5,1.0,0.5688742948553286,0.2,1.7578575953309892,0.04450510106231552,9.794155653237649,0.4311257051446714,0.4338375879498524,,False,0.4311257051446714,0.26153324287652646,0.9820250822412844
seller,5011f0d93373a4c5753adf58ca77af8d,11,1.0,0.5711948024590593,0.09090909090909091,1.7507162104677512,0.044324296851606146,9.754366403462239,0.4288051975409407,0.4351498489872533,,False,0.4288051975409407,0.2618724559023066,0.9822520643941162
seller,07de60b03d150fb3ea09eab5da5e4c8b,9,1.0,0.571324205230004,0.1111111111111111,1.750319679869715,0.04431425756606517,9.752157076376385,0.42867579476999595,0.43522293743293716,,False,0.42867579476999595,0.26221166892808684,0.9824789780493652
seller,0a85ebe4e328db81ac9109781205e2f7,11,1.0,0.5793664420242401,0.09090909090909091,1.726023337675745,0.04369912743967764,9.616786521967363,0.42063355797575985,0.43974679296470987,,False,0.42063355797575985,0.26255088195386705,0.9827016346568184
seller,8e2b3afb420011ef0c88c9d5f11ea526,11,1.0,0.5794924635003114,0.09090909090909091,1.7256479816142816,0.04368962424698777,9.614695171848261,0.42050753649968864,0.43981739245221485,,False,0.42050753649968864,0.2628900949796472,0.9829242245565305
seller,d5c530f4884a75ae0dba9c148718d278,5,1.0,0.5814318861779838,0.2,1.7198919147235883,0.043543893250704464,9.582624419798927,0.4185681138220162,0.4409027704613602,,False,0.4185681138220162,0.26322930800542743,0.9831457878494358
seller,ce616e1913288884e7742faac9d981db,13,1.0,0.5823481979391961,0.07692307692307693,1.7171857035683857,0.043475377916312105,9.567546376301557,0.4176518020608039,0.44141484318348967,,False,0.4176518020608039,0.2635685210312076,0.9833668661052721
seller,4677a5437afda5fa7140b927b07be1cc,11,1.0,0.5830124332282185,0.09090909090909091,1.7152292867286982,0.04342584573042767,9.556645919346792,0.4169875667717815,0.44178575195758557,,False,0.4169875667717815,0.2639077340569878,0.9835875927572642
seller,457fe919b032a3f7dadba6fb92cf7855,9,1.0,0.5844684427801677,0.1111111111111111,1.7109563610367984,0.04331766461822901,9.532838701155544,0.41553155721983226,0.4425979258248335,,False,0.41553155721983226,0.26424694708276797,0.9838075486905603
seller,15ead3a5037a918ddb520dfe39a3d2b9,6,1.0,0.5870221186729729,0.16666666666666666,1.7035133229061423,0.04312922320801731,9.49136874694637,0.41297788132702706,0.444019534128271,,False,0.41297788132702706,0.2645861601085482,0.9840261528705307
seller,c0098efcf800861dcae589affca31408,9,1.0,0.588531925868202,0.1111111111111111,1.6991431663198229,0.04301858042270359,9.467019792884834,0.411468074131798,0.4448583240711692,,False,0.411468074131798,0.26492537313432835,0.9842439578547605
seller,b6dc74ed30f124f95227bed4e43a3bed,9,1.0,0.5886464795906603,0.1111111111111111,1.6988125040608268,0.04301020877912268,9.465177460694866,0.4113535204093397,0.4449219139743389,,False,0.4113535204093397,0.26526458616010856,0.9844617022015477
seller,d91fb3b7d041e83b64a00a3edfb37e4f,514,33.0,32.589319160874446,0.06420233463035019,1.0126017004865386,0.6970284178259685,1.422069268780814,0.4106808391255541,0.49455010706201435,1.0,False,0.4106808391255541,0.2656037991858887,0.984679090473719
seller,eba88037e1dca898cd02881f67ced679,6,1.0,0.5906432277744671,0.16666666666666666,1.6930694418828465,0.04286480703365874,9.43317916626717,0.4093567722255329,0.4460291593215311,,False,0.4093567722255329,0.26594301221166894,0.9848957778692284
seller,78a4d36f65a019172c6154468831a69f,7,1.0,0.5907244465362859,0.14285714285714285,1.6928366616000103,0.04285891354715536,9.431882197542766,0.40927555346371414,0.44607415032021325,,False,0.40927555346371414,0.2662822252374491,0.9851124222726998
seller,8931a84a914b3fe9b1ddaa4d704947ca,28,2.0,1.593863016985641,0.07142857142857142,1.2548129787103393,0.15196367314051748,4.532815926294278,0.4061369830143591,0.4730843183571587,,False,0.4061369830143591,0.2666214382632293,0.9853274053169304
seller,058cb5aeb36d7c0fcae20fc85d5e0a59,11,1.0,0.5953075869138942,0.09090909090909091,1.6798038895893341,0.04252895232788603,9.359268239503868,0.4046924130861058,0.44860706147071283,,False,0.4046924130861058,0.2669606512890095,0.9855416236978731
seller,432c37c9dfba871172ec162e20118b8c,44,4.0,3.5962938157521043,0.09090909090909091,1.112256173975448,0.30305237265448454,2.847817558883697,0.4037061842478957,0.4839961964526108,,False,0.4037061842478957,0.2672998643147897,0.9857553200321005
seller,b127efdabeffb5d559349c7b172eb75d,8,1.0,0.5979598435656915,0.125,1.672353103240018,0.04234031474976208,9.317755114983404,0.40204015643430846,0.45006755939586107,,False,0.40204015643430846,0.26763907734056985,0.9859681344773443
seller,c24173065483e421f9e5e7f599de101d,9,1.0,0.5990048884199745,0.1111111111111111,1.6694354575932604,0.04226644635751128,9.301499033898544,0.40099511158002554,0.45064196327193373,,False,0.40099511158002554,0.26797829036635007,0.986180395742421
seller,c1ed9e3daf6154542826a6996af0fb8c,8,1.0,0.6128264010263889,0.125,1.6317834844013828,0.041313180930009685,9.091715666308211,0.38717359897361114,0.4581826901319756,,False,0.38717359897361114,0.2683175033921303,0.9863853407792784
seller,d1582f4043306e6b91afa6a8a884f898,9,1.0,0.613607364626279,0.1111111111111111,1.6297066457294815,0.04126059992730014,9.080144261847867,0.38639263537372104,0.45860566454346546,,False,0.38639263537372104,0.26865671641791045,0.9865898724237605
seller,1660ad786c27fd935378b6192a90b417,12,1.0,0.6144786525461808,0.08333333333333333,1.6273958352440006,0.04120209527114065,9.067269249878724,0.38552134745381916,0.45907716944975924,,False,0.38552134745381916,0.26899592944369066,0.9867939428639266
seller,4b1eaadf791bdbbad8c4a35b65236d52,5,1.0,0.6149109839055775,0.2,1.6262516464554726,0.04117312691909492,9.060894237977134,0.3850890160944225,0.4593109768076517,,False,0.3850890160944225,0.2693351424694708,0.9869977844554146
seller,7238a95bb63ef7e498389fb863b834a1,13,1.0,0.6149752806902137,0.07692307692307693,1.6260816188866263,0.04116882219375483,9.059946904996895,0.3850247193097863,0.4593457402557299,,False,0.3850247193097863,0.26967435549525104,0.987201592012281
seller,38874e327ce94d11390b96eb42d61928,6,1.0,0.6159404296089891,0.16666666666666666,1.6235336274886507,0.041104312636795266,9.045750405564196,0.3840595703910109,0.4598673003978632,,False,0.3840595703910109,0.2700135685210312,0.9874048886807985
seller,1d0997ff06b524ce9289ffd75114ecd3,3,1.0,0.61724653062364,0.3333333333333333,1.6200982109849074,0.04101733542140743,9.026609489905992,0.38275346937636,0.46057230775922203,,False,0.38275346937636,0.2703527815468114,0.9876074939826491
seller,a254c682cc01e119f83530446f1df9a9,6,1.0,0.6180996552619386,0.16666666666666666,1.617862089853811,0.04096072173598072,9.01415062038458,0.38190034473806145,0.46103231056628896,,False,0.38190034473806145,0.2706919945725916,0.9878096476946681
seller,dc8798cbf453b7e0f98745e396cc5616,35,2.0,1.6184080596949633,0.05714285714285714,1.235782278776441,0.1496589670899294,4.464070494733983,0.38159194030503674,0.48099488345449404,,False,0.38159194030503674,0.2710312075983718,0.9880116381570282
seller,7357b52d27cbaa90f81a96cbc1279396,12,1.0,0.62006678857387,0.08333333333333333,1.6127294969304224,0.04083077573388485,8.985553642944602,0.37993321142613,0.46209148974735237,,False,0.37993321142613,0.27137042062415195,0.9882127505939958
seller,cf8ab1616079e2793aa29d524df01bb1,6,1.0,0.6208521193392978,0.16666666666666666,1.610689516634309,0.04077912790445611,8.974187600210117,0.37914788066070215,0.4625137600168195,,False,0.37914788066070215,0.27170963364993217,0.9884134473268888
seller,3dfd3dc96f7f8598eca74e9ac8a2fa31,6,1.0,0.6218079683334758,0.16666666666666666,1.6082135497236014,0.04071644184963536,8.960392395535889,0.37819203166652415,0.46302727024047935,,False,0.37819203166652415,0.27204884667571233,0.9886136380942204
seller,35fb511489d9ee3ee27a76debce9df06,7,1.0,0.6247898100151119,0.14285714285714285,1.6005382673827744,0.04052212052510509,8.91762845940803,0.3752101899848881,0.4646260530647303,,False,0.3752101899848881,0.27238805970149255,0.988812250464536
seller,b3b17aab11f273023a5f22ca52e1eb70,7,1.0,0.6255877269236948,0.14285714285714285,1.5984968325984656,0.04047043587122351,8.906254312784004,0.3744122730763052,0.4650530666060866,,False,0.3744122730763052,0.2727272727272727,0.9890104404684747
seller,b83cedfb587e7911540e3f576d6917ce,24,2.0,1.6334175795322172,0.08333333333333333,1.2244266408426716,0.14828374665425703,4.423050026064361,0.3665824204677828,0.48579595470137776,,False,0.3665824204677828,0.2730664857530529,0.9892044858472744
seller,fa3a0b5aabb344b9a92e3524b0202123,7,1.0,0.6364838053196673,0.14285714285714285,1.5711318837056043,0.03977761534965414,8.753786576141712,0.3635161946803327,0.4708502496937952,,False,0.3635161946803327,0.2734056987788331,0.9893969081614884
seller,1cbd32d00d01bb8087a5eb088612fd9c,11,1.0,0.6369896344916958,0.09090909090909091,1.5698842584745965,0.03974602821361913,8.746835253268998,0.36301036550830423,0.47111784139032303,,False,0.36301036550830423,0.2737449118046133,0.9895890627219645
seller,8090490573c6c0aa343a7231ebcb8c86,24,2.0,1.6404466923383727,0.08333333333333333,1.2191801229146328,0.1476483689931479,4.404097799377764,0.3595533076616273,0.4880347809790582,,False,0.3595533076616273,0.27408412483039346,0.9897793873362623
seller,51ed72984a04e5dd35c2b27e77179038,7,1.0,0.6445121537424069,0.14285714285714285,1.5515611213744023,0.039282126546846596,8.644745267543433,0.3554878462575931,0.4750814407923264,,False,0.3554878462575931,0.2744233378561737,0.9899675599542992
seller,89f69225956f951295ca4c7fb1266553,11,1.0,0.6508639776452518,0.09090909090909091,1.5364193354468327,0.038898769718193164,8.560380636053079,0.34913602235474817,0.47840506433354546,,False,0.34913602235474817,0.2747625508819539,0.9901523703214302
seller,f3c38ab652836d21de61fb8314b69182,14,1.0,0.6513505573510914,0.07142857142857142,1.5352715810466089,0.03886971109267518,8.553985757834651,0.3486494426489086,0.4786588001075641,,False,0.3486494426489086,0.27510176390773405,0.9903369231242645
seller,7f2617c58d5d06806987308b45654351,22,2.0,1.6556500757764308,0.09090909090909091,1.2079847241042667,0.14629255425871254,4.363656169517513,0.34434992422356925,0.49285615689541895,,False,0.34434992422356925,0.27544097693351427,0.9905192000359623
seller,cb6c9f5888a7a090c75beaf615925792,11,1.0,0.6561690986176545,0.09090909090909091,1.5239973996134395,0.03858427353197015,8.491170039364286,0.3438309013823455,0.48116486156405264,,False,0.3438309013823455,0.27578018995929443,0.9907012022100344
seller,bafc5aa11e413978be29040f51342e70,9,1.0,0.6565509904042458,0.1111111111111111,1.5231109458601058,0.03856183046605629,8.486231035168151,0.3434490095957542,0.4813629626130269,,False,0.3434490095957542,0.27611940298507465,0.9908830022349248
seller,daeb5653dd96c1b11860f72209795012,37,3.0,2.6606834146504372,0.08108108108108109,1.127529860742242,0.23252376419119483,3.2951207278052563,0.33931658534956277,0.4966957949005418,,False,0.33931658534956277,0.2764586160108548,0.9910626148176916
seller,e83c76265fc54bf41eac728805e4da77,7,1.0,0.6629797549415413,0.14285714285714285,1.508341683960132,0.038187905129203066,8.403941974714117,0.33702024505845873,0.48468646355779155,,False,0.33702024505845873,0.276797829036635,0.991241011864206
seller,9a03a4e9eb0b947652fae4f6121a3f5e,7,1.0,0.6657567582681849,0.14285714285714285,1.5020500919904636,0.038028615811799504,8.36888746789783,0.3342432417318151,0.4861155058168348,,False,0.3342432417318151,0.2771370420624152,0.9914179389420793
seller,9dda5bbacd45e18d6485fee649205d09,17,2.0,1.6694395294047284,0.11764705882352941,1.1980068548593308,0.14508418800310155,4.327612675075487,0.3305604705952716,0.4972041183385896,,False,0.3305604705952716,0.2774762550881954,0.9915929165955385
seller,d6b664fa0667064c6d76394e7848d790,6,1.0,0.6728131780066089,0.16666666666666666,1.4862966908031894,0.03762977422544061,8.281115134287946,0.3271868219933911,0.48972892660438083,,False,0.3271868219933911,0.27781546811397556,0.9917661084543596
seller,a8739afb32aaa45e01815ca76f76f54b,13,1.0,0.6760823572850937,0.07692307692307693,1.479109740439973,0.03744781639615207,8.241072009795724,0.3239176427149063,0.4913943704234342,,False,0.3239176427149063,0.2781546811397558,0.9919375698179468
seller,a5a1bfcf728ab0e19182959cf0771ee4,20,2.0,1.6794395994250038,0.1,1.190873432235817,0.14422029742950634,4.301844299847106,0.32056040057499624,0.5003422582557473,,False,0.32056040057499624,0.27849389416553594,0.9921072540714316
seller,e8a85b5f3df47be0984c55fd4064dbb4,8,1.0,0.6803611065348286,0.125,1.469807710045531,0.037212309376761565,8.189244413626218,0.3196388934651714,0.493565917314081,,False,0.3196388934651714,0.27883310719131615,0.9922764505377609
seller,6562efe88ce0826a4ca4f189f03b4b84,8,1.0,0.6821464871404332,0.125,1.4659607853322132,0.03711491367553976,8.167810720971822,0.31785351285956676,0.4944692882329023,,False,0.31785351285956676,0.2791723202170963,0.9924447019373424
seller,cd3d09fbe6e3e9ff0c0ac0c300e93ae7,11,1.0,0.6822564632707241,0.09090909090909091,1.465724480213818,0.037108930947926534,8.166494113120672,0.3177435367292759,0.49452488148730406,,False,0.3177435367292759,0.27951153324287653,0.9926128951225668
seller,5a425cc503b39b262a847fd6212bf53b,13,1.0,0.6837405560149068,0.07692307692307693,1.4625430526285736,0.03702838417520739,8.148768333141593,0.3162594439850932,0.4952744970559529,,False,0.3162594439850932,0.2798507462686567,0.9927803027236426
seller,8a9260f2b0340411d6d2a56bcf4f7378,8,1.0,0.684544186062418,0.125,1.4608260801280375,0.036984914195124514,8.139201974656558,0.31545581393758204,0.49567994669828536,,False,0.31545581393758204,0.2801899592944369,0.9929472849341697
seller,6b90f847357d8981edd79a1eb1bf0acb,42,2.0,1.6947759539675231,0.047619047619047616,1.180096988819046,0.14291522013688332,4.26291608091957,0.3052240460324769,0.5051303512872077,,False,0.3052240460324769,0.2805291723202171,0.9931088510986233
seller,276677b5d08786d5dce7c2149dcce48b,29,3.0,2.702164125546298,0.10344827586206896,1.1102212377249618,0.22895431000902808,3.2445375863206825,0.29783587445370197,0.5069054931737611,,False,0.29783587445370197,0.2808683853459973,0.9932665064357363
seller,439a47cc365d6e3bd526812ea9de3c29,8,1.0,0.7167466253123392,0.125,1.3951931752231501,0.03532323291129141,7.77351883381512,0.28325337468766076,0.5116615777737934,,False,0.28325337468766076,0.2812075983717775,0.9934164427265094
seller,3be634553519fb6536a03e1358e9fdc7,79,7.0,6.7171803863209725,0.08860759493670886,1.0421039182236298,0.41897982332752326,2.147132357956779,0.2828196136790275,0.5073574190674105,,False,0.2828196136790275,0.28154681139755766,0.9935661494118391
seller,04fdea0c111866e6cf812f1570d6b5bd,8,1.0,0.7187612210941997,0.125,1.3912826271813314,0.03522422640685531,7.751730654662972,0.2812387789058003,0.5126443919802496,,False,0.2812387789058003,0.2818860244233379,0.9937150193039531
seller,97512d3fc193b2d1dfcdba0f9d1f0f8a,12,1.0,0.7260925719806138,0.08333333333333333,1.377234857632863,0.03486856767481963,7.673461492300815,0.27390742801938617,0.5162043015310535,,False,0.27390742801938617,0.28222523744911804,0.9938600084459808
seller,31ae0774c17fabd06ff707cc5bde005f,11,1.0,0.732123142833448,0.09090909090909091,1.3658904376794052,0.03458135182874484,7.6102544298430965,0.26787685716655196,0.5191130861376352,,False,0.26787685716655196,0.28256445047489825,0.9940018053880006
seller,985c92cc412091f8529c12d7f23d3fef,12,1.0,0.7332248975781116,0.08333333333333333,1.3638380301910962,0.03452938937005031,7.598819147225346,0.2667751024218884,0.519642613818248,,False,0.2667751024218884,0.2829036635006784,0.9941430191312502
seller,fe26f3ecb51a15e6d8335cd92da42562,7,1.0,0.7367533660933282,0.14285714285714285,1.3573063198917574,0.03436402078288264,7.562426786704508,0.2632466339066718,0.5213345529989781,,False,0.2632466339066718,0.28324287652645863,0.9942823651280631
seller,f783a638e9c6af4a7d0dbfde811e7a81,5,1.0,0.7377884573956451,0.2,1.355402066779342,0.034315809268229025,7.551816967436045,0.26221154260435486,0.5218297591039083,,False,0.26221154260435486,0.2835820895522388,0.9944211632134852
seller,4a1f694197d05fe70026b016a7316b41,13,1.0,0.73798386710271,0.07692307692307693,1.355043171778203,0.03430672283350367,7.549817332474906,0.26201613289729,0.5219231890817494,,False,0.26201613289729,0.283921302578019,0.9945598578614576
seller,08633c14ef2db992c11f840f04fad4cd,70,5.0,4.738161233931971,0.07142857142857142,1.0552616834127322,0.3426405962068048,2.4626287505289652,0.2618387660680286,0.512427864085386,,False,0.2618387660680286,0.28426051560379917,0.9946984586227305
seller,d101c6da914ae3d53f7bee42283f2fe2,13,1.0,0.7415374013713508,0.07692307692307693,1.3485496458447885,0.034142320990780475,7.513637721624108,0.2584625986286492,0.5236190365018883,,False,0.2584625986286492,0.2845997286295794,0.9948352722560534
seller,03a2a6dcbe45d639c4dc2a0d24769c40,9,1.0,0.7423133967142381,0.1111111111111111,1.347139906711075,0.03410662948608518,7.505783157896805,0.2576866032857619,0.5239885625172263,,False,0.2576866032857619,0.28493894165535955,0.9949716751268795
seller,157c3e4b42f81ac4a44e8b1ca2fe9876,20,2.0,1.7449532416973184,0.1,1.1461625172572518,0.13880559819950689,4.1403331018179585,0.25504675830268164,0.5205852552936905,,False,0.25504675830268164,0.28527815468113976,0.9951066806319533
seller,723cd880edaacdb998898b67c8f9da30,10,1.0,0.7469268898408273,0.1,1.3388191181778224,0.033895965359722405,7.459422691458108,0.25307311015917267,0.5261795800039819,,False,0.25307311015917267,0.2856173677069199,0.9952406414134393
seller,1bb2bdb95f4841f1bba2c0d2cd83d3c9,79,6.0,5.748015922970754,0.0759493670886076,1.0438384445008657,0.38307031208654746,2.271996841610895,0.2519840770292463,0.5130465861924894,,False,0.2519840770292463,0.28595658073270014,0.9953740257301673
seller,8629c241b3622ac12cd4118afdc8d394,13,1.0,0.7510176106278812,0.07692307692307693,1.3315266990396661,0.03371133729224161,7.418791932563043,0.2489823893721188,0.5281138879910534,,False,0.2489823893721188,0.2862957937584803,0.9955058211446842
seller,f419677537694f0462a91990df6ca44f,6,1.0,0.7554514111915153,0.16666666666666666,1.3237118697320018,0.03351348294440016,7.375250490499679,0.24454858880848473,0.5302015054407707,,False,0.24454858880848473,0.2866350067842605,0.9956352695876557
seller,6806dad1da97bfb5a9038eac6881f706,10,1.0,0.7600997175163919,0.1,1.3156168552035208,0.033308534920938035,7.330147956302513,0.23990028248360806,0.5323802051996293,,False,0.23990028248360806,0.28697421981004073,0.9957622575133978
seller,8602a61d680a10a82cceeeda0d99ea3d,12,1.0,0.7607102823327706,0.08333333333333333,1.3145609086989478,0.03328180067009357,7.324264598939124,0.2392897176672294,0.5326656302496632,,False,0.2392897176672294,0.2873134328358209,0.9958889222450243
seller,caa9bc43a9fe8cf9c564ddd8a03cc4a6,13,1.0,0.7615614035091247,0.07692307692307693,1.3130917551653711,0.03324460492303104,7.316078999363498,0.2384385964908753,0.5330632192060044,,False,0.2384385964908753,0.2876526458616011,0.9960151364473243
seller,c273175f7c6c80fb02f051e2fc6d0d72,14,1.0,0.7627128638706049,0.07142857142857142,1.3111093930227078,0.033194415858947765,7.305033984432881,0.23728713612939512,0.5336005689725565,,False,0.23728713612939512,0.28799185888738127,0.9961407411398673
seller,fdaaf5bfda82b7b80535610c831b8d09,9,1.0,0.7654191253973883,0.1111111111111111,1.306473756428313,0.03307705170176593,7.279205870438926,0.23458087460261168,0.5348610614284358,,False,0.23458087460261168,0.2883310719131615,0.9962649133099712
seller,4be6b962d83299498bae2190f95d6566,11,1.0,0.7706921015842951,0.09090909090909091,1.2975350311029807,0.03285074277035486,7.229402480556621,0.22930789841570487,0.5373072728997825,,False,0.22930789841570487,0.28867028493894165,0.9963862943024178
seller,5d378b73ab7dd6f0418d743e5dcb0bd1,6,1.0,0.7748546388424682,0.16666666666666666,1.290564642542335,0.03267426781120054,7.190565961200422,0.2251453611575318,0.5392292456986084,,False,0.2251453611575318,0.28900949796472186,0.9965054719128309
seller,11305281b50fff20ae8bb473f8e11876,34,4.0,3.7766045878062413,0.11764705882352941,1.0591524495084947,0.28858339502770325,2.711850933103071,0.2233954121937587,0.5217170168232165,,False,0.2233954121937587,0.289348710990502,0.99662372321175
seller,b2c97074649f92197d9387d9033dda5f,10,1.0,0.7776497780624755,0.1,1.2859259119079451,0.032556825319708216,7.164720608318978,0.22235022193752452,0.5405153658256341,,False,0.22235022193752452,0.28968792401628224,0.9967414212535356
seller,406740ee611378a662d274c7d8c43c4a,8,1.0,0.7789718444433091,0.125,1.2837434460993238,0.03250157006943326,7.152560687120422,0.22102815555669086,0.5411224336325939,,False,0.22102815555669086,0.2900271370420624,0.9968584194776067
seller,af3ef48d0e13835e529c29ac573c63e5,21,1.0,0.7859218166476153,0.047619047619047616,1.272391195686035,0.03221415597328004,7.089309996132939,0.2140781833523847,0.5443005632153752,,False,0.2140781833523847,0.2903663500678426,0.9969717388291683
seller,165b1235e9e9942cb5fae67103576fb0,11,1.0,0.7947367124740747,0.09090909090909091,1.2582783509357776,0.03185684967978093,7.01067825795282,0.20526328752592526,0.5482998537180587,,False,0.20526328752592526,0.2907055630936228,0.9970803921364677
seller,4b9750c8ad28220fe6702d4ecb7c898f,212,17.0,16.799364243193402,0.08018867924528301,1.0119430565289331,0.5894941216968816,1.6202188619688267,0.20063575680659795,0.5128364097485645,1.0,False,0.20063575680659795,0.291044776119403,0.9971865959238196
seller,f5f46307a4d15880ca14fab4ad9dfc9b,9,1.0,0.801120271099711,0.1111111111111111,1.248252024165215,0.03160300506381608,6.954815140666222,0.19887972890028904,0.5511741242852279,,False,0.19887972890028904,0.29138398914518315,0.9972918701818726
seller,6b333a05bf188ef3e1f1662a86bd9855,12,1.0,0.8036092124439336,0.08333333333333333,1.2443859335046739,0.03150512412282264,6.933274662188647,0.19639078755606643,0.5522898365165304,,False,0.19639078755606643,0.29172320217096337,0.997395826952946
seller,32b8764b4ef628b53608fc34011fcc13,32,3.0,2.8043472187538434,0.09375,1.0697676735383352,0.22061181253101683,3.1263151050311815,0.1956527812461566,0.5315819426193699,,False,0.1956527812461566,0.29206241519674353,0.9974993930704965
seller,980640c45d7a4635885491d077167e4d,13,1.0,0.8087608090083418,0.07692307692307693,1.2364595178964535,0.031304444654450043,6.889111501051271,0.1912391909916582,0.5545903279669403,,False,0.1912391909916582,0.29240162822252375,0.9976006229145516
seller,9df5750209b83567ec144eb299d7d634,11,1.0,0.8121229229949614,0.09090909090909091,1.231340689550028,0.031174847141270702,6.860591214925559,0.18787707700503864,0.5560853314607107,,False,0.18787707700503864,0.29274084124830396,0.9977000730696591
seller,138dbe45fc62f1e244378131a6801526,43,2.0,1.8132654206153231,0.046511627906976744,1.1029824852234316,0.13357629599629844,3.984351979354625,0.18673457938467686,0.5410984319256003,,False,0.18673457938467686,0.2930800542740841,0.9977989184593138
seller,37dd29b36c458d82f74a953c40c43645,7,1.0,0.8146516857051673,0.14285714285714285,1.2275184812689537,0.031078077205934498,6.839295233417519,0.18534831429483267,0.557206468179224,,False,0.18534831429483267,0.29341926729986434,0.9978970300485475
seller,8daab2245ebdc277c51098d01c5ad8ef,16,1.0,0.8194120074465425,0.0625,1.220387291023727,0.030897531100606408,6.799562784418174,0.18058799255345748,0.559309298809547,,False,0.18058799255345748,0.2937584803256445,0.9979926218267265
seller,67225bff54a172ff67579aaf583efd78,8,1.0,0.8209081524401229,0.125,1.218163075890442,0.030841218848946146,6.787170250870781,0.17909184755987706,0.5599681430097256,,False,0.17909184755987706,0.2940976933514247,0.9980874216410639
seller,9dd59e43f0c9f0553244e8f9c2fb247e,10,1.0,0.8243168307143643,0.1,1.213125782150276,0.030713685613272163,6.759104246495167,0.17568316928563565,0.5614655165584379,,False,0.17568316928563565,0.2944369063772049,0.9981804171182863
seller,4324dd16853115efb0fd9d0d131ba6f4,11,1.0,0.8417606933130173,0.09090909090909091,1.187986096219558,0.030077203872092888,6.619034881529002,0.15823930668698272,0.569048917635088,,False,0.15823930668698272,0.2947761194029851,0.9982641789259799
seller,8581055ce74af1daba164fdbd55a40de,374,37.0,36.8422148481613,0.09893048128342247,1.004282727096864,0.7071077207076814,1.3842714492632109,0.15778515183870212,0.5115189013806488,1.0,False,0.15778515183870212,0.29511533242876525,0.9983477003330304
seller,5d9dc90a686a8fddacffab6bab5653a3,12,1.0,0.8450944314130872,0.08333333333333333,1.1832997151902829,0.02995855497705248,6.592924037639819,0.15490556858691285,0.5704832035824147,,False,0.15490556858691285,0.29545454545454547,0.9984296974721629
seller,1dd33b8119b3cb1056ed5dc88cd0aaf4,8,1.0,0.8482923436299783,0.125,1.1788388843884179,0.029845616519360456,6.568069879184512,0.1517076563700217,0.5718545666749417,,False,0.1517076563700217,0.29579375848032563,0.9985100018403036
seller,bb7a14e229b1c95156719c3d9552eeee,10,1.0,0.855236248914167,0.1,1.1692675576714964,0.029603291507386532,6.514741859939659,0.14476375108583295,0.5748172697424848,,False,0.14476375108583295,0.29613297150610585,0.998586630547376
seller,b9ca8e8baa5d4aa038394a700f63e69f,14,1.0,0.855728583794091,0.07142857142857142,1.1685948312796155,0.029586259549770927,6.510993668384426,0.144271416205909,0.5750265505085943,,False,0.144271416205909,0.296472184531886,0.998662998643729
seller,fe1bbc5feda5c8979a8a1b3b2512d5a6,9,1.0,0.8573630025660869,0.1111111111111111,1.1663671012243364,0.029529858307990542,6.498581550945135,0.14263699743391312,0.575720567780119,,False,0.14263699743391312,0.2968113975576662,0.9987385015829114
seller,82e0a475a88cc9595229d8029273f045,41,4.0,3.859651574484514,0.0975609756097561,1.036362978058254,0.2823740310734874,2.6535008349222653,0.14034842551548588,0.5386413745477351,,False,0.14034842551548588,0.2971506105834464,0.9988127930979228
seller,d9442042130b7fe579d1295f9f4a248f,19,1.0,0.8618236374873146,0.05263157894736842,1.160330207367652,0.02937701738850547,6.46494613118674,0.1381763625126854,0.5776089087010431,,False,0.1381763625126854,0.2974898236092266,0.9988859348611605
seller,c3acdfac4e3e97ff87529454fbc03642,12,1.0,0.8642950226137134,0.08333333333333333,1.1570123324046242,0.02929301606727565,6.446460115077024,0.13570497738628662,0.5786515108951628,,False,0.13570497738628662,0.29782903663500676,0.9989577684305616
seller,2745f798279e0ed033addcc1474776d7,31,3.0,2.8701159590621415,0.0967741935483871,1.0452539349595826,0.21555649030214197,3.0546755583377814,0.12988404093785855,0.5470905372843576,,False,0.12988404093785855,0.298168249660787,0.999026520767053
seller,994f04b3718c2bab35c2adfa8afecd2a,46,4.0,3.8818055588606635,0.08695652173913043,1.0304483156992612,0.2807624846480481,2.638356950163591,0.11819444113933653,0.5431045232962257,,False,0.11819444113933653,0.29850746268656714,0.9990890853741436
seller,e4ebd3f87bf70440014f07ddda7fbe03,7,1.0,0.8891504024653708,0.14285714285714285,1.1246691192258065,0.028474156806419387,6.266255265127537,0.1108495975346292,0.5889952068816128,,False,0.1108495975346292,0.29884667571234735,0.9991477620889625
seller,9d7a1d34a5052409006425275ba1c2b4,13,1.0,0.8900605168154282,0.07692307692307693,1.1235191103386175,0.02844504110223331,6.2598478257117085,0.1099394831845718,0.5893690980740942,,False,0.1099394831845718,0.29918588873812757,0.9992059570472268
seller,45d33f715e24d15a6ccf5c17b3a23e3c,52,4.0,3.8932339750496068,0.07692307692307693,1.0274234802312472,0.2799383187886718,2.6306121699950484,0.10676602495039322,0.5453981561416568,,False,0.10676602495039322,0.29952510176390773,0.99926247217888
seller,ccf8813e5a7d6c84d865cd38bfc2b130,25,2.0,1.8960697302865595,0.08,1.054813527189073,0.12774281170944018,3.810349140815654,0.10393026971344055,0.5651330592050801,,False,0.10393026971344055,0.29986431478968795,0.9993174862423736
seller,5670f4db5b62c43d542e1b2d56b0cf7c,20,1.0,0.8961442076738129,0.05,1.1158918301729286,0.028251935087556013,6.217351340585709,0.10385579232618714,0.5918596659342595,,False,0.10385579232618714,0.3002035278154681,0.9993724608822834
seller,bb5bd94c8f59cc050072d2930c869cac,16,1.0,0.8988074208063939,0.0625,1.112585384645376,0.028168223134578924,6.19892900521462,0.10119257919360614,0.5929451845066153,,False,0.10119257919360614,0.3005427408412483,0.9994260257868315
seller,78744a20ee2f80ba64f6804c25def2b8,6,1.0,0.9060408421834704,0.16666666666666666,1.1037030048116785,0.027943340747505842,6.149439552318391,0.09395915781652964,0.5958789601012627,,False,0.09395915781652964,0.3008819538670285,0.9994757617789364
seller,e06f09ec0a4aca210779cf1cfc63cf19,29,2.0,1.9090227087986535,0.06896551724137931,1.0476564740597551,0.12687605937196375,3.7844954040753396,0.09097729120134646,0.5688095999295231,,False,0.09097729120134646,0.3012211668928087,0.999523919360827
seller,fe701d88b67eaca109dffd464d1be9f9,10,1.0,0.9135070346359873,0.1,1.0946823199872546,0.027714956781234285,6.099179513334648,0.08649296536401274,0.5988849698716163,,False,0.08649296536401274,0.30156037991858886,0.9995697032263112
seller,c89cf7c468a48af70aada384e722f9e2,14,1.0,0.9136662520990471,0.07142857142857142,1.094491558271536,0.02771012711274496,6.098116657082019,0.08633374790095294,0.5989488293052053,,False,0.08633374790095294,0.3018995929443691,0.999615402812214
seller,271c58a1d139c45eaf3316107c6d3a3b,27,2.0,1.9256598269828755,0.07407407407407407,1.0386050391535668,0.12577988861275596,3.751798509004367,0.07434017301712448,0.5734986683855622,,False,0.07434017301712448,0.30223880597014924,0.9996547537636719
seller,373ee4a3a775a733770ca3f790b8b9ac,13,1.0,0.927931641835617,0.07692307692307693,1.0776655896999252,0.027284130471299222,6.004368360493858,0.07206835816438295,0.6046293666868865,,False,0.07206835816438295,0.30257801899592945,0.9996929021610818
seller,c12b92bf1c350f3e6bf88d3596219c86,16,1.0,0.9318301184952336,0.0625,1.0731569844671371,0.027169982469738535,5.979248019946243,0.06816988150476644,0.6061677093279892,,False,0.06816988150476644,0.3029172320217096,0.999728986953316
seller,5a05a16bb50629ee31afab8a6d4c2674,13,1.0,0.9330571597746522,0.07692307692307693,1.071745701240335,0.027134251871990908,5.9713848530828875,0.0669428402253478,0.6066506614441246,,False,0.0669428402253478,0.30325644504748983,0.9997644222280705
seller,4c8b8048e33af2bf94f2eb547746a916,19,2.0,1.9375002509374095,0.10526315789473684,1.0322579308221258,0.12501122434785664,3.728870571360433,0.06249974906259048,0.5768130714319645,,False,0.06249974906259048,0.30359565807327,0.9997975056134284
seller,eb3071b9f0b0ddaa2df5ea130f09f26b,9,1.0,0.9395721436722262,0.1111111111111111,1.0643142272094162,0.026946103239435866,5.929979329913585,0.06042785632777381,0.609204996290848,,False,0.06042785632777381,0.3039348710990502,0.9998294922707706
seller,0ac4201fda2c68ebc0e47cb9423cf3c9,13,1.0,0.9507494132856465,0.07692307692307693,1.0518018586455402,0.026629317494706994,5.8602648742996735,0.04925058671435345,0.6135486968329045,,False,0.04925058671435345,0.30427408412483037,0.999855562393672
seller,808d4348b916efa08e766ebad39f61eb,18,1.0,0.9567626782586709,0.05555555555555555,1.045191271277452,0.02646195191305836,5.82343303888004,0.043237321741329104,0.6158655579866609,,False,0.043237321741329104,0.3046132971506106,0.9998784494771957
seller,4ba52dfeba874da5b9ee7b17c7494f04,11,1.0,0.9619542212569805,0.09090909090909091,1.0395505086440655,0.026319140167821324,5.792004721033877,0.03804577874301951,0.6178546407875629,,False,0.03804577874301951,0.3049525101763908,0.9998985884886041
seller,2e3be8a987a30d7544dbbda6861cc14e,13,1.0,0.9672570956036556,0.07692307692307693,1.0338512940821694,0.02617484854788197,5.760250729886546,0.03274290439634442,0.6198757460398334,,False,0.03274290439634442,0.30529172320217096,0.9999159204961742
seller,2e13c71026e1a39ba5cc1b86dcb679aa,22,2.0,1.9686433575229094,0.09090909090909091,1.0159280462645839,0.12303359956916238,3.669881413571318,0.03135664247709058,0.5854403021624962,,False,0.03135664247709058,0.3056309362279512,0.9999325187050014
seller,8e6cc767478edae941d9bd9eb778d77a,99,8.0,7.97142871855889,0.08080808080808081,1.003584210867318,0.43327642994628707,1.97746097678749,0.028571281441109875,0.5430439538610363,,False,0.028571281441109875,0.30597014925373134,0.999947642521149
seller,0afccdb8a34ee5c79f7c06faf2b4d56e,24,2.0,1.9731320408031323,0.08333333333333333,1.0136169088744469,0.12275371010922186,3.6615327906708486,0.026867959196867686,0.5866729391182839,,False,0.026867959196867686,0.30630936227951155,0.9999618647070172
seller,1d29dfba02015238dfbe2449a5eaa361,12,1.0,0.9740237414811703,0.08333333333333333,1.0266690198735078,0.025993009108576555,5.720233659259946,0.025976258518829676,0.6224392293825566,,False,0.025976258518829676,0.3066485753052917,0.9999756148833558
seller,c6a7539d424a8402232c2228d7a03c5e,10,1.0,0.9830308458631639,0.1,1.0172620769818632,0.02575484593472672,5.6678215280687745,0.016969154136836084,0.6258246891712906,,False,0.016969154136836084,0.30698778833107193,0.9999845972724681
seller,f5f2ab9bdb6b30c14c61be68c5ed37da,16,1.0,0.9853494728335793,0.0625,1.0148683564261622,0.025694242177329435,5.654484570754849,0.01465052716642068,0.6266912571265008,,False,0.01465052716642068,0.3073270013568521,0.9999923523281797
seller,1987cd4be10fe09ee50454f9c354d1c6,14,1.0,0.9855523379940181,0.07142857142857142,1.0146594568842366,0.025688953298838954,5.653320657002709,0.01444766200598191,0.6267669807834112,,False,0.01444766200598191,0.3076662143826323,0.9999999999999998
seller,0b36063d5818f81ccb94b54adfaebbf5,1,0.0,0.004039445540120943,0.0,0.0,0.0,913.2143056453953,-0.004039445540120943,1.0,,False,0.0,0.30800542740841247,0.9999999999999998
seller,010da0602d7774602cd1b3f5fb7b709e,1,0.0,0.005004157462129209,0.0,0.0,0.0,737.1629454170615,-0.005004157462129209,1.0,,False,0.0,0.3083446404341927,0.9999999999999998
seller,4e8dacf3d38f281ae26c3e0321d92d88,8,1.0,1.0060284080659572,0.125,0.9940077158680375,0.02516609648524954,5.538256520658421,-0.006028408065957169,0.6343316149486163,,False,0.0,0.30868385345997285,0.9999999999999998
seller,e59e575a175fadcadf8479e191770425,1,0.0,0.008788381786797987,0.0,0.0,0.0,419.7450160455494,-0.008788381786797987,1.0,,False,0.0,0.30902306648575306,0.9999999999999998
seller,99a25c39b28a74d1151c35c18d178292,1,0.0,0.009528558376300341,0.0,0.0,0.0,387.1393036001128,-0.009528558376300341,1.0,,False,0.0,0.3093622795115332,0.9999999999999998
seller,bc302730ea8cf49b5c74f579febb5bbf,10,1.0,1.0105354504036923,0.1,0.9895743881132685,0.02505385434442288,5.513555599373697,-0.010535450403692304,0.6359759894253483,,False,0.0,0.30970149253731344,0.9999999999999998
seller,8f78f0903005064036736c7173a5c2ed,13,1.0,1.0119138043594638,0.07692307692307693,0.9882264632539477,0.025019727841657343,5.506045442739779,-0.011913804359463764,0.6364773977218815,,False,0.0,0.3100407055630936,0.9999999999999998
seller,41958cbd3335433c8740300e8cd600d5,1,0.0,0.012333965634371061,0.0,0.0,0.0,299.0830008342277,-0.012333965634371061,1.0,,False,0.0,0.3103799185888738,0.9999999999999998
seller,99cd94252748d2bdde08e17858233602,1,0.0,0.013578393390097481,0.0,0.0,0.0,271.67274861871215,-0.013578393390097481,1.0,,False,0.0,0.310719131614654,0.9999999999999998
seller,cea729054f157f5870bdd321a958d994,21,1.0,1.013653926787035,0.047619047619047616,0.986529991719843,0.024976776901106067,5.496593308328869,-0.013653926787035031,0.6371094214961806,,False,0.0,0.3110583446404342,0.9999999999999998
seller,db7ed69a53aa9fb1c01930ba54a88bbe,1,0.0,0.013795972686459839,0.0,0.0,0.0,267.388138404653,-0.013795972686459839,1.0,,False,0.0,0.3113975576662144,0.9999999999999998
seller,f97e2b0650c2068227e1d366140eb62f,16,1.0,1.0138465662298715,0.0625,0.9863425426577497,0.024972031101745153,5.495548909000919,-0.01384656622987146,0.6371793218020398,,False,0.0,0.31173677069199457,0.9999999999999998
seller,70c4eedec9cb4a85cda2f3f9673557b4,1,0.0,0.013942766116150293,0.0,0.0,0.0,264.57299960307046,-0.013942766116150293,1.0,,False,0.0,0.3120759837177748,0.9999999999999998
seller,c32fc744b9160ac853450488e3cfea93,1,0.0,0.01401750903449073,0.0,0.0,0.0,263.1622669218387,-0.01401750903449073,1.0,,False,0.0,0.31241519674355495,0.9999999999999998
seller,850857dfac77488c307e2b1cbd84ab5a,1,0.0,0.014232325980550669,0.0,0.0,0.0,259.1902025821367,-0.014232325980550669,1.0,,False,0.0,0.31275440976933516,0.9999999999999998
seller,c0e0b73d039eb9a99b6ce4cb7a429cd3,1,0.0,0.014697187227652194,0.0,0.0,0.0,250.9922066702294,-0.014697187227652194,1.0,,False,0.0,0.3130936227951153,0.9999999999999998
seller,a3b42d266fa8afc874b909422ce88582,1,0.0,0.014783056953559913,0.0,0.0,0.0,249.534278715311,-0.014783056953559913,1.0,,False,0.0,0.31343283582089554,0.9999999999999998
seller,686886775c8f6b1191c7b953fb52708c,1,0.0,0.015071261855320756,0.0,0.0,0.0,244.7624817036547,-0.015071261855320756,1.0,,False,0.0,0.3137720488466757,0.9999999999999998
seller,6614814a00d344b846ae209f95ee7e3f,1,0.0,0.015362353341790508,0.0,0.0,0.0,240.12463273312463,-0.015362353341790508,1.0,,False,0.0,0.3141112618724559,0.9999999999999998
seller,e5545d4d4473876ea78c5bcebca365c3,1,0.0,0.015723707054876385,0.0,0.0,0.0,234.60621857425824,-0.015723707054876385,1.0,,False,0.0,0.3144504748982361,0.9999999999999998
seller,1cbcd2ee0afb3fc09963b87eb65e7e4f,1,0.0,0.0160675235700421,0.0,0.0,0.0,229.58606147569944,-0.0160675235700421,1.0,,False,0.0,0.3147896879240163,0.9999999999999998
seller,57a834594e1e9e9219603bfec184eadc,1,0.0,0.01684506217957657,0.0,0.0,0.0,218.9887704057535,-0.01684506217957657,1.0,,False,0.0,0.31512890094979645,0.9999999999999998
seller,bbf4a892cac7b82422baa711dffb8997,1,0.0,0.017779452020070582,0.0,0.0,0.0,207.4799296372966,-0.017779452020070582,1.0,,False,0.0,0.31546811397557667,0.9999999999999998
seller,a89e143d5211473ae18db9577ee34b64,1,0.0,0.01795270600920152,0.0,0.0,0.0,205.4776283989293,-0.01795270600920152,1.0,,False,0.0,0.31580732700135683,0.9999999999999998
seller,247587846358bb1d2e4c6522020b36fe,1,0.0,0.01849006288076116,0.0,0.0,0.0,199.50605240786933,-0.01849006288076116,1.0,,False,0.0,0.31614654002713705,0.9999999999999998
seller,c8665a4dd081a2c436b1cd921079d0d9,1,0.0,0.01867432676637797,0.0,0.0,0.0,197.5374802135061,-0.01867432676637797,1.0,,False,0.0,0.3164857530529172,0.9999999999999998
seller,ce4755084bc097113867e6454f8f5e52,1,0.0,0.01867432676637797,0.0,0.0,0.0,197.5374802135061,-0.01867432676637797,1.0,,False,0.0,0.3168249660786974,0.9999999999999998
seller,cc1f04647be106ba74e62b21f358af25,1,0.0,0.018716975214565893,0.0,0.0,0.0,197.08737185499834,-0.018716975214565893,1.0,,False,0.0,0.31716417910447764,0.9999999999999998
seller,07a9bc7f61396b658ddf3ac534efe44c,1,0.0,0.01910838852443937,0.0,0.0,0.0,193.05026425414724,-0.01910838852443937,1.0,,False,0.0,0.3175033921302578,0.9999999999999998
seller,0a198e95d32b1be2da9424c962a6ebfa,1,0.0,0.01929609068002662,0.0,0.0,0.0,191.17237347626553,-0.01929609068002662,1.0,,False,0.0,0.317842605156038,0.9999999999999998
seller,a7a9b880c49781da66651ccf4ba9ac38,1,0.0,0.01955855704706287,0.0,0.0,0.0,188.60693277308502,-0.01955855704706287,1.0,,False,0.0,0.3181818181818182,0.9999999999999998
seller,e72b4feb7abe210c52aa667abc25a3a2,1,0.0,0.01955855704706287,0.0,0.0,0.0,188.60693277308502,-0.01955855704706287,1.0,,False,0.0,0.3185210312075984,0.9999999999999998
seller,3e46a38ee171c503c3b4a3f23fe3bf0c,1,0.0,0.019766581871110907,0.0,0.0,0.0,186.62202085153004,-0.019766581871110907,1.0,,False,0.0,0.31886024423337855,0.9999999999999998
seller,ba8e85df286308fe68a2ce83a8f8b2d6,1,0.0,0.01983013641453521,0.0,0.0,0.0,186.02390709778672,-0.01983013641453521,1.0,,False,0.0,0.31919945725915877,0.9999999999999998
seller,1c742ac33582852aaf3bcfbf5893abcf,1,0.0,0.020535991872311362,0.0,0.0,0.0,179.6299627040486,-0.020535991872311362,1.0,,False,0.0,0.31953867028493893,0.9999999999999998
seller,b00af24704019bd2e1b335e70ad11f7c,1,0.0,0.020535991872311362,0.0,0.0,0.0,179.6299627040486,-0.020535991872311362,1.0,,False,0.0,0.31987788331071915,0.9999999999999998
seller,5e25c632f9db6cfb8bc100421c2737b6,1,0.0,0.020561402218683317,0.0,0.0,0.0,179.40797105568993,-0.020561402218683317,1.0,,False,0.0,0.3202170963364993,0.9999999999999998
seller,dd5450b022b2d00a2145a66331e1aef6,1,0.0,0.020692861366087858,0.0,0.0,0.0,178.26821476508766,-0.020692861366087858,1.0,,False,0.0,0.3205563093622795,0.9999999999999998
seller,95cca791657aabeff15a07eb152d7841,1,0.0,0.020770095761494408,0.0,0.0,0.0,177.60531759091518,-0.020770095761494408,1.0,,False,0.0,0.3208955223880597,0.9999999999999998
seller,f26d70155c2b6326fcfa1780c8c684e4,1,0.0,0.02082263167629446,0.0,0.0,0.0,177.15721583422825,-0.02082263167629446,1.0,,False,0.0,0.3212347354138399,0.9999999999999998
seller,7dc9a3355bae96dd82008b313d3a456c,1,0.0,0.02083147303662062,0.0,0.0,0.0,177.08202620280773,-0.02083147303662062,1.0,,False,0.0,0.32157394843962006,0.9999999999999998
seller,aec99834ab5d38ead22766ada8497e87,1,0.0,0.021694709326131094,0.0,0.0,0.0,170.03590131860912,-0.021694709326131094,1.0,,False,0.0,0.3219131614654003,0.9999999999999998
seller,7cf4ea70955b00d6b3c22542598e2715,1,0.0,0.021733575351743167,0.0,0.0,0.0,169.73182711136687,-0.021733575351743167,1.0,,False,0.0,0.32225237449118044,0.9999999999999998
seller,6bcb2352a2a0c38b845f598298ab9d26,1,0.0,0.02201780140852242,0.0,0.0,0.0,167.54077238093728,-0.02201780140852242,1.0,,False,0.0,0.32259158751696065,0.9999999999999998
seller,804287717b9156fb7a787acd9af4fac1,1,0.0,0.022394718469048804,0.0,0.0,0.0,164.7209568279345,-0.022394718469048804,1.0,,False,0.0,0.3229308005427408,0.9999999999999998
seller,c3e2398fcc7e581cda2e546557bf6968,1,0.0,0.022447847450264888,0.0,0.0,0.0,164.33109955361917,-0.022447847450264888,1.0,,False,0.0,0.32327001356852103,0.9999999999999998
seller,4eeb99008a0f59d2c7759c59f9a346eb,1,0.0,0.02264030028240969,0.0,0.0,0.0,162.9342105934875,-0.02264030028240969,1.0,,False,0.0,0.32360922659430125,0.9999999999999998
seller,c360e4787614ed31ac7a2f95d3b22dc6,1,0.0,0.022800869968533314,0.0,0.0,0.0,161.78678529393085,-0.022800869968533314,1.0,,False,0.0,0.3239484396200814,0.9999999999999998
seller,830379336fad8c6f3b15a4a3ddb5c66e,1,0.0,0.023124642967397805,0.0,0.0,0.0,159.52157442234628,-0.023124642967397805,1.0,,False,0.0,0.3242876526458616,0.9999999999999998
seller,782f78b632a43875dd5b53e3e49c9564,1,0.0,0.023794554733041734,0.0,0.0,0.0,155.03040487626618,-0.023794554733041734,1.0,,False,0.0,0.3246268656716418,0.9999999999999998
seller,1b61fb1f0f2185d89e9a126c498e9cc7,1,0.0,0.024002236525620325,0.0,0.0,0.0,153.6889885313968,-0.024002236525620325,1.0,,False,0.0,0.324966078697422,0.9999999999999998
seller,94165aea8a35c3c21499cbcae239b16c,1,0.0,0.02414681464471768,0.0,0.0,0.0,152.76878165463984,-0.02414681464471768,1.0,,False,0.0,0.32530529172320216,0.9999999999999998
seller,fc5a0d7a310a7a41abf86a458585ff2b,1,0.0,0.024229628097281068,0.0,0.0,0.0,152.246639498684,-0.024229628097281068,1.0,,False,0.0,0.3256445047489824,0.9999999999999998
seller,3aa3c89ae3cd482385568be76120f63c,1,0.0,0.0245873896718482,0.0,0.0,0.0,150.03135767346578,-0.0245873896718482,1.0,,False,0.0,0.32598371777476254,0.9999999999999998
seller,3ea08c48e851106d2f584349daba335f,1,0.0,0.024836319698104237,0.0,0.0,0.0,148.52761999176184,-0.024836319698104237,1.0,,False,0.0,0.32632293080054275,0.9999999999999998
seller,3361277dc30b7cccdb0c286b24219756,29,2.0,2.025080868338677,0.06896551724137931,0.9876148806051125,0.11960474385532423,3.5676045241842136,-0.025080868338676954,0.6007402390131233,,False,0.0,0.3266621438263229,0.9999999999999998
seller,455befea1bb853c75ccbca94cff26e5c,1,0.0,0.02536574954748501,0.0,0.0,0.0,145.42757536923187,-0.02536574954748501,1.0,,False,0.0,0.32700135685210313,0.9999999999999998
seller,4867209cb29b56b92893d7bde3ce8012,1,0.0,0.02644843560872262,0.0,0.0,0.0,139.47439117712327,-0.02644843560872262,1.0,,False,0.0,0.3273405698778833,0.9999999999999998
seller,93bef6edaa84956e8e575016449b6351,1,0.0,0.02668626634449899,0.0,0.0,0.0,138.2313811341521,-0.02668626634449899,1.0,,False,0.0,0.3276797829036635,0.9999999999999998
seller,8fd3b4468f6425810648177996c14cbd,1,0.0,0.02670561606025689,0.0,0.0,0.0,138.1312247502764,-0.02670561606025689,1.0,,False,0.0,0.32801899592944367,0.9999999999999998
seller,8b11118053756a9a2932f447e11fc1b5,1,0.0,0.026706876812553588,0.0,0.0,0.0,138.12470398560325,-0.026706876812553588,1.0,,False,0.0,0.3283582089552239,0.9999999999999998
seller,da7039f29f90ce5b4846ffc0fcc93beb,13,1.0,1.0269974242624578,0.07692307692307693,0.9737122765601423,0.024652260449895443,5.425177570372385,-0.02699742426245777,0.641919488089856,,False,0.0,0.32869742198100405,0.9999999999999998
seller,28872dc528e978a639754bc8c2ce5a4c,1,0.0,0.027152555129945976,0.0,0.0,0.0,135.85754403074753,-0.027152555129945976,1.0,,False,0.0,0.32903663500678426,0.9999999999999998
seller,d3e7d37c0df9aef383f3f2a15b0dddfb,1,0.0,0.0273552400605027,0.0,0.0,0.0,134.85092603666027,-0.0273552400605027,1.0,,False,0.0,0.3293758480325645,0.9999999999999998
seller,d598f929fc44e1e38678e7f47250ec04,1,0.0,0.027618429333299912,0.0,0.0,0.0,133.56586682017445,-0.027618429333299912,1.0,,False,0.0,0.32971506105834464,0.9999999999999998
seller,a4b8d97cd5d3674eeff96abc99d8ed67,1,0.0,0.028152514211490672,0.0,0.0,0.0,131.03197200796689,-0.028152514211490672,1.0,,False,0.0,0.33005427408412485,0.9999999999999998
seller,43b2c864251aa0ce4030c746984e088a,1,0.0,0.028267715742274043,0.0,0.0,0.0,130.4979676372385,-0.028267715742274043,1.0,,False,0.0,0.330393487109905,0.9999999999999998
seller,aa8af66c623d7d544dfe4bb85b5ebe3b,1,0.0,0.028356097316166222,0.0,0.0,0.0,130.09122563600639,-0.028356097316166222,1.0,,False,0.0,0.33073270013568523,0.9999999999999998
seller,c2bda99904207edd1834f03e0022b007,1,0.0,0.02849283498436076,0.0,0.0,0.0,129.46691531884065,-0.02849283498436076,1.0,,False,0.0,0.3310719131614654,0.9999999999999998
seller,2039c5e51785b5dde7cf93ccb3b7be2c,1,0.0,0.02916528042899394,0.0,0.0,0.0,126.4818784477288,-0.02916528042899394,1.0,,False,0.0,0.3314111261872456,0.9999999999999998
seller,db6a4d4b5f1f5f98820ce6ce2619e2de,1,0.0,0.029664233426531263,0.0,0.0,0.0,124.35445073104955,-0.029664233426531263,1.0,,False,0.0,0.33175033921302577,0.9999999999999998
seller,674207551483fec113276b67b0d871ff,1,0.0,0.02970036178096816,0.0,0.0,0.0,124.20318248371474,-0.02970036178096816,1.0,,False,0.0,0.332089552238806,0.9999999999999998
seller,08d1c9478fb0d7d7fcac9c0da4e82fc7,1,0.0,0.029736965867866335,0.0,0.0,0.0,124.05029721274039,-0.029736965867866335,1.0,,False,0.0,0.33242876526458615,0.9999999999999998
seller,5a4236931428800e9d9cc04af0987118,1,0.0,0.029754456899192892,0.0,0.0,0.0,123.97737477150855,-0.029754456899192892,1.0,,False,0.0,0.33276797829036636,0.9999999999999998
seller,f307937c1bb287c3efc2a514b94b0d1d,1,0.0,0.03035891438397544,0.0,0.0,0.0,121.50893827946176,-0.03035891438397544,1.0,,False,0.0,0.3331071913161465,0.9999999999999998
seller,528ce32f560edd11add4169f6a5b65be,1,0.0,0.030390492184326774,0.0,0.0,0.0,121.38268218032985,-0.030390492184326774,1.0,,False,0.0,0.33344640434192674,0.9999999999999998
seller,6a3139c7bf09ece22a4713d956acbe5e,1,0.0,0.030418690033832695,0.0,0.0,0.0,121.27016153591883,-0.030418690033832695,1.0,,False,0.0,0.3337856173677069,0.9999999999999998
seller,c12d7463a579237ffb9248bd7cff378b,1,0.0,0.030495436565655506,0.0,0.0,0.0,120.96496622279597,-0.030495436565655506,1.0,,False,0.0,0.3341248303934871,0.9999999999999998
seller,a9415cf907dfa12f9ed18693244f5329,1,0.0,0.030633931824308763,0.0,0.0,0.0,120.41808656069152,-0.030633931824308763,1.0,,False,0.0,0.3344640434192673,0.9999999999999998
seller,497709c2976a8fa308730a2dec5b0726,1,0.0,0.031087074384002884,0.0,0.0,0.0,118.66280527228378,-0.031087074384002884,1.0,,False,0.0,0.3348032564450475,0.9999999999999998
seller,5de1c80811ce7007f62f00d971236c09,1,0.0,0.03114040813768059,0.0,0.0,0.0,118.45957309886086,-0.03114040813768059,1.0,,False,0.0,0.33514246947082765,0.9999999999999998
seller,dde698c6d0bd24834c586e5111c2bba7,1,0.0,0.031430291722144864,0.0,0.0,0.0,117.36701290350604,-0.031430291722144864,1.0,,False,0.0,0.33548168249660787,0.9999999999999998
seller,78813699ffac347fe27dba345a5f1551,1,0.0,0.03154632709187054,0.0,0.0,0.0,116.93530734563888,-0.03154632709187054,1.0,,False,0.0,0.3358208955223881,0.9999999999999998
seller,bec568278124768c474ee90971ca94d1,1,0.0,0.0315767737929718,0.0,0.0,0.0,116.82255693059395,-0.0315767737929718,1.0,,False,0.0,0.33616010854816825,0.9999999999999998
seller,539ed9e19811677513447759be5eccfc,1,0.0,0.03182154812282979,0.0,0.0,0.0,115.92394687634369,-0.03182154812282979,1.0,,False,0.0,0.33649932157394846,0.9999999999999998
seller,cad9969167c09b48ae6f1d123f7fa68d,1,0.0,0.032339364860137214,0.0,0.0,0.0,114.06777684310661,-0.032339364860137214,1.0,,False,0.0,0.3368385345997286,0.9999999999999998
seller,d297f1055de2956aedfd3b04113dce3e,1,0.0,0.03272711173993967,0.0,0.0,0.0,112.71631555595182,-0.03272711173993967,1.0,,False,0.0,0.33717774762550884,0.9999999999999998
seller,d7f1cfc638473be93baedbfd02208016,1,0.0,0.032773101188028134,0.0,0.0,0.0,112.55814434373596,-0.032773101188028134,1.0,,False,0.0,0.337516960651289,0.9999999999999998
seller,ed49da7cadefc454d6a67de249eab240,1,0.0,0.03335205548582992,0.0,0.0,0.0,110.60426112810967,-0.03335205548582992,1.0,,False,0.0,0.3378561736770692,0.9999999999999998
seller,499185655c29ecfdbfe776ef7cf875b5,1,0.0,0.03361953560123255,0.0,0.0,0.0,109.72428346031927,-0.03361953560123255,1.0,,False,0.0,0.3381953867028494,0.9999999999999998
seller,b4f8921fcc4ff77b66bea6dda43dcd51,18,1.0,1.0340669232606854,0.05555555555555555,0.9670553979685731,0.024483722875939362,5.388087816763386,-0.03406692326068539,0.6444420109179466,,False,0.0,0.3385345997286296,0.9999999999999998
seller,50a7e551a7b3f8d37cd6e32d8bfbe5ea,1,0.0,0.034130406938294576,0.0,0.0,0.0,108.08190657624374,-0.034130406938294576,1.0,,False,0.0,0.33887381275440975,0.9999999999999998
seller,87d73636a3acf123e842bb890a4db036,1,0.0,0.03442614509658173,0.0,0.0,0.0,107.15342783122746,-0.03442614509658173,1.0,,False,0.0,0.33921302578018997,0.9999999999999998
seller,d4f91e8be86b38da2ee35bc489645a9d,1,0.0,0.03445471362619661,0.0,0.0,0.0,107.0645803106953,-0.03445471362619661,1.0,,False,0.0,0.33955223880597013,0.9999999999999998
seller,5e063e85d44b0f5c3e6ec3131103a57e,1,0.0,0.03467680247431243,0.0,0.0,0.0,106.3788812952564,-0.03467680247431243,1.0,,False,0.0,0.33989145183175035,0.9999999999999998
seller,4fae87d32467e18eb46e4a76a0a0b9ce,1,0.0,0.03479413792083632,0.0,0.0,0.0,106.02014231554982,-0.03479413792083632,1.0,,False,0.0,0.3402306648575305,0.9999999999999998
seller,17998cf586426bf0f2c3726cb0a4b211,1,0.0,0.03511062447996253,0.0,0.0,0.0,105.06447859448248,-0.03511062447996253,1.0,,False,0.0,0.3405698778833107,0.9999999999999998
seller,79b93a308a97792cf53ac75f46da00b5,1,0.0,0.03511062447996253,0.0,0.0,0.0,105.06447859448248,-0.03511062447996253,1.0,,False,0.0,0.3409090909090909,0.9999999999999998
seller,4965a7002cca77301c82d3f91b82e1a9,1,0.0,0.03571775492177036,0.0,0.0,0.0,103.27859245894325,-0.03571775492177036,1.0,,False,0.0,0.3412483039348711,0.9999999999999998
seller,693660429f9dc4ff704eb3d88dad54d7,1,0.0,0.03572002605557832,0.0,0.0,0.0,103.27202584830845,-0.03572002605557832,1.0,,False,0.0,0.3415875169606513,0.9999999999999998
seller,204b4e07bddef3c9b317f70189135b22,1,0.0,0.03603826100568167,0.0,0.0,0.0,102.36008484239456,-0.03603826100568167,1.0,,False,0.0,0.3419267299864315,0.9999999999999998
seller,b5f0712d22a873b6797ab6cc65c3fcba,1,0.0,0.036759549010588845,0.0,0.0,0.0,100.35159716054535,-0.036759549010588845,1.0,,False,0.0,0.3422659430122117,0.9999999999999998
seller,c092292535a57dacd95a8765f5518f87,1,0.0,0.03702559427030213,0.0,0.0,0.0,99.63052658071041,-0.03702559427030213,1.0,,False,0.0,0.34260515603799185,0.9999999999999998
seller,96f7c797de9ca20efbe14545bed63eec,1,0.0,0.03718882719524163,0.0,0.0,0.0,99.19321829503495,-0.03718882719524163,1.0,,False,0.0,0.34294436906377207,0.9999999999999998
seller,b3809b8d4394588a47c8470ea331e135,1,0.0,0.03754642419137743,0.0,0.0,0.0,98.24848926521983,-0.03754642419137743,1.0,,False,0.0,0.34328358208955223,0.9999999999999998
seller,c35affa65afd250151285c5917fc1c8a,8,1.0,1.0376956801612052,0.125,0.9636736657173429,0.02439810482814844,5.369246010615894,-0.03769568016120517,0.6457299062815322,,False,0.0,0.34362279511533245,0.9999999999999998
seller,a7ecf689b40a44361e259b28939023e4,1,0.0,0.038027055709082117,0.0,0.0,0.0,97.00670707548124,-0.038027055709082117,1.0,,False,0.0,0.3439620081411126,0.9999999999999998
seller,e64882b4ef12aee8d0faca4db5b681f4,1,0.0,0.03813173304503983,0.0,0.0,0.0,96.74040909068476,-0.03813173304503983,1.0,,False,0.0,0.3443012211668928,0.9999999999999998
seller,d3891911c2feae53c52fea2bd14054e5,2,0.0,0.03847574102709166,0.0,0.0,0.0,95.87546219100783,-0.03847574102709166,1.0,,False,0.0,0.344640434192673,0.9999999999999998
seller,35281d148dcf7134bae913c57db4e6da,1,0.0,0.0386758799149547,0.0,0.0,0.0,95.37932846584225,-0.0386758799149547,1.0,,False,0.0,0.3449796472184532,0.9999999999999998
seller,22a23e5ac7061fc538cc2a019afaaf16,1,0.0,0.03871159477853434,0.0,0.0,0.0,95.29133261540096,-0.03871159477853434,1.0,,False,0.0,0.34531886024423336,0.9999999999999998
seller,31e60bf8d103ce47932a85f5562deb16,1,0.0,0.03890246360717662,0.0,0.0,0.0,94.82380065599293,-0.03890246360717662,1.0,,False,0.0,0.3456580732700136,0.9999999999999998
seller,87f3e35268860433e13d577825aada95,1,0.0,0.03917487402825662,0.0,0.0,0.0,94.16442415240869,-0.03917487402825662,1.0,,False,0.0,0.34599728629579374,0.9999999999999998
seller,d4d99b60c4c94cd35acd502cec65dc8d,1,0.0,0.03917487402825662,0.0,0.0,0.0,94.16442415240869,-0.03917487402825662,1.0,,False,0.0,0.34633649932157395,0.9999999999999998
seller,7178e1eaa97257d8b6d4b80efd77a025,1,0.0,0.03970442389842099,0.0,0.0,0.0,92.90852484225665,-0.03970442389842099,1.0,,False,0.0,0.3466757123473541,0.9999999999999998
seller,3e35a8bb43569389d3cebef0ce820f69,1,0.0,0.039740939969495785,0.0,0.0,0.0,92.82315559081977,-0.039740939969495785,1.0,,False,0.0,0.34701492537313433,0.9999999999999998
seller,a72f15980dc3e9bfd1a49ac9b2f3af65,1,0.0,0.04012431434360433,0.0,0.0,0.0,91.93626145294941,-0.04012431434360433,1.0,,False,0.0,0.3473541383989145,0.9999999999999998
seller,d8bf0fc082fd4a77fc2e5679b6c00133,1,0.0,0.04028142633706667,0.0,0.0,0.0,91.57767709728431,-0.04028142633706667,1.0,,False,0.0,0.3476933514246947,0.9999999999999998
seller,dda37071807e404c5bb2a1590c66326f,1,0.0,0.04039492358040507,0.0,0.0,0.0,91.32037214456699,-0.04039492358040507,1.0,,False,0.0,0.3480325644504749,0.9999999999999998
seller,751e274377499a8503fd6243ad9c56f6,1,0.0,0.04042746564652241,0.0,0.0,0.0,91.24686386150587,-0.04042746564652241,1.0,,False,0.0,0.3483717774762551,0.9999999999999998
seller,baeda7047354773262ba2405f97038ba,1,0.0,0.04045770669085836,0.0,0.0,0.0,91.17865929230877,-0.04045770669085836,1.0,,False,0.0,0.3487109905020353,0.9999999999999998
seller,eae9af4811c294c56795d70e715b7337,1,0.0,0.040591797156869364,0.0,0.0,0.0,90.8774607800203,-0.040591797156869364,1.0,,False,0.0,0.34905020352781546,0.9999999999999998
seller,13e85aac53340018b40c2af68001b7e0,1,0.0,0.04060071855621331,0.0,0.0,0.0,90.85749182016409,-0.04060071855621331,1.0,,False,0.0,0.3493894165535957,0.9999999999999998
seller,9558aa23f77a9e0a0eca83540999f43b,1,0.0,0.0406088778372013,0.0,0.0,0.0,90.83923640792156,-0.0406088778372013,1.0,,False,0.0,0.34972862957937584,0.9999999999999998
seller,b452cb0ae35044c4a53179c39f49fb06,2,0.0,0.04104291115389949,0.0,0.0,0.0,89.87860145401636,-0.04104291115389949,1.0,,False,0.0,0.35006784260515605,0.9999999999999998
seller,b5dd7151a92ccaaa282cbe9681a05f44,1,0.0,0.04146505198644734,0.0,0.0,0.0,88.96357962651604,-0.04146505198644734,1.0,,False,0.0,0.3504070556309362,0.9999999999999998
seller,443d880f15cbd3572885e1d44bf2c478,1,0.0,0.04186916788555113,0.0,0.0,0.0,88.10491443721651,-0.04186916788555113,1.0,,False,0.0,0.35074626865671643,0.9999999999999998
seller,ae9690c6e8fee182c28c9ff8e11ca52c,1,0.0,0.041903580506801666,0.0,0.0,0.0,88.03255973591963,-0.041903580506801666,1.0,,False,0.0,0.3510854816824966,0.9999999999999998
seller,bac44fa8e13424950488659b5f765c41,1,0.0,0.04196302074971284,0.0,0.0,0.0,87.90786240380893,-0.04196302074971284,1.0,,False,0.0,0.3514246947082768,0.9999999999999998
seller,913fd0ebba70bb919f7254a02239173c,1,0.0,0.04215984901365352,0.0,0.0,0.0,87.49745410424234,-0.04215984901365352,1.0,,False,0.0,0.35176390773405697,0.9999999999999998
seller,fedaedd3ca31d56ab33e92035e4b361c,1,0.0,0.04259717893901527,0.0,0.0,0.0,86.59914919237167,-0.04259717893901527,1.0,,False,0.0,0.3521031207598372,0.9999999999999998
seller,4a1917ef994878940e1fb03eeb787ad7,2,0.0,0.04283319017922786,0.0,0.0,0.0,86.12198714778133,-0.04283319017922786,1.0,,False,0.0,0.35244233378561735,0.9999999999999998
seller,964ff64dc05b13811c6d0f41e0aa5f6b,1,0.0,0.04287121609199423,0.0,0.0,0.0,86.04559866457338,-0.04287121609199423,1.0,,False,0.0,0.35278154681139756,0.9999999999999998
seller,e00d85ce20ea50c1224c66ca5050527d,1,0.0,0.042902953091356735,0.0,0.0,0.0,85.9819473559059,-0.042902953091356735,1.0,,False,0.0,0.3531207598371777,0.9999999999999998
seller,f5b84683a9bf9e1df748cf40f601b39c,1,0.0,0.0436291799122537,0.0,0.0,0.0,84.55074015906212,-0.0436291799122537,1.0,,False,0.0,0.35345997286295794,0.9999999999999998
seller,6e864f5c4669eff3d98140a07cc50202,13,1.0,1.0440087781209735,0.07692307692307693,0.9578463524031079,0.024250570028594338,5.336778298901707,-0.04400877812097348,0.6479594031665253,,False,0.0,0.35379918588873815,0.9999999999999998
seller,398cb257329ef7af7f1943a8974a3cbc,1,0.0,0.04429780293856717,0.0,0.0,0.0,83.2745465780713,-0.04429780293856717,1.0,,False,0.0,0.3541383989145183,0.9999999999999998
seller,1782ce2db72c3dda627d5e7c898104e1,9,1.0,1.0444394697162005,0.1111111111111111,0.9574513688875854,0.024240569911791382,5.334577591607916,-0.0444394697162005,0.6481109914465177,,False,0.0,0.35447761194029853,0.9999999999999998
seller,bd43e172d599bed47a85da877172ca8c,1,0.0,0.04445495768574329,0.0,0.0,0.0,82.9801589328013,-0.04445495768574329,1.0,,False,0.0,0.3548168249660787,0.9999999999999998
seller,417a1e6c7321084d2a0ae0d023cfad93,1,0.0,0.04451305123013847,0.0,0.0,0.0,82.87186234531377,-0.04451305123013847,1.0,,False,0.0,0.3551560379918589,0.9999999999999998
seller,f114dca2828bf718548db175ebe2cfcd,1,0.0,0.04454729288411319,0.0,0.0,0.0,82.80816218642757,-0.04454729288411319,1.0,,False,0.0,0.35549525101763907,0.9999999999999998
seller,64cc804291f90c81f02bfc2bb58ff55a,1,0.0,0.044671626657367576,0.0,0.0,0.0,82.57768364711066,-0.044671626657367576,1.0,,False,0.0,0.3558344640434193,0.9999999999999998
seller,3606774ec64634822d78dc2db6d37045,1,0.0,0.04499550682195206,0.0,0.0,0.0,81.98328488021905,-0.04499550682195206,1.0,,False,0.0,0.35617367706919945,0.9999999999999998
seller,3d2400ac620cffa23ac81bd192f7f555,1,0.0,0.04501228247904885,0.0,0.0,0.0,81.95273047597485,-0.04501228247904885,1.0,,False,0.0,0.35651289009497966,0.9999999999999998
seller,1cbd50a8c52e6cf8e315c5709fab386f,9,1.0,1.0450268975636534,0.1111111111111111,0.9569131687723753,0.024226943864617368,5.331578932493003,-0.04502689756365341,0.6483176401478115,,False,0.0,0.3568521031207598,0.9999999999999998
seller,a663d9c3797e90eac99ff60939416a56,1,0.0,0.04529967359714422,0.0,0.0,0.0,81.4328042828655,-0.04529967359714422,1.0,,False,0.0,0.35719131614654004,0.9999999999999998
seller,7ad41305e96a6cab8294cd65891e9a86,2,0.0,0.04530434789958454,0.0,0.0,0.0,81.4244024059281,-0.04530434789958454,1.0,,False,0.0,0.3575305291723202,0.9999999999999998
seller,f3862c2188522d89860c38a3ea8b550d,1,0.0,0.04536232377576537,0.0,0.0,0.0,81.32033694633394,-0.04536232377576537,1.0,,False,0.0,0.3578697421981004,0.9999999999999998
seller,2cb98e27ce1c18abdb42209b34c382a7,1,0.0,0.0453629869175385,0.0,0.0,0.0,81.31914815970197,-0.0453629869175385,1.0,,False,0.0,0.3582089552238806,0.9999999999999998
seller,630008e0f062605a415d694489f6f82e,1,0.0,0.04537403236951866,0.0,0.0,0.0,81.29935254756084,-0.04537403236951866,1.0,,False,0.0,0.3585481682496608,0.9999999999999998
seller,a213f1bd6458f4a158f3746cb2514559,1,0.0,0.04555307270607842,0.0,0.0,0.0,80.97981617871643,-0.04555307270607842,1.0,,False,0.0,0.35888738127544095,0.9999999999999998
seller,edb65fe661681b1c0de8bd47c8655855,1,0.0,0.045606360605824535,0.0,0.0,0.0,80.8851968258747,-0.045606360605824535,1.0,,False,0.0,0.35922659430122117,0.9999999999999998
seller,d36b07fd3c5088e477a72d1fccfe29d4,1,0.0,0.04572499348369638,0.0,0.0,0.0,80.67534127542818,-0.04572499348369638,1.0,,False,0.0,0.35956580732700133,0.9999999999999998
seller,0bb27263628258b8111a0262769fa9db,1,0.0,0.04592875607759464,0.0,0.0,0.0,80.3174257078013,-0.04592875607759464,1.0,,False,0.0,0.35990502035278155,0.9999999999999998
seller,011b0eaba87386a2ae96a7d32bb531d1,1,0.0,0.045935233683225524,0.0,0.0,0.0,80.30609966094562,-0.045935233683225524,1.0,,False,0.0,0.36024423337856176,0.9999999999999998
seller,bc39d8938f90a3a2b98193723ed59774,2,0.0,0.04609403435545862,0.0,0.0,0.0,80.02943343311595,-0.04609403435545862,1.0,,False,0.0,0.3605834464043419,0.9999999999999998
seller,bac692d6c0ed08467878018e6cc9c26c,1,0.0,0.046210219208968215,0.0,0.0,0.0,79.82821802754007,-0.046210219208968215,1.0,,False,0.0,0.36092265943012214,0.9999999999999998
seller,ce3ad9de960102d0677a81f5d0bb7b2d,1,0.0,0.04663857381073478,0.0,0.0,0.0,79.0950312735521,-0.04663857381073478,1.0,,False,0.0,0.3612618724559023,0.9999999999999998
seller,e0a3c37054ade6478d923a6efc10f308,1,0.0,0.04663857381073478,0.0,0.0,0.0,79.0950312735521,-0.04663857381073478,1.0,,False,0.0,0.3616010854816825,0.9999999999999998
seller,4cc43a222a0f94910728b62b97a8c5f8,1,0.0,0.04678217751287075,0.0,0.0,0.0,78.85223925498227,-0.04678217751287075,1.0,,False,0.0,0.3619402985074627,0.9999999999999998
seller,052577151711aec5c744fe12e66db3e1,1,0.0,0.04695245999026658,0.0,0.0,0.0,78.56626585441218,-0.04695245999026658,1.0,,False,0.0,0.3622795115332429,0.9999999999999998
seller,29c322e3f09f886f8bacbe91dfbd979e,1,0.0,0.046989587877969675,0.0,0.0,0.0,78.50418828302617,-0.046989587877969675,1.0,,False,0.0,0.36261872455902305,0.9999999999999998
seller,cd2169d9f31ff6fbb9ca3373b0c9e354,1,0.0,0.04706304799981386,0.0,0.0,0.0,78.381652079324,-0.04706304799981386,1.0,,False,0.0,0.36295793758480327,0.9999999999999998
seller,6179a28a13a726c29b3bf54c070dccab,1,0.0,0.04730504603068115,0.0,0.0,0.0,77.98067571314482,-0.04730504603068115,1.0,,False,0.0,0.36329715061058343,0.9999999999999998
seller,5305693ffae2d3463377b1f6fe67b15a,1,0.0,0.04739128256039205,0.0,0.0,0.0,77.83877656007921,-0.04739128256039205,1.0,,False,0.0,0.36363636363636365,0.9999999999999998
seller,d180e07dc1e58c31c3f0cd599dc4d945,1,0.0,0.04739128256039205,0.0,0.0,0.0,77.83877656007921,-0.04739128256039205,1.0,,False,0.0,0.3639755766621438,0.9999999999999998
seller,0ee4fb99ac55ffbbc98795aa01b7f8fa,1,0.0,0.04791249820025949,0.0,0.0,0.0,76.99200819576461,-0.04791249820025949,1.0,,False,0.0,0.364314789687924,0.9999999999999998
seller,f00f5b35d0abcacbdd863672f4bb2c1a,1,0.0,0.04791249820025949,0.0,0.0,0.0,76.99200819576461,-0.04791249820025949,1.0,,False,0.0,0.3646540027137042,0.9999999999999998
seller,66fd84ee7528c0c0de85d0f44a73d5ab,10,1.0,1.0480368247538747,0.1,0.954164945716334,0.02415736488098652,5.316266813665985,-0.04803682475387472,0.6493745869805816,,False,0.0,0.3649932157394844,0.9999999999999998
seller,b026643914f651e8371425e5b8a1e780,1,0.0,0.04813513096771608,0.0,0.0,0.0,76.63590770300476,-0.04813513096771608,1.0,,False,0.0,0.36533242876526456,0.9999999999999998
seller,c0e6839516f5398edc34adf5f1d53d1a,1,0.0,0.04826709162773587,0.0,0.0,0.0,76.42638762171,-0.04826709162773587,1.0,,False,0.0,0.3656716417910448,0.9999999999999998
seller,eb1bf309f4f6af9a97e9ddac3fdbeabe,1,0.0,0.04826709162773587,0.0,0.0,0.0,76.42638762171,-0.04826709162773587,1.0,,False,0.0,0.366010854816825,0.9999999999999998
seller,9996ae921c50e8dff411ac69c0b4bb8b,1,0.0,0.048416658096961,0.0,0.0,0.0,76.19029480982451,-0.048416658096961,1.0,,False,0.0,0.36635006784260515,0.9999999999999998
seller,3ac588cd562971392504a9e17130c40b,1,0.0,0.04848967778182271,0.0,0.0,0.0,76.075561291867,-0.04848967778182271,1.0,,False,0.0,0.36668928086838537,0.9999999999999998
seller,2c2c9832d1bb38c5b0034a3b47d313ee,1,0.0,0.04899208457638851,0.0,0.0,0.0,75.29541733139014,-0.04899208457638851,1.0,,False,0.0,0.36702849389416553,0.9999999999999998
seller,e1bed63d68ac36fe1f3061befe196af5,1,0.0,0.04907033632891146,0.0,0.0,0.0,75.17534482315146,-0.04907033632891146,1.0,,False,0.0,0.36736770691994575,0.9999999999999998
seller,820c7c9eaf76d2b226b6c242bcf3f34d,1,0.0,0.04916889918142286,0.0,0.0,0.0,75.02465004357224,-0.04916889918142286,1.0,,False,0.0,0.3677069199457259,0.9999999999999998
seller,f09b760d23495ac9a7e00d29b769007c,1,0.0,0.04922890789293168,0.0,0.0,0.0,74.93319701783567,-0.04922890789293168,1.0,,False,0.0,0.3680461329715061,0.9999999999999998
seller,dd9661d3cda1e6feb237f0c4d8b26f2e,1,0.0,0.049314222071859905,0.0,0.0,0.0,74.8035617136687,-0.049314222071859905,1.0,,False,0.0,0.3683853459972863,0.9999999999999998
seller,4e92348462c75b6c842b994ce84a0ed4,1,0.0,0.04943308969454203,0.0,0.0,0.0,74.62368783558414,-0.04943308969454203,1.0,,False,0.0,0.3687245590230665,0.9999999999999998
seller,889009a0ed0bb52c87819941192931b8,1,0.0,0.04948400302044172,0.0,0.0,0.0,74.54690867652862,-0.04948400302044172,1.0,,False,0.0,0.36906377204884666,0.9999999999999998
seller,5a9b3bcab695173c820e53934574ae80,1,0.0,0.04975009114549547,0.0,0.0,0.0,74.14819489125576,-0.04975009114549547,1.0,,False,0.0,0.3694029850746269,0.9999999999999998
seller,a09a13f18ed27932d08438aa6f12756e,1,0.0,0.049835821546148684,0.0,0.0,0.0,74.02064097002956,-0.049835821546148684,1.0,,False,0.0,0.36974219810040704,0.9999999999999998
seller,258447aad3f7b01e2643c89f64dc5647,1,0.0,0.04987897811278542,0.0,0.0,0.0,73.95659641969227,-0.04987897811278542,1.0,,False,0.0,0.37008141112618725,0.9999999999999998
seller,0936e1837d0c79253456bbb2ffaaef10,1,0.0,0.0501443682260597,0.0,0.0,0.0,73.5651795927274,-0.0501443682260597,1.0,,False,0.0,0.3704206241519674,0.9999999999999998
seller,c1dde11f12d05c478f5de2d7319ad3b2,1,0.0,0.05022388254669881,0.0,0.0,0.0,73.44871139111892,-0.05022388254669881,1.0,,False,0.0,0.37075983717774763,0.9999999999999998
seller,4dc2e811a1760953cb7c6a590b498943,1,0.0,0.05056328912814132,0.0,0.0,0.0,72.95568618499674,-0.05056328912814132,1.0,,False,0.0,0.3710990502035278,0.9999999999999998
seller,2c00c85d30361cd2ced2969cffbbffa3,1,0.0,0.05063444974116679,0.0,0.0,0.0,72.8531557659015,-0.05063444974116679,1.0,,False,0.0,0.371438263229308,0.9999999999999998
seller,fe9d9cf8631285d5982c6e2cf27fb114,1,0.0,0.050647741708181336,0.0,0.0,0.0,72.83403622156081,-0.050647741708181336,1.0,,False,0.0,0.37177747625508817,0.9999999999999998
seller,712efd3b68f9686dc856b84abd0f21ae,1,0.0,0.05081400501439201,0.0,0.0,0.0,72.59572342446019,-0.05081400501439201,1.0,,False,0.0,0.3721166892808684,0.9999999999999998
seller,b2f4d63c7203f539a78252565ca32257,1,0.0,0.05119852929835912,0.0,0.0,0.0,72.05049646283807,-0.05119852929835912,1.0,,False,0.0,0.3724559023066486,0.9999999999999998
seller,50bf89f1349bc0409a268c3a49678009,1,0.0,0.05127578000725215,0.0,0.0,0.0,71.94194712576194,-0.05127578000725215,1.0,,False,0.0,0.37279511533242876,0.9999999999999998
seller,b6f52e346160519c24a23af05410ad32,1,0.0,0.051327950243115136,0.0,0.0,0.0,71.86882461975466,-0.051327950243115136,1.0,,False,0.0,0.373134328358209,0.9999999999999998
seller,436bf27f2f18474fc6047702e9f8a866,1,0.0,0.051496200615739854,0.0,0.0,0.0,71.63401202430508,-0.051496200615739854,1.0,,False,0.0,0.37347354138398914,0.9999999999999998
seller,749e7cdabbaf72f16677859e27874ba5,1,0.0,0.05153472669998159,0.0,0.0,0.0,71.58046021257455,-0.05153472669998159,1.0,,False,0.0,0.37381275440976935,0.9999999999999998
seller,fdf736c18c589ed030e058312203e1b2,1,0.0,0.051601680263445915,0.0,0.0,0.0,71.48758403371409,-0.051601680263445915,1.0,,False,0.0,0.3741519674355495,0.9999999999999998
seller,6561d6bf844e464b4019442692b40e02,1,0.0,0.0516331505729508,0.0,0.0,0.0,71.44401248384092,-0.0516331505729508,1.0,,False,0.0,0.37449118046132973,0.9999999999999998
seller,4b90495391ac0bd181a80a459df1e718,1,0.0,0.05200584167493783,0.0,0.0,0.0,70.93202100585646,-0.05200584167493783,1.0,,False,0.0,0.3748303934871099,0.9999999999999998
seller,75fdd0a732287f9497b179f6bd445d32,1,0.0,0.052046424271626326,0.0,0.0,0.0,70.87671258378778,-0.052046424271626326,1.0,,False,0.0,0.3751696065128901,0.9999999999999998
seller,d6b1ce66b035a475f00c017792ff9769,89,6.0,6.052189411478251,0.06741573033707865,0.9913767716226344,0.3638178027466984,2.1578098659223723,-0.05218941147825085,0.5626663106159859,,False,0.0,0.37550881953867027,0.9999999999999998
seller,8fb67a334bacec338885b4e9e1708073,1,0.0,0.05230914063036022,0.0,0.0,0.0,70.52074283118523,-0.05230914063036022,1.0,,False,0.0,0.3758480325644505,0.9999999999999998
seller,7ab0dd5487bab2dc835337b244f689fb,1,0.0,0.052405501675369316,0.0,0.0,0.0,70.39107223827448,-0.052405501675369316,1.0,,False,0.0,0.37618724559023065,0.9999999999999998
seller,570d4583587a5fe2d47c7be89b91ad27,2,0.0,0.05271640867872271,0.0,0.0,0.0,69.97592488888253,-0.05271640867872271,1.0,,False,0.0,0.37652645861601086,0.9999999999999998
seller,4e480be820e37de1444325ff358c9296,1,0.0,0.052747099405084014,0.0,0.0,0.0,69.93520962706025,-0.052747099405084014,1.0,,False,0.0,0.376865671641791,0.9999999999999998
seller,dd8a29ce82d5c705ba932d81494600a5,2,0.0,0.05277037284137677,0.0,0.0,0.0,69.90436594417082,-0.05277037284137677,1.0,,False,0.0,0.37720488466757124,0.9999999999999998
seller,aa2640d851ec322526f1295bbeb20092,1,0.0,0.053025481643104194,0.0,0.0,0.0,69.56805180842073,-0.053025481643104194,1.0,,False,0.0,0.3775440976933514,0.9999999999999998
seller,72c73be2b085b9d57650dd53eb2004c9,1,0.0,0.05315315455023818,0.0,0.0,0.0,69.4009506176601,-0.05315315455023818,1.0,,False,0.0,0.3778833107191316,0.9999999999999998
seller,9e94fa26a70ede4d26226e918e8706a2,1,0.0,0.05323231755359413,0.0,0.0,0.0,69.29774286832398,-0.05323231755359413,1.0,,False,0.0,0.37822252374491183,0.9999999999999998
seller,6650fcccd8cd2f7e55ffa524f30c4c59,2,0.0,0.05328571155309666,0.0,0.0,0.0,69.2283042976379,-0.05328571155309666,1.0,,False,0.0,0.378561736770692,0.9999999999999998
seller,52b53f7061969fe471d119b6195da864,1,0.0,0.05342787719571158,0.0,0.0,0.0,69.04409547475012,-0.05342787719571158,1.0,,False,0.0,0.3789009497964722,0.9999999999999998
seller,52831e5990d0771cb4951d6f12928167,1,0.0,0.05363164936835731,0.0,0.0,0.0,68.78176408071415,-0.05363164936835731,1.0,,False,0.0,0.37924016282225237,0.9999999999999998
seller,0b1ca3ef18a63d7eb0c8897fa0849c08,1,0.0,0.05380290999226005,0.0,0.0,0.0,68.56282410458111,-0.05380290999226005,1.0,,False,0.0,0.3795793758480326,0.9999999999999998
seller,32e5635e63cb374eb63afdd242fb6134,1,0.0,0.05416351277943276,0.0,0.0,0.0,68.1063554562269,-0.05416351277943276,1.0,,False,0.0,0.37991858887381275,0.9999999999999998
seller,37303482a42fb700d8d127e70a9cd6c8,1,0.0,0.05422045967046783,0.0,0.0,0.0,68.03482442852012,-0.05422045967046783,1.0,,False,0.0,0.38025780189959296,0.9999999999999998
seller,58e4b302b54937e55a678c4d15111da4,1,0.0,0.05426168832897826,0.0,0.0,0.0,67.98313078186885,-0.05426168832897826,1.0,,False,0.0,0.3805970149253731,0.9999999999999998
seller,aadfe0417e61315688b6bd7043361e25,1,0.0,0.054298815585074954,0.0,0.0,0.0,67.93664676413113,-0.054298815585074954,1.0,,False,0.0,0.38093622795115334,0.9999999999999998
seller,f9bbdd976532d50b7816d285a22bd01e,1,0.0,0.05440078530698387,0.0,0.0,0.0,67.809305202077,-0.05440078530698387,1.0,,False,0.0,0.3812754409769335,0.9999999999999998
seller,d85efbc8eff2b7adf524e2820569adc8,1,0.0,0.054431680574092804,0.0,0.0,0.0,67.77081683327057,-0.054431680574092804,1.0,,False,0.0,0.3816146540027137,0.9999999999999998
seller,9d69ba0a7a626a64dc5db08e529559cf,1,0.0,0.05444200681497453,0.0,0.0,0.0,67.7579624617969,-0.05444200681497453,1.0,,False,0.0,0.3819538670284939,0.9999999999999998
seller,7f02656561b680def9986c0795a8a080,1,0.0,0.05496007945063804,0.0,0.0,0.0,67.11925257362616,-0.05496007945063804,1.0,,False,0.0,0.3822930800542741,0.9999999999999998
seller,5e9f5bd34e0830569f05c9d4f56e04a8,2,0.0,0.05530315220386661,0.0,0.0,0.0,66.70287871684864,-0.05530315220386661,1.0,,False,0.0,0.38263229308005425,0.9999999999999998
seller,a5ff20ff766e7f50bd5066f33da14413,1,0.0,0.05549718111965082,0.0,0.0,0.0,66.46967250752402,-0.05549718111965082,1.0,,False,0.0,0.38297150610583447,0.9999999999999998
seller,389e45560e33d2d0747f949dcddbc08e,1,0.0,0.05598723419252749,0.0,0.0,0.0,65.88786724896447,-0.05598723419252749,1.0,,False,0.0,0.38331071913161463,0.9999999999999998
seller,1f7dfad2cb384ea4d2d7e1ffbd78c407,1,0.0,0.05600347285233033,0.0,0.0,0.0,65.86876252908019,-0.05600347285233033,1.0,,False,0.0,0.38364993215739485,0.9999999999999998
seller,5d9f3746e112e696f98ea22c56b3e912,1,0.0,0.05612488089771711,0.0,0.0,0.0,65.72627674411655,-0.05612488089771711,1.0,,False,0.0,0.383989145183175,0.9999999999999998
seller,270572bb714b00531be85e16e1550f26,1,0.0,0.056324570199874746,0.0,0.0,0.0,65.49325527071912,-0.056324570199874746,1.0,,False,0.0,0.3843283582089552,0.9999999999999998
seller,7caa63f175b1cecbfaadd8b5ab9998c7,1,0.0,0.056404362358358884,0.0,0.0,0.0,65.40060555382308,-0.056404362358358884,1.0,,False,0.0,0.38466757123473544,0.9999999999999998
seller,491a5ada3aa1678414e990262c4bbdc1,1,0.0,0.05651393609562823,0.0,0.0,0.0,65.27380163136961,-0.05651393609562823,1.0,,False,0.0,0.3850067842605156,0.9999999999999998
seller,16bdc8cefd0e32a6f0824d296c5ad14a,1,0.0,0.05668179822418008,0.0,0.0,0.0,65.08049443887056,-0.05668179822418008,1.0,,False,0.0,0.3853459972862958,0.9999999999999998
seller,c43d924a0f1688ee9fae0efcd6f539d4,1,0.0,0.05705544644446937,0.0,0.0,0.0,64.65429129021415,-0.05705544644446937,1.0,,False,0.0,0.385685210312076,0.9999999999999998
seller,a1bea9970d8f65b240555f99c2214f7f,1,0.0,0.05747773979284799,0.0,0.0,0.0,64.17927126934359,-0.05747773979284799,1.0,,False,0.0,0.3860244233378562,0.9999999999999998
seller,b7ba853e9551f4558440881fd3e5c815,1,0.0,0.05748664855540152,0.0,0.0,0.0,64.16932534445554,-0.05748664855540152,1.0,,False,0.0,0.38636363636363635,0.9999999999999998
seller,eaaa46e98c9e61f6764dd1d7a2ab8b3e,1,0.0,0.057734423685247664,0.0,0.0,0.0,63.893933959135026,-0.057734423685247664,1.0,,False,0.0,0.38670284938941657,0.9999999999999998
seller,6c77cd583b36a13aacccf2b3ee23e233,1,0.0,0.057761993923204705,0.0,0.0,0.0,63.86343689967398,-0.057761993923204705,1.0,,False,0.0,0.38704206241519673,0.9999999999999998
seller,b5b800c4065bebf4d3442311c9857344,1,0.0,0.05777484907511389,0.0,0.0,0.0,63.84922701083946,-0.05777484907511389,1.0,,False,0.0,0.38738127544097695,0.9999999999999998
seller,f0ec78809fe0bc3edb11c9fe5b97b059,2,0.0,0.057807120657022676,0.0,0.0,0.0,63.81358234395633,-0.057807120657022676,1.0,,False,0.0,0.3877204884667571,0.9999999999999998
seller,bd65d163ded559eb90a10cd09fec178f,1,0.0,0.0581284610326686,0.0,0.0,0.0,63.46081400711365,-0.0581284610326686,1.0,,False,0.0,0.3880597014925373,0.9999999999999998
seller,e76ecc7e9a1a1e3c6df9d2a8261c423d,1,0.0,0.0583087406350665,0.0,0.0,0.0,63.26460516788228,-0.0583087406350665,1.0,,False,0.0,0.3883989145183175,0.9999999999999998
seller,8936ba0de1073ee888cb3185ae5dc661,1,0.0,0.05835171499121261,0.0,0.0,0.0,63.21801260973147,-0.05835171499121261,1.0,,False,0.0,0.3887381275440977,0.9999999999999998
seller,a3fa18b3f688ec0fca3eb8bfcbd2d5b3,1,0.0,0.05845646216458382,0.0,0.0,0.0,63.104733292410295,-0.05845646216458382,1.0,,False,0.0,0.38907734056987786,0.9999999999999998
seller,f9f68daa2af419d38f745478bcb3da1a,1,0.0,0.05869487133631625,0.0,0.0,0.0,62.848411967324935,-0.05869487133631625,1.0,,False,0.0,0.3894165535956581,0.9999999999999998
seller,2d34636518ba88f5349b732fcf8ba2e4,1,0.0,0.05875016634251147,0.0,0.0,0.0,62.789259737715355,-0.05875016634251147,1.0,,False,0.0,0.38975576662143824,0.9999999999999998
seller,98e164d549402270247f3c96a1a158ef,2,0.0,0.058751832229169965,0.0,0.0,0.0,62.78747937128039,-0.058751832229169965,1.0,,False,0.0,0.39009497964721845,0.9999999999999998
seller,3442033154be05bac582e173ef54fd12,1,0.0,0.059141004020645795,0.0,0.0,0.0,62.374312293145515,-0.059141004020645795,1.0,,False,0.0,0.39043419267299867,0.9999999999999998
seller,d63f306de130e0391d38a792541723b8,1,0.0,0.05945313653811658,0.0,0.0,0.0,62.04684342850308,-0.05945313653811658,1.0,,False,0.0,0.39077340569877883,0.9999999999999998
seller,f43827dd686be3a4a80e00aa299990fb,1,0.0,0.05954806611822524,0.0,0.0,0.0,61.947930379302775,-0.05954806611822524,1.0,,False,0.0,0.39111261872455905,0.9999999999999998
seller,28d162ab86bb49d719c32f0ee6186eaa,1,0.0,0.05955048157084536,0.0,0.0,0.0,61.94541768273343,-0.05955048157084536,1.0,,False,0.0,0.3914518317503392,0.9999999999999998
seller,70ee69419916dc13e3aed619061f996c,1,0.0,0.059662081340613925,0.0,0.0,0.0,61.829546861664625,-0.059662081340613925,1.0,,False,0.0,0.3917910447761194,0.9999999999999998
seller,c398bc00a606d33758afd91f4e64fd15,2,0.0,0.05981866857436108,0.0,0.0,0.0,61.66769575501767,-0.05981866857436108,1.0,,False,0.0,0.3921302578018996,0.9999999999999998
seller,dd39ad39b5d3df33037e141c72497ba6,2,0.0,0.059823738869084445,0.0,0.0,0.0,61.662469177770916,-0.059823738869084445,1.0,,False,0.0,0.3924694708276798,0.9999999999999998
seller,87d30a6a0cbf89356e49324971ab1d24,17,1.0,1.0598530709914538,0.058823529411764705,0.9435270108379613,0.0238880356883865,5.256996034107662,-0.05985307099145376,0.6534932815213752,,False,0.0,0.39280868385345996,0.9999999999999998
seller,7816cd9c5b1238e320545f5bf7eb80e8,1,0.0,0.05985977988255573,0.0,0.0,0.0,61.625342781939366,-0.05985977988255573,1.0,,False,0.0,0.3931478968792402,0.9999999999999998
seller,615c3462099ffa940d37b17dfda19594,2,0.0,0.05990125251891098,0.0,0.0,0.0,61.58267647157039,-0.05990125251891098,1.0,,False,0.0,0.39348710990502034,0.9999999999999998
seller,3289d8c3eef4873f91ce0b1343c0dd58,1,0.0,0.06004370665949657,0.0,0.0,0.0,61.43657111366056,-0.06004370665949657,1.0,,False,0.0,0.39382632293080055,0.9999999999999998
seller,53336f97ddbe53e2a617d07b17447b95,1,0.0,0.06013538278134954,0.0,0.0,0.0,61.342911336019775,-0.06013538278134954,1.0,,False,0.0,0.3941655359565807,0.9999999999999998
seller,7c4402417d51474d4d0cda9557340e40,1,0.0,0.06031512232882418,0.0,0.0,0.0,61.16010896907433,-0.06031512232882418,1.0,,False,0.0,0.39450474898236093,0.9999999999999998
seller,7b3f6ce5c6c22e9b96e7581ebf0df6e1,1,0.0,0.06047842636531507,0.0,0.0,0.0,60.99496425107948,-0.06047842636531507,1.0,,False,0.0,0.3948439620081411,0.9999999999999998
seller,6c9875b2f94ba781186f0c1aed8d1687,1,0.0,0.060501653533102474,0.0,0.0,0.0,60.971547696553884,-0.060501653533102474,1.0,,False,0.0,0.3951831750339213,0.9999999999999998
seller,b906dd0e57f282c7089171b6ed07982e,2,0.0,0.060656296347431776,0.0,0.0,0.0,60.81610115105758,-0.060656296347431776,1.0,,False,0.0,0.39552238805970147,0.9999999999999998
seller,2e2f44824ab87a0cb961f68bf4073e7f,1,0.0,0.060847072191637375,0.0,0.0,0.0,60.625422411383056,-0.060847072191637375,1.0,,False,0.0,0.3958616010854817,0.9999999999999998
seller,9599519be538b98748162a2b48248960,1,0.0,0.06098196718526517,0.0,0.0,0.0,60.491316111646604,-0.06098196718526517,1.0,,False,0.0,0.39620081411126185,0.9999999999999998
seller,4003520d80d0bad1d5623f7aa3c63cda,1,0.0,0.061085421051067665,0.0,0.0,0.0,60.388868418047196,-0.061085421051067665,1.0,,False,0.0,0.39654002713704206,0.9999999999999998
seller,7957cac1a02f45d0a4a7e45626382ec2,1,0.0,0.061253772235054176,0.0,0.0,0.0,60.22289435429858,-0.061253772235054176,1.0,,False,0.0,0.3968792401628223,0.9999999999999998
seller,c00396cbdd2e088fe4281baa5920aef1,1,0.0,0.06142879834234056,0.0,0.0,0.0,60.051304170984075,-0.06142879834234056,1.0,,False,0.0,0.39721845318860244,0.9999999999999998
seller,dd88d13bea9e4c2bf47daf224f8141e5,1,0.0,0.06170394101492066,0.0,0.0,0.0,59.7835307346402,-0.06170394101492066,1.0,,False,0.0,0.39755766621438265,0.9999999999999998
seller,6548c2550b6e2d8f18053216e1c7b6f3,2,0.0,0.06175910298181989,0.0,0.0,0.0,59.730133308442575,-0.06175910298181989,1.0,,False,0.0,0.3978968792401628,0.9999999999999998
seller,c18309219e789960add0b2255ca4b091,1,0.0,0.061847015041186656,0.0,0.0,0.0,59.64523027760269,-0.061847015041186656,1.0,,False,0.0,0.39823609226594303,0.9999999999999998
seller,6d2f2e3b539480db1e0842b3a4e32e6e,3,0.0,0.06204496628921128,0.0,0.0,0.0,59.45493526290106,-0.06204496628921128,1.0,,False,0.0,0.3985753052917232,0.9999999999999998
seller,48328ec9a579151d9cc6a86d4a59336c,1,0.0,0.06229591010294602,0.0,0.0,0.0,59.21543562037928,-0.06229591010294602,1.0,,False,0.0,0.3989145183175034,0.9999999999999998
seller,be7a093e5b4d147b36b72bb1f9e415e5,1,0.0,0.06286624703843696,0.0,0.0,0.0,58.678219678972134,-0.06286624703843696,1.0,,False,0.0,0.39925373134328357,0.9999999999999998
seller,a99504ac23ed125aaf5302af6cc30af9,1,0.0,0.0628752536442817,0.0,0.0,0.0,58.669814279936936,-0.0628752536442817,1.0,,False,0.0,0.3995929443690638,0.9999999999999998
seller,028872bfa080090a9d0abd4f1af168f8,1,0.0,0.06288077763703648,0.0,0.0,0.0,58.66466021471724,-0.06288077763703648,1.0,,False,0.0,0.39993215739484395,0.9999999999999998
seller,88ef59b51bdaa941d10a853429f2b6ce,2,0.0,0.06294835500109452,0.0,0.0,0.0,58.601681553867365,-0.06294835500109452,1.0,,False,0.0,0.40027137042062416,0.9999999999999998
seller,3a3c180dd702a725bd0ba4117689239e,1,0.0,0.06315996183331661,0.0,0.0,0.0,58.40534647327901,-0.06315996183331661,1.0,,False,0.0,0.4006105834464043,0.9999999999999998
seller,7fe21dd00d2f4943ae09525efa2fd674,2,0.0,0.06318341871322372,0.0,0.0,0.0,58.38366345539144,-0.06318341871322372,1.0,,False,0.0,0.40094979647218454,0.9999999999999998
seller,c394e193cda3b4225ff2094d32184849,2,0.0,0.06322856536335533,0.0,0.0,0.0,58.34197617667058,-0.06322856536335533,1.0,,False,0.0,0.4012890094979647,0.9999999999999998
seller,9fe7c6641c79970ab48185498f547c09,1,0.0,0.06330462882866657,0.0,0.0,0.0,58.27187557007649,-0.06330462882866657,1.0,,False,0.0,0.4016282225237449,0.9999999999999998
seller,e0482f2c769468c3bbcd8a01e09d98c5,1,0.0,0.06348321815355305,0.0,0.0,0.0,58.10794665751322,-0.06348321815355305,1.0,,False,0.0,0.4019674355495251,0.9999999999999998
seller,a61cc04793308395a840807104365121,1,0.0,0.06368347074234887,0.0,0.0,0.0,57.925226296764436,-0.06368347074234887,1.0,,False,0.0,0.4023066485753053,0.9999999999999998
seller,cd52a8efd71af3336b14b5039b951cc1,2,0.0,0.06382801343018935,0.0,0.0,0.0,57.79405085430985,-0.06382801343018935,1.0,,False,0.0,0.4026458616010855,0.9999999999999998
seller,7315baebc0572ff220d226283dc66728,2,0.0,0.06389147581614028,0.0,0.0,0.0,57.7366449435192,-0.06389147581614028,1.0,,False,0.0,0.40298507462686567,0.9999999999999998
seller,2a167ca73899c85001a837d8fb4962f6,2,0.0,0.06416732775655234,0.0,0.0,0.0,57.48843816761952,-0.06416732775655234,1.0,,False,0.0,0.4033242876526459,0.9999999999999998
seller,1fbe10c70e30765ed1de86d9f7e98409,2,0.0,0.06416886931695778,0.0,0.0,0.0,57.487057094507385,-0.06416886931695778,1.0,,False,0.0,0.40366350067842605,0.9999999999999998
seller,d4a5e99e0dd915df64ba55a7fbd583fd,2,0.0,0.0643370983340844,0.0,0.0,0.0,57.33673960486414,-0.0643370983340844,1.0,,False,0.0,0.40400271370420626,0.9999999999999998
seller,59bbc819b99a733f02f0d6b49d1c253d,2,0.0,0.06438795911649853,0.0,0.0,0.0,57.29144866106978,-0.06438795911649853,1.0,,False,0.0,0.4043419267299864,0.9999999999999998
seller,731ef20c231d9a7103a425e83fd91271,2,0.0,0.0646542482839531,0.0,0.0,0.0,57.05548439621251,-0.0646542482839531,1.0,,False,0.0,0.40468113975576664,0.9999999999999998
seller,49f8d2ea7b718d0ce587d34207caf2b4,1,0.0,0.06476692243455068,0.0,0.0,0.0,56.95622573145546,-0.06476692243455068,1.0,,False,0.0,0.4050203527815468,0.9999999999999998
seller,3e51f9cbe317bc3a88f2c76583811ee4,1,0.0,0.06512411755090164,0.0,0.0,0.0,56.643830163697366,-0.06512411755090164,1.0,,False,0.0,0.405359565807327,0.9999999999999998
seller,d9b00a97818674c7f8d8b1ef0e689679,1,0.0,0.06518745025227048,0.0,0.0,0.0,56.588797994679226,-0.06518745025227048,1.0,,False,0.0,0.4056987788331072,0.9999999999999998
seller,f3511c85f59f8dec53d140501ee8e7a8,1,0.0,0.06518745025227048,0.0,0.0,0.0,56.588797994679226,-0.06518745025227048,1.0,,False,0.0,0.4060379918588874,0.9999999999999998
seller,d7827b2af99326a03b0ed9c7a24db0d3,1,0.0,0.06525163886146654,0.0,0.0,0.0,56.53313109798921,-0.06525163886146654,1.0,,False,0.0,0.40637720488466755,0.9999999999999998
seller,b7d5b4b87af9d42b601865d3f3810bff,1,0.0,0.06525545627928027,0.0,0.0,0.0,56.529823932672706,-0.06525545627928027,1.0,,False,0.0,0.40671641791044777,0.9999999999999998
seller,265fdc289dffa9f1ad801c74f7d0de47,1,0.0,0.06527641515171359,0.0,0.0,0.0,56.5116734051701,-0.06527641515171359,1.0,,False,0.0,0.40705563093622793,0.9999999999999998
seller,c963a25b8671419c6ce9eebe8fd03218,1,0.0,0.06531098380094245,0.0,0.0,0.0,56.48176216969961,-0.06531098380094245,1.0,,False,0.0,0.40739484396200815,0.9999999999999998
seller,1703bc09972dab9782e7a9194943b69f,1,0.0,0.06532969666553608,0.0,0.0,0.0,56.465583683935286,-0.06532969666553608,1.0,,False,0.0,0.4077340569877883,0.9999999999999998
seller,d4828feed4cda2cd9d6b37899a95a71e,1,0.0,0.06572488656998411,0.0,0.0,0.0,56.1260680181776,-0.06572488656998411,1.0,,False,0.0,0.4080732700135685,0.9999999999999998
seller,d354c38a7182125a748cb10474fe963b,17,1.0,1.0662060090572336,0.058823529411764705,0.937905049779475,0.023745699957812585,5.22567247193203,-0.06620600905723362,0.6556876395525935,,False,0.0,0.4084124830393487,0.9999999999999998
seller,c74f14c1e26cf1bd5bd34b6a1e274426,1,0.0,0.06623071442211155,0.0,0.0,0.0,55.69741299487446,-0.06623071442211155,1.0,,False,0.0,0.4087516960651289,0.9999999999999998
seller,2ec6e37d992a95eaddb3369dcbcc76d9,1,0.0,0.06623527204429991,0.0,0.0,0.0,55.693580478490595,-0.06623527204429991,1.0,,False,0.0,0.4090909090909091,0.9999999999999998
seller,5bba18b40e8c973b0f32e748004775b0,1,0.0,0.0662483927607302,0.0,0.0,0.0,55.68255017804112,-0.0662483927607302,1.0,,False,0.0,0.4094301221166893,0.9999999999999998
seller,c8771b1a10bb99bb34d3c459c5cffb53,1,0.0,0.06637865191390177,0.0,0.0,0.0,55.57328068214908,-0.06637865191390177,1.0,,False,0.0,0.4097693351424695,0.9999999999999998
seller,72431a818f97fe6ab9c81eee3e297e54,1,0.0,0.06638668151485055,0.0,0.0,0.0,55.56655898350245,-0.06638668151485055,1.0,,False,0.0,0.41010854816824965,0.9999999999999998
seller,7a704e63bb29c446869efde5d57524c8,1,0.0,0.06654728581667642,0.0,0.0,0.0,55.432455416378836,-0.06654728581667642,1.0,,False,0.0,0.41044776119402987,0.9999999999999998
seller,432c67955c0acd1fd6b0b5d678766a71,1,0.0,0.06675782790350797,0.0,0.0,0.0,55.25763150122045,-0.06675782790350797,1.0,,False,0.0,0.41078697421981003,0.9999999999999998
seller,fc0b214b59a83615fea981c6424a02ae,1,0.0,0.0669125073738237,0.0,0.0,0.0,55.1298942289679,-0.0669125073738237,1.0,,False,0.0,0.41112618724559025,0.9999999999999998
seller,26562f211dd1364af2a8596dc945e8ae,2,0.0,0.06691506641207483,0.0,0.0,0.0,55.1277858920017,-0.06691506641207483,1.0,,False,0.0,0.4114654002713704,0.9999999999999998
seller,695051e2981c8b19e77cafe450d5bdf3,1,0.0,0.06702769169382061,0.0,0.0,0.0,55.035155782546795,-0.06702769169382061,1.0,,False,0.0,0.4118046132971506,0.9999999999999998
seller,dd264199fc8b687ad029de7de6d760e6,1,0.0,0.06708828813514822,0.0,0.0,0.0,54.985446143487074,-0.06708828813514822,1.0,,False,0.0,0.4121438263229308,0.9999999999999998
seller,b9de031b671cd48b28fae9d828cbf2b4,1,0.0,0.06709608877661306,0.0,0.0,0.0,54.97905349439276,-0.06709608877661306,1.0,,False,0.0,0.412483039348711,0.9999999999999998
seller,4450bd8327d471c4a11a83d1445b1b62,1,0.0,0.06709843821518546,0.0,0.0,0.0,54.97712841368463,-0.06709843821518546,1.0,,False,0.0,0.41282225237449116,0.9999999999999998
seller,0af2ab31141893d26aca5a404a537dab,1,0.0,0.06713933594049563,0.0,0.0,0.0,54.94363926064627,-0.06713933594049563,1.0,,False,0.0,0.4131614654002714,0.9999999999999998
seller,b5f49fe968dff6b112861e6cd8e192ef,1,0.0,0.06718663707662505,0.0,0.0,0.0,54.904957512709565,-0.06718663707662505,1.0,,False,0.0,0.41350067842605154,0.9999999999999998
seller,56f413900b5166ab4d730e9ac0b12cb0,3,0.0,0.06724776402644819,0.0,0.0,0.0,54.855049941335125,-0.06724776402644819,1.0,,False,0.0,0.41383989145183175,0.9999999999999998
seller,4ce8b55b4bfa4659184e7becc1fba3f2,1,0.0,0.06759742002120363,0.0,0.0,0.0,54.571305427882095,-0.06759742002120363,1.0,,False,0.0,0.4141791044776119,0.9999999999999998
seller,651530bf5c607240ccdd89a30c9c9712,1,0.0,0.06767129694924646,0.0,0.0,0.0,54.51172979410456,-0.06767129694924646,1.0,,False,0.0,0.41451831750339213,0.9999999999999998
seller,edb58a1390adf273840030a3d6253829,1,0.0,0.06774310840709766,0.0,0.0,0.0,54.453944332549106,-0.06774310840709766,1.0,,False,0.0,0.41485753052917235,0.9999999999999998
seller,70126eecc6aa1274392a1743866e9678,2,0.0,0.06796603822797631,0.0,0.0,0.0,54.275334421295014,-0.06796603822797631,1.0,,False,0.0,0.4151967435549525,0.9999999999999998
seller,8f0fbe2cd4d472157dc1cdef6edecaa9,2,0.0,0.06797755786126408,0.0,0.0,0.0,54.266136798303314,-0.06797755786126408,1.0,,False,0.0,0.4155359565807327,0.9999999999999998
seller,ea1776927851da2532aa70d6a32c095a,2,0.0,0.06810304198572528,0.0,0.0,0.0,54.16614803913079,-0.06810304198572528,1.0,,False,0.0,0.4158751696065129,0.9999999999999998
seller,c0f3eea2e14555b6faeea3dd58c1b1c3,1,0.0,0.06824332033138039,0.0,0.0,0.0,54.054806187641994,-0.06824332033138039,1.0,,False,0.0,0.4162143826322931,0.9999999999999998
seller,2ef086a599b597572aca4433b7ed6b3d,1,0.0,0.06826193593866593,0.0,0.0,0.0,54.04006498480255,-0.06826193593866593,1.0,,False,0.0,0.41655359565807326,0.9999999999999998
seller,51209b446b2073894bdc0face6c73ffc,2,0.0,0.06874500047626719,0.0,0.0,0.0,53.66033062124199,-0.06874500047626719,1.0,,False,0.0,0.4168928086838535,0.9999999999999998
seller,19d62d484cba71963c93f0f00ab42013,1,0.0,0.06876415104546736,0.0,0.0,0.0,53.645386411806655,-0.06876415104546736,1.0,,False,0.0,0.41723202170963364,0.9999999999999998
seller,b76f4d90e85657a240495c876313adc5,1,0.0,0.06902288004644488,0.0,0.0,0.0,53.44429921834211,-0.06902288004644488,1.0,,False,0.0,0.41757123473541385,0.9999999999999998
seller,9b76ad3d04236f76bc71c59470305e13,1,0.0,0.06905693116328732,0.0,0.0,0.0,53.417946496803665,-0.06905693116328732,1.0,,False,0.0,0.417910447761194,0.9999999999999998
seller,e9b6c33b71b67737693b4cfa68341c8d,1,0.0,0.06909888458127882,0.0,0.0,0.0,53.385513767227664,-0.06909888458127882,1.0,,False,0.0,0.41824966078697423,0.9999999999999998
seller,2bdb95a56a36ebbc6640337ac5eac174,1,0.0,0.06933028077536547,0.0,0.0,0.0,53.207334700780166,-0.06933028077536547,1.0,,False,0.0,0.4185888738127544,0.9999999999999998
seller,4aba6a02a788d3ec81c03137144d9a80,1,0.0,0.06933028077536547,0.0,0.0,0.0,53.207334700780166,-0.06933028077536547,1.0,,False,0.0,0.4189280868385346,0.9999999999999998
seller,c8143b3069f6746a77421b5ce30a450c,1,0.0,0.06947776216842869,0.0,0.0,0.0,53.094390765944894,-0.06947776216842869,1.0,,False,0.0,0.41926729986431477,0.9999999999999998
seller,a56a8043ebf66e42119618fb8cf232c6,1,0.0,0.06972110115238091,0.0,0.0,0.0,52.90908194423954,-0.06972110115238091,1.0,,False,0.0,0.419606512890095,0.9999999999999998
seller,bba8d0c234a52b87b3957037a215d1a4,1,0.0,0.0702171867977051,0.0,0.0,0.0,52.53527836057509,-0.0702171867977051,1.0,,False,0.0,0.41994572591587515,0.9999999999999998
seller,1e47d8b6546eb3a77b1acddcc9406242,1,0.0,0.07033518113505295,0.0,0.0,0.0,52.44714514960577,-0.07033518113505295,1.0,,False,0.0,0.42028493894165536,0.9999999999999998
seller,47f55702f598c7c6cc8458b0fbc1c49a,1,0.0,0.07053701166740786,0.0,0.0,0.0,52.297075916790064,-0.07053701166740786,1.0,,False,0.0,0.4206241519674355,0.9999999999999998
seller,e8ff5a6ceb895583033fc2a0f314e3c2,1,0.0,0.07053831136297842,0.0,0.0,0.0,52.296112323012316,-0.07053831136297842,1.0,,False,0.0,0.42096336499321574,0.9999999999999998
seller,57d2ba47f7a3209aa347532ae75c1165,2,0.0,0.07060726310499744,0.0,0.0,0.0,52.245042392145116,-0.07060726310499744,1.0,,False,0.0,0.42130257801899595,0.9999999999999998
seller,33fd411ed63a7c2f9005e3f065d9f85d,1,0.0,0.07076165657788042,0.0,0.0,0.0,52.13104995717487,-0.07076165657788042,1.0,,False,0.0,0.4216417910447761,0.9999999999999998
seller,e9e446d01bd10a97a8ffcfc4a3a20cb2,3,0.0,0.07087245494872055,0.0,0.0,0.0,52.04955094024904,-0.07087245494872055,1.0,,False,0.0,0.42198100407055633,0.9999999999999998
seller,698624c6632eeba1774924dbea24c700,1,0.0,0.07120206465341189,0.0,0.0,0.0,51.808602349807984,-0.07120206465341189,1.0,,False,0.0,0.4223202170963365,0.9999999999999998
seller,422be4cc81a457fdb46f47edeb968ae5,1,0.0,0.07121745250980872,0.0,0.0,0.0,51.79740813680283,-0.07121745250980872,1.0,,False,0.0,0.4226594301221167,0.9999999999999998
seller,e9874ae10b2d60d43917b6bbfa13a599,1,0.0,0.07131332732046798,0.0,0.0,0.0,51.72777084901453,-0.07131332732046798,1.0,,False,0.0,0.42299864314789687,0.9999999999999998
seller,c52c644cc0dc85121207a27013efc6af,1,0.0,0.07144707045221352,0.0,0.0,0.0,51.6309406497107,-0.07144707045221352,1.0,,False,0.0,0.4233378561736771,0.9999999999999998
seller,ea4e9ce63a2134743b4a92777437fcdd,3,0.0,0.07157379895353197,0.0,0.0,0.0,51.53952295460627,-0.07157379895353197,1.0,,False,0.0,0.42367706919945725,0.9999999999999998
seller,2f3d8b4c9e2ee165075331fea3f3095a,1,0.0,0.07178858975179579,0.0,0.0,0.0,51.38531717739529,-0.07178858975179579,1.0,,False,0.0,0.42401628222523746,0.9999999999999998
seller,94d76e96eedd976258cd3278ce56d5f2,1,0.0,0.0717982104404552,0.0,0.0,0.0,51.37843173923191,-0.0717982104404552,1.0,,False,0.0,0.4243554952510176,0.9999999999999998
seller,c286ec035ee04ba81c97508f0b5df544,1,0.0,0.07191408897134512,0.0,0.0,0.0,51.29564327212441,-0.07191408897134512,1.0,,False,0.0,0.42469470827679784,0.9999999999999998
seller,05a48cc8859962767935ab9087417fbb,1,0.0,0.07197962827988004,0.0,0.0,0.0,51.248937265560485,-0.07197962827988004,1.0,,False,0.0,0.425033921302578,0.9999999999999998
seller,e560e4022d8f7aebf155db95946c5c0f,2,0.0,0.07217032006690431,0.0,0.0,0.0,51.1135249323298,-0.07217032006690431,1.0,,False,0.0,0.4253731343283582,0.9999999999999998
seller,25be943a321c8938947bdaabca979a90,3,0.0,0.07230265529897209,0.0,0.0,0.0,51.019972072400215,-0.07230265529897209,1.0,,False,0.0,0.4257123473541384,0.9999999999999998
seller,3986c0b54f6b748b75e7bd4e092aa3e5,1,0.0,0.07272502171558838,0.0,0.0,0.0,50.72366246297367,-0.07272502171558838,1.0,,False,0.0,0.4260515603799186,0.9999999999999998
seller,1c83418358f249c9d6affa52d579db0e,1,0.0,0.07280508162573453,0.0,0.0,0.0,50.66788432539881,-0.07280508162573453,1.0,,False,0.0,0.42639077340569875,0.9999999999999998
seller,d6cd01c59123df02fc226eadbadb5f89,1,0.0,0.0728710319206326,0.0,0.0,0.0,50.622028491811044,-0.0728710319206326,1.0,,False,0.0,0.42672998643147897,0.9999999999999998
seller,8c9348f33ae3dada25c99c99ade2af78,2,0.0,0.07287778602502726,0.0,0.0,0.0,50.617336987255925,-0.07287778602502726,1.0,,False,0.0,0.4270691994572592,0.9999999999999998
seller,5e106d93b717c2682b9383da480364a1,1,0.0,0.0730893545875624,0.0,0.0,0.0,50.47081719259936,-0.0730893545875624,1.0,,False,0.0,0.42740841248303935,0.9999999999999998
seller,c87abc38c8ed3240861729e1aeadf221,1,0.0,0.07309763620658076,0.0,0.0,0.0,50.46509908595152,-0.07309763620658076,1.0,,False,0.0,0.42774762550881956,0.9999999999999998
seller,788f22bafdd7ab0e1e79f19db72f16a4,1,0.0,0.07316372769822796,0.0,0.0,0.0,50.41951210207788,-0.07316372769822796,1.0,,False,0.0,0.4280868385345997,0.9999999999999998
seller,2c43fb513632d29b3b58df74816f1b06,3,0.0,0.0736000371538195,0.0,0.0,0.0,50.12061945572672,-0.0736000371538195,1.0,,False,0.0,0.42842605156037994,0.9999999999999998
seller,98f52e1020fe788c10c0418de4393fec,1,0.0,0.07389868797270768,0.0,0.0,0.0,49.9180642486686,-0.07389868797270768,1.0,,False,0.0,0.4287652645861601,0.9999999999999998
seller,26e2e5033827d2ba53929f43e03d8ffe,1,0.0,0.07410744086182335,0.0,0.0,0.0,49.77745029668501,-0.07410744086182335,1.0,,False,0.0,0.4291044776119403,0.9999999999999998
seller,f61c63d13f7cd800549d5acdd390ae72,26,2.0,2.074158571433719,0.07692307692307693,0.9642464310805038,0.11677471620530096,3.4831896496370787,-0.07415857143371918,0.6136947206399467,,False,0.0,0.4294436906377205,0.9999999999999998
seller,96e5dc09087bad639b4ee193104ec2e5,1,0.0,0.07431203652740413,0.0,0.0,0.0,49.64040317686063,-0.07431203652740413,1.0,,False,0.0,0.4297829036635007,0.9999999999999998
seller,bab0a8cd684e41ba6e2637dca0979d3b,1,0.0,0.07435080337971982,0.0,0.0,0.0,49.61452044135043,-0.07435080337971982,1.0,,False,0.0,0.43012211668928085,0.9999999999999998
seller,cecd97bc34ed8330bd4cd15713eda670,1,0.0,0.07435080337971982,0.0,0.0,0.0,49.61452044135043,-0.07435080337971982,1.0,,False,0.0,0.43046132971506107,0.9999999999999998
seller,2c538755f1ca9540af144f266e70df6c,1,0.0,0.07441999769744634,0.0,0.0,0.0,49.5683897910214,-0.07441999769744634,1.0,,False,0.0,0.43080054274084123,0.9999999999999998
seller,d7d517afce974cd491b8d52bb5b5b1fc,1,0.0,0.07443220569888902,0.0,0.0,0.0,49.560259829422144,-0.07443220569888902,1.0,,False,0.0,0.43113975576662145,0.9999999999999998
seller,ba89796db68db180bd389de96b2ff3b6,2,0.0,0.07443709993901951,0.0,0.0,0.0,49.5570012417994,-0.07443709993901951,1.0,,False,0.0,0.4314789687924016,0.9999999999999998
seller,4be9ae93c4fc0f41713d71a4194ee1b3,1,0.0,0.07471502525641488,0.0,0.0,0.0,49.37265886552338,-0.07471502525641488,1.0,,False,0.0,0.4318181818181818,0.9999999999999998
seller,734def04b237117a09321dd6d8f3f2a2,2,0.0,0.07478444600321008,0.0,0.0,0.0,49.32682731855221,-0.07478444600321008,1.0,,False,0.0,0.432157394843962,0.9999999999999998
seller,2c9005d8043aff18b8557ffb7b13cda4,1,0.0,0.07515042559042465,0.0,0.0,0.0,49.08660762905855,-0.07515042559042465,1.0,,False,0.0,0.4324966078697422,0.9999999999999998
seller,98dddbc4601dd4443ca174359b237166,2,0.0,0.07551043217162218,0.0,0.0,0.0,48.85258033922716,-0.07551043217162218,1.0,,False,0.0,0.43283582089552236,0.9999999999999998
seller,2f9b7ce230a057a98a9f5df5893ee36c,2,0.0,0.07551787499973635,0.0,0.0,0.0,48.84776556711658,-0.07551787499973635,1.0,,False,0.0,0.4331750339213026,0.9999999999999998
seller,dedcab67899479e4ea5dcc4eba47f587,2,0.0,0.07579077789800504,0.0,0.0,0.0,48.671877455568826,-0.07579077789800504,1.0,,False,0.0,0.4335142469470828,0.9999999999999998
seller,0f80a40c312b2472dca482cf50f5186f,1,0.0,0.07588939372737752,0.0,0.0,0.0,48.608629914290006,-0.07588939372737752,1.0,,False,0.0,0.43385345997286295,0.9999999999999998
seller,7d81e74a4755b552267cd5e081563028,1,0.0,0.07596597259301899,0.0,0.0,0.0,48.559629110217315,-0.07596597259301899,1.0,,False,0.0,0.43419267299864317,0.9999999999999998
seller,503c1de08ae81a2d86f17951b204db55,22,2.0,2.0761286628493965,0.09090909090909091,0.9633314330601682,0.11666390570011365,3.4798843621803237,-0.07612866284939646,0.6142079495569606,,False,0.0,0.43453188602442333,0.9999999999999998
seller,fe19dce63ae80346207c6c55713d1023,1,0.0,0.07641414029484178,0.0,0.0,0.0,48.27482766776541,-0.07641414029484178,1.0,,False,0.0,0.43487109905020355,0.9999999999999998
seller,b416191c9813d821a295cfabafff4161,1,0.0,0.07681830141926915,0.0,0.0,0.0,48.02084120527839,-0.07681830141926915,1.0,,False,0.0,0.4352103120759837,0.9999999999999998
seller,ab27bbbad5239bc31a34709275a70db4,3,0.0,0.07710908414786127,0.0,0.0,0.0,47.839751890196084,-0.07710908414786127,1.0,,False,0.0,0.4355495251017639,0.9999999999999998
seller,1cbdc7cf130a41fd13a3c2a7d2fcfda7,1,0.0,0.07718404952203504,0.0,0.0,0.0,47.79328730427403,-0.07718404952203504,1.0,,False,0.0,0.4358887381275441,0.9999999999999998
seller,11742f81550ac064cc9a40f67151d9ad,2,0.0,0.07764679248999484,0.0,0.0,0.0,47.508458956488965,-0.07764679248999484,1.0,,False,0.0,0.4362279511533243,0.9999999999999998
seller,a81466620e46a6970b22ef40379fdfc9,2,0.0,0.07782245590686623,0.0,0.0,0.0,47.40122129438564,-0.07782245590686623,1.0,,False,0.0,0.43656716417910446,0.9999999999999998
seller,4a5b36211b1f51bf7eaa5c10a57fa483,1,0.0,0.0781441227192235,0.0,0.0,0.0,47.20610233693837,-0.0781441227192235,1.0,,False,0.0,0.4369063772048847,0.9999999999999998
seller,9fbd5666d8618fa571c4230fafa09bd6,1,0.0,0.0781441227192235,0.0,0.0,0.0,47.20610233693837,-0.0781441227192235,1.0,,False,0.0,0.43724559023066484,0.9999999999999998
seller,2d20f1cd18725c91147da0791d498022,1,0.0,0.07819277656177231,0.0,0.0,0.0,47.17672931334929,-0.07819277656177231,1.0,,False,0.0,0.43758480325644505,0.9999999999999998
seller,4125d9385a25e82d2f72d3a0fd55bc3f,1,0.0,0.07819277656177231,0.0,0.0,0.0,47.17672931334929,-0.07819277656177231,1.0,,False,0.0,0.4379240162822252,0.9999999999999998
seller,e908c0f3646e8b60375734a350d95d71,1,0.0,0.07821048151162917,0.0,0.0,0.0,47.16604964982134,-0.07821048151162917,1.0,,False,0.0,0.43826322930800543,0.9999999999999998
seller,e3d3b3efac954a60d61be70b7e05b49b,3,0.0,0.0783234205474092,0.0,0.0,0.0,47.098038215543134,-0.0783234205474092,1.0,,False,0.0,0.4386024423337856,0.9999999999999998
seller,71593c7413973a1e160057b80d4958f6,2,0.0,0.07833911412404149,0.0,0.0,0.0,47.08860312452595,-0.07833911412404149,1.0,,False,0.0,0.4389416553595658,0.9999999999999998
seller,a7d0f8dd44f57ef6de7f7f02e3d82630,2,0.0,0.07858503806461811,0.0,0.0,0.0,46.941244096372145,-0.07858503806461811,1.0,,False,0.0,0.439280868385346,0.9999999999999998
seller,ae45ad30c2d2e5913094769690a239d2,1,0.0,0.07870631007465093,0.0,0.0,0.0,46.86891623575197,-0.07870631007465093,1.0,,False,0.0,0.4396200814111262,0.9999999999999998
seller,1746c1ae87ac63d530c7c943d0ac42e2,1,0.0,0.07887290861911009,0.0,0.0,0.0,46.769917817131926,-0.07887290861911009,1.0,,False,0.0,0.4399592944369064,0.9999999999999998
seller,9d39404483343dd55c7ae254494d8388,10,1.0,1.0791325102216498,0.1,0.9266702564586843,0.023461259617773626,5.163076209977683,-0.0791325102216498,0.660109750891477,,False,0.0,0.44029850746268656,0.9999999999999998
seller,a69aa24cec11168e7e39a3fbc727e925,3,0.0,0.07916484428744533,0.0,0.0,0.0,46.59744470310227,-0.07916484428744533,1.0,,False,0.0,0.4406377204884668,0.9999999999999998
seller,6b2612338467c08c9b25f0cc55b1578d,1,0.0,0.07927078903100815,0.0,0.0,0.0,46.53516760973536,-0.07927078903100815,1.0,,False,0.0,0.44097693351424694,0.9999999999999998
seller,fbc14c0cf93505ef89f64665ffa4a7b5,17,1.0,1.0793903741163344,0.058823529411764705,0.9264488770512438,0.02345565477644437,5.1618427628653265,-0.07939037411633443,0.6601973850155536,,False,0.0,0.44131614654002715,0.9999999999999998
seller,933446e9a59dece7ae9175103820ca8f,1,0.0,0.07940947763719604,0.0,0.0,0.0,46.453893966757875,-0.07940947763719604,1.0,,False,0.0,0.4416553595658073,0.9999999999999998
seller,2b402d5dc42554061f8ea98d1916f148,1,0.0,0.07945455144084694,0.0,0.0,0.0,46.427541119029115,-0.07945455144084694,1.0,,False,0.0,0.44199457259158753,0.9999999999999998
seller,56db5c0782e8f7ddc9343f9576ff6d16,2,0.0,0.0797591491538158,0.0,0.0,0.0,46.25023578172729,-0.0797591491538158,1.0,,False,0.0,0.4423337856173677,0.9999999999999998
seller,34675b28b826facfde119785bf287dc1,1,0.0,0.08010305148576356,0.0,0.0,0.0,46.051672011141136,-0.08010305148576356,1.0,,False,0.0,0.4426729986431479,0.9999999999999998
seller,2fa13c8bd5705d279f7ed5cc9ec61c68,2,0.0,0.08111421491570694,0.0,0.0,0.0,45.47759548615962,-0.08111421491570694,1.0,,False,0.0,0.44301221166892807,0.9999999999999998
seller,51e0557bc7b86de13e946c60ee91ce39,1,0.0,0.08111523080628127,0.0,0.0,0.0,45.47702592283423,-0.08111523080628127,1.0,,False,0.0,0.4433514246947083,0.9999999999999998
seller,fa8d335d68129e464e60c1826a683e96,1,0.0,0.08122356222829363,0.0,0.0,0.0,45.41637122176034,-0.08122356222829363,1.0,,False,0.0,0.44369063772048845,0.9999999999999998
seller,0af977692321d895349eded183341d28,2,0.0,0.08153673550320659,0.0,0.0,0.0,45.24193213461266,-0.08153673550320659,1.0,,False,0.0,0.44402985074626866,0.9999999999999998
seller,e1c76f339ebd5460999f25a2aa8c92c5,1,0.0,0.08189237462945143,0.0,0.0,0.0,45.04545717236147,-0.08189237462945143,1.0,,False,0.0,0.4443690637720488,0.9999999999999998
seller,4c4d546adf3c3868fe19c9ec6e9ffda9,2,0.0,0.08212465844592731,0.0,0.0,0.0,44.918049267051444,-0.08212465844592731,1.0,,False,0.0,0.44470827679782904,0.9999999999999998
seller,82921991ff5b557b045605b8bbf08d49,1,0.0,0.08217221662592913,0.0,0.0,0.0,44.89205239414125,-0.08217221662592913,1.0,,False,0.0,0.4450474898236092,0.9999999999999998
seller,70f7e8018e3d46c748c92f026aa2585a,1,0.0,0.08231300628274596,0.0,0.0,0.0,44.815268214631836,-0.08231300628274596,1.0,,False,0.0,0.4453867028493894,0.9999999999999998
seller,9140ef75cc8211c4035935e80e567204,1,0.0,0.08268525921217755,0.0,0.0,0.0,44.613507767423826,-0.08268525921217755,1.0,,False,0.0,0.44572591587516963,0.9999999999999998
seller,cb162c8eef257253782d245c08d9097c,1,0.0,0.08269047349817886,0.0,0.0,0.0,44.61069453417966,-0.08269047349817886,1.0,,False,0.0,0.4460651289009498,0.9999999999999998
seller,a9ae440659f48b7849df83e82734150b,1,0.0,0.0827230152984621,0.0,0.0,0.0,44.59314546023947,-0.0827230152984621,1.0,,False,0.0,0.44640434192673,0.9999999999999998
seller,466222e777149751370e7e98fb623b0c,1,0.0,0.08291351560350269,0.0,0.0,0.0,44.49068921108561,-0.08291351560350269,1.0,,False,0.0,0.44674355495251017,0.9999999999999998
seller,88cd3681e0a2ba85e190f7d817629c4c,1,0.0,0.08291351560350269,0.0,0.0,0.0,44.49068921108561,-0.08291351560350269,1.0,,False,0.0,0.4470827679782904,0.9999999999999998
seller,d263fa444c1504a75cbca5cc465f592a,1,0.0,0.0831095554471781,0.0,0.0,0.0,44.38574402504745,-0.0831095554471781,1.0,,False,0.0,0.44742198100407055,0.9999999999999998
seller,8def3db7f272735afb2ecd03aeca09a7,2,0.0,0.08315242742726954,0.0,0.0,0.0,44.36285948886419,-0.08315242742726954,1.0,,False,0.0,0.44776119402985076,0.9999999999999998
seller,8132b9bd16876e1b0f8808d43825dd48,1,0.0,0.08353196851907489,0.0,0.0,0.0,44.161289617777456,-0.08353196851907489,1.0,,False,0.0,0.4481004070556309,0.9999999999999998
seller,a353b1083c9863d756d9404695016d64,1,0.0,0.08372467861889683,0.0,0.0,0.0,44.05964304628991,-0.08372467861889683,1.0,,False,0.0,0.44843962008141114,0.9999999999999998
seller,e4fc40017a6d22c46a14ac2e17f87c3e,1,0.0,0.08382778205645541,0.0,0.0,0.0,44.00545217371479,-0.08382778205645541,1.0,,False,0.0,0.4487788331071913,0.9999999999999998
seller,f1b854361f4e15d5851b494df66f22b2,2,0.0,0.08421189220617396,0.0,0.0,0.0,43.80473300709762,-0.08421189220617396,1.0,,False,0.0,0.4491180461329715,0.9999999999999998
seller,5db42a6cd9bf1bf0d3aab9582767f168,1,0.0,0.0844266916760531,0.0,0.0,0.0,43.693284444547935,-0.0844266916760531,1.0,,False,0.0,0.4494572591587517,0.9999999999999998
seller,b05b432bf68945d4d9783f9e3ca29ee8,2,0.0,0.08478271792892976,0.0,0.0,0.0,43.50980417030494,-0.08478271792892976,1.0,,False,0.0,0.4497964721845319,0.9999999999999998
seller,3b18f9856c6eb2413eafedb58e9eecd9,1,0.0,0.08491325549621132,0.0,0.0,0.0,43.44291633334594,-0.08491325549621132,1.0,,False,0.0,0.45013568521031205,0.9999999999999998
seller,010543a62bd80aa422851e79a3bc7540,2,0.0,0.08563602786043839,0.0,0.0,0.0,43.076255943651745,-0.08563602786043839,1.0,,False,0.0,0.45047489823609227,0.9999999999999998
seller,747c1cdcd1737dcfbd1547f6eb6f2cf3,2,0.0,0.08568048195399176,0.0,0.0,0.0,43.05390644388263,-0.08568048195399176,1.0,,False,0.0,0.45081411126187243,0.9999999999999998
seller,69a43819c758c65a5befb0b471c954d7,2,0.0,0.08570692440798641,0.0,0.0,0.0,43.04062337546901,-0.08570692440798641,1.0,,False,0.0,0.45115332428765265,0.9999999999999998
seller,87b4428a334b8f676fd9a7f3bf544fb5,1,0.0,0.0859493139094022,0.0,0.0,0.0,42.91924258990972,-0.0859493139094022,1.0,,False,0.0,0.45149253731343286,0.9999999999999998
seller,623ad9d0c1e14bb5464a8c72bff7b4af,1,0.0,0.086024242198186,0.0,0.0,0.0,42.88185934396669,-0.086024242198186,1.0,,False,0.0,0.451831750339213,0.9999999999999998
seller,164a5a8794e6d42e14f55e447b12a3bc,1,0.0,0.08608236507165341,0.0,0.0,0.0,42.85290548236423,-0.08608236507165341,1.0,,False,0.0,0.45217096336499324,0.9999999999999998
seller,1961c3e1272bfeceb05d0b78b5bbfdaf,2,0.0,0.08621995062450354,0.0,0.0,0.0,42.7845229253189,-0.08621995062450354,1.0,,False,0.0,0.4525101763907734,0.9999999999999998
seller,0cab2da43793a6f3c5ed8514c5f54627,2,0.0,0.08775496200044369,0.0,0.0,0.0,42.03613527968121,-0.08775496200044369,1.0,,False,0.0,0.4528493894165536,0.9999999999999998
seller,9523fb39dd240aa958e040f8183d64f3,1,0.0,0.08777509064382644,0.0,0.0,0.0,42.02649552459777,-0.08777509064382644,1.0,,False,0.0,0.4531886024423338,0.9999999999999998
seller,698f5fa55a5f73d0740e9d9a773e8093,4,0.0,0.08796027954615632,0.0,0.0,0.0,41.93801421672644,-0.08796027954615632,1.0,,False,0.0,0.453527815468114,0.9999999999999998
seller,1d953075c2f0dd990bacf27b83b330f1,1,0.0,0.0880909919694565,0.0,0.0,0.0,41.875785158520735,-0.0880909919694565,1.0,,False,0.0,0.45386702849389415,0.9999999999999998
seller,3fefda3299e6dfaea3466ef346a3571a,1,0.0,0.08820336165464986,0.0,0.0,0.0,41.82243607173749,-0.08820336165464986,1.0,,False,0.0,0.45420624151967437,0.9999999999999998
seller,64c9a1db4e73e19aaafd3286dc448c96,1,0.0,0.08820627374532916,0.0,0.0,0.0,41.821055322714784,-0.08820627374532916,1.0,,False,0.0,0.45454545454545453,0.9999999999999998
seller,9e7c5f4d7770eab65738cca38f9efccf,2,0.0,0.08871271901483044,0.0,0.0,0.0,41.5823062924861,-0.08871271901483044,1.0,,False,0.0,0.45488466757123475,0.9999999999999998
seller,455f46ef09a9e45667e2981df84b5cc2,1,0.0,0.08874894754506178,0.0,0.0,0.0,41.56533182819917,-0.08874894754506178,1.0,,False,0.0,0.4552238805970149,0.9999999999999998
seller,c026ef0d72e9132d9fa112308090c8dc,1,0.0,0.08894840432393214,0.0,0.0,0.0,41.472126252875555,-0.08894840432393214,1.0,,False,0.0,0.4555630936227951,0.9999999999999998
seller,aae5953b9edddf14749c0d65d60eb4b9,2,0.0,0.08996463121735504,0.0,0.0,0.0,41.0036633752389,-0.08996463121735504,1.0,,False,0.0,0.4559023066485753,0.9999999999999998
seller,49067458c68f7701fd334ce326accbe0,17,1.0,1.0899647758082947,0.058823529411764705,0.9174608411161006,0.02322809740848252,5.1117646318497645,-0.08996477580829465,0.6637716631304562,,False,0.0,0.4562415196743555,0.9999999999999998
seller,8dd386be0767c330276ea6a3f96532d3,1,0.0,0.09000178090648663,0.0,0.0,0.0,40.986738450728474,-0.09000178090648663,1.0,,False,0.0,0.45658073270013566,0.9999999999999998
seller,bee36b4f9a2b9fdcaff6ec05df202ed0,1,0.0,0.09003790766542696,0.0,0.0,0.0,40.97029295506833,-0.09003790766542696,1.0,,False,0.0,0.4569199457259159,0.9999999999999998
seller,1444c08e64d55fb3c25f0f09c07ffcf2,1,0.0,0.0905808454525917,0.0,0.0,0.0,40.72471873807609,-0.0905808454525917,1.0,,False,0.0,0.45725915875169604,0.9999999999999998
seller,7994081388d55b9cf976c050653dd359,1,0.0,0.09059736277592127,0.0,0.0,0.0,40.71729398170027,-0.09059736277592127,1.0,,False,0.0,0.45759837177747625,0.9999999999999998
seller,b5bb2b985208834bd5bd86c7a402bbad,1,0.0,0.09060282477772535,0.0,0.0,0.0,40.714839334908284,-0.09060282477772535,1.0,,False,0.0,0.45793758480325647,0.9999999999999998
seller,8ea394aed8138685abe1eb9f25e1021d,2,0.0,0.09094711399175327,0.0,0.0,0.0,40.56070932001678,-0.09094711399175327,1.0,,False,0.0,0.45827679782903663,0.9999999999999998
seller,28a26ebce31d5918b181ede016fd693b,1,0.0,0.09107036399216238,0.0,0.0,0.0,40.505816518218865,-0.09107036399216238,1.0,,False,0.0,0.45861601085481685,0.9999999999999998
seller,6235903333ba7de1928c869e268e5964,1,0.0,0.09112887098419446,0.0,0.0,0.0,40.47981078086374,-0.09112887098419446,1.0,,False,0.0,0.458955223880597,0.9999999999999998
seller,c6381b1321d7d97717a5bb4ed5b77882,2,0.0,0.09121557220981033,0.0,0.0,0.0,40.44133435493806,-0.09121557220981033,1.0,,False,0.0,0.4592944369063772,0.9999999999999998
seller,2aafae69bf4c41fbd94053d9413e87ee,1,0.0,0.09126920848262908,0.0,0.0,0.0,40.41756815296613,-0.09126920848262908,1.0,,False,0.0,0.4596336499321574,0.9999999999999998
seller,89dda63a3c907c468ec88c310ed91213,1,0.0,0.09144191223422429,0.0,0.0,0.0,40.341232635916874,-0.09144191223422429,1.0,,False,0.0,0.4599728629579376,0.9999999999999998
seller,87b740daf17b5d1be335a64164ec6842,11,1.0,1.0915793581666993,0.09090909090909091,0.9161038018156498,0.02319374014804657,5.104203692800163,-0.09157935816669927,0.6643140934545081,,False,0.0,0.46031207598371776,0.9999999999999998
seller,1e47defeeadeca0e9a18fa5a9311e735,3,0.0,0.09160647731971969,0.0,0.0,0.0,40.26876223216421,-0.09160647731971969,1.0,,False,0.0,0.460651289009498,0.9999999999999998
seller,3ded4e2d5f135cb103e5949d7263d2dd,1,0.0,0.09173402813233393,0.0,0.0,0.0,40.212770868324036,-0.09173402813233393,1.0,,False,0.0,0.46099050203527814,0.9999999999999998
seller,cd233f8bfa30ebfd651f47ee7d054951,1,0.0,0.09228891746590029,0.0,0.0,0.0,39.970990617339666,-0.09228891746590029,1.0,,False,0.0,0.46132971506105835,0.9999999999999998
seller,723a46b89fd5c3ed78ccdf039e33ac63,1,0.0,0.09287199368143355,0.0,0.0,0.0,39.72004161736215,-0.09287199368143355,1.0,,False,0.0,0.4616689280868385,0.9999999999999998
seller,a2b911e9ad40dc7d61c142a4683e2d85,1,0.0,0.09311495593359792,0.0,0.0,0.0,39.616401222855615,-0.09311495593359792,1.0,,False,0.0,0.46200814111261873,0.9999999999999998
seller,eaf6d55068dea77334e8477d3878d89e,3,0.0,0.09343240566099281,0.0,0.0,0.0,39.48179893278729,-0.09343240566099281,1.0,,False,0.0,0.4623473541383989,0.9999999999999998
seller,b86a47b3366e3b5424a7b225781f4908,1,0.0,0.09348613658891801,0.0,0.0,0.0,39.459106865597235,-0.09348613658891801,1.0,,False,0.0,0.4626865671641791,0.9999999999999998
seller,6c6cc59a5c00cacc5054ca06d65cc282,1,0.0,0.09376925428307982,0.0,0.0,0.0,39.33996790651213,-0.09376925428307982,1.0,,False,0.0,0.46302578018995927,0.9999999999999998
seller,6bb66d9870c2e01c05655c7ed0e7ee13,2,0.0,0.09404386660437582,0.0,0.0,0.0,39.22509343041297,-0.09404386660437582,1.0,,False,0.0,0.4633649932157395,0.9999999999999998
seller,f049a72cf58fd31b11f8919cade515e7,2,0.0,0.09406571098091437,0.0,0.0,0.0,39.215984396932875,-0.09406571098091437,1.0,,False,0.0,0.4637042062415197,0.9999999999999998
seller,65c255b299faf2d12050937cc219c46c,2,0.0,0.09468597321800706,0.0,0.0,0.0,38.95909107487947,-0.09468597321800706,1.0,,False,0.0,0.46404341926729986,0.9999999999999998
seller,ee27a8f15b1dded4d213a468ba4eb391,1,0.0,0.09523065599894273,0.0,0.0,0.0,38.73626003537023,-0.09523065599894273,1.0,,False,0.0,0.4643826322930801,0.9999999999999998
seller,e433f5fd4050e3352b5d83522b7fe24b,1,0.0,0.09544893815555221,0.0,0.0,0.0,38.64767409043571,-0.09544893815555221,1.0,,False,0.0,0.46472184531886024,0.9999999999999998
seller,134b867a0f7f8bbe6abf10f91874891e,1,0.0,0.09563606508073105,0.0,0.0,0.0,38.57205386900823,-0.09563606508073105,1.0,,False,0.0,0.46506105834464045,0.9999999999999998
seller,76d336555bb25f3165d2f0d6da719c40,1,0.0,0.09572825059538202,0.0,0.0,0.0,38.53490929972023,-0.09572825059538202,1.0,,False,0.0,0.4654002713704206,0.9999999999999998
seller,04ee0ec01589969663ba5967c0e0bdc0,1,0.0,0.09575357081878412,0.0,0.0,0.0,38.52471947072581,-0.09575357081878412,1.0,,False,0.0,0.46573948439620083,0.9999999999999998
seller,7f5e4d5efad7e44b91115dd1decb65f3,3,0.0,0.09591960318443529,0.0,0.0,0.0,38.45803497561303,-0.09591960318443529,1.0,,False,0.0,0.466078697421981,0.9999999999999998
seller,58c851d1a3c7cd3da329eb59453fed44,2,0.0,0.09605694023729089,0.0,0.0,0.0,38.40304974321732,-0.09605694023729089,1.0,,False,0.0,0.4664179104477612,0.9999999999999998
seller,3296662b1331dea51e744505065ae889,1,0.0,0.0962301383687025,0.0,0.0,0.0,38.33393068583274,-0.0962301383687025,1.0,,False,0.0,0.46675712347354137,0.9999999999999998
seller,139157dd4daa45c25b0807ffff348363,1,0.0,0.09635140205028132,0.0,0.0,0.0,38.28568526889604,-0.09635140205028132,1.0,,False,0.0,0.4670963364993216,0.9999999999999998
seller,b43d8b707f887a30f4675391098354a0,2,0.0,0.09638106179528781,0.0,0.0,0.0,38.27390345573355,-0.09638106179528781,1.0,,False,0.0,0.46743554952510175,0.9999999999999998
seller,761681a821d8275bc79f552116d06869,2,0.0,0.09666313197703565,0.0,0.0,0.0,38.16221736939277,-0.09666313197703565,1.0,,False,0.0,0.46777476255088196,0.9999999999999998
seller,6ebf4eceee4dd9847201c82e77ef8123,1,0.0,0.09681390838169965,0.0,0.0,0.0,38.10278415338957,-0.09681390838169965,1.0,,False,0.0,0.4681139755766621,0.9999999999999998
seller,8ff38bc3969e67c36c48343a07090f66,2,0.0,0.09708802569313227,0.0,0.0,0.0,37.99520515303749,-0.09708802569313227,1.0,,False,0.0,0.46845318860244234,0.9999999999999998
seller,1de62b6f2fd96227629786db492433db,2,0.0,0.09744183965272339,0.0,0.0,0.0,37.857243533792776,-0.09744183965272339,1.0,,False,0.0,0.4687924016282225,0.9999999999999998
seller,eb9267cccc90f1b49c8d2f9887c7dd97,1,0.0,0.0975355009194022,0.0,0.0,0.0,37.820890028157194,-0.0975355009194022,1.0,,False,0.0,0.4691316146540027,0.9999999999999998
seller,89757206b887aed36f3e18d858460fea,1,0.0,0.09757179420384729,0.0,0.0,0.0,37.80682198389339,-0.09757179420384729,1.0,,False,0.0,0.4694708276797829,0.9999999999999998
seller,4d9fea3499bdc22aa4da4e339365f215,1,0.0,0.09786592728995118,0.0,0.0,0.0,37.69319472327431,-0.09786592728995118,1.0,,False,0.0,0.4698100407055631,0.9999999999999998
seller,93dc87703c046b603023e75222018b45,32,3.0,3.098214824713918,0.09375,0.9682995433594612,0.19968664469634642,2.829782169979731,-0.09821482471391807,0.5984503087401188,,False,0.0,0.4701492537313433,0.9999999999999998
seller,377bc18334c78dd2f1535ef22a3ad225,1,0.0,0.09838900009124868,0.0,0.0,0.0,37.49280357248033,-0.09838900009124868,1.0,,False,0.0,0.47048846675712347,0.9999999999999998
seller,73da1880b39c71de2b262bc7720c1494,2,0.0,0.09843358917561851,0.0,0.0,0.0,37.475819839633076,-0.09843358917561851,1.0,,False,0.0,0.4708276797829037,0.9999999999999998
seller,101a3a003516bc11253298b2fad3cb65,5,0.0,0.09921425655288793,0.0,0.0,0.0,37.18094135138242,-0.09921425655288793,1.0,,False,0.0,0.47116689280868385,0.9999999999999998
seller,cf654707ed6a99f112c7ec3d6f314b8b,3,0.0,0.09922030252287517,0.0,0.0,0.0,37.17867573789615,-0.09922030252287517,1.0,,False,0.0,0.47150610583446406,0.9999999999999998
seller,ce33c6211beaa8fef4cae8b52db39862,1,0.0,0.09935904251987764,0.0,0.0,0.0,37.12676129478545,-0.09935904251987764,1.0,,False,0.0,0.4718453188602442,0.9999999999999998
seller,10cdd491d1dbea8fb4ead97b19c334ce,3,0.0,0.09947987781506464,0.0,0.0,0.0,37.08166450477197,-0.09947987781506464,1.0,,False,0.0,0.47218453188602444,0.9999999999999998
seller,97e50a621f8e801f4baf69e08687c192,1,0.0,0.09956714133303313,0.0,0.0,0.0,37.04916506315408,-0.09956714133303313,1.0,,False,0.0,0.4725237449118046,0.9999999999999998
seller,7813ea3ebd9411dc600b4dd01f7a97b9,9,1.0,1.1002825902204645,0.1111111111111111,0.908857423436673,0.023010277731666123,5.063829456596695,-0.10028259022046448,0.6672229691250191,,False,0.0,0.4728629579375848,0.9999999999999998
seller,4f0d637c1197fd65405ebd755ac9f86b,2,0.0,0.10038435462555202,0.0,0.0,0.0,36.747553619027414,-0.10038435462555202,1.0,,False,0.0,0.473202170963365,0.9999999999999998
seller,c500367424994318b9e779ff1ae9a330,9,1.0,1.1005977500983855,0.1111111111111111,0.908597169048008,0.023003688661026835,5.062379411952127,-0.10059775009838545,0.6673278305685166,,False,0.0,0.4735413839891452,0.9999999999999998
seller,6902157ee16728322d61a1321fa79e58,2,0.0,0.10066022852293738,0.0,0.0,0.0,36.646841639877195,-0.10066022852293738,1.0,,False,0.0,0.47388059701492535,0.9999999999999998
seller,8b181ee5518df84f18f4e1a43fe07923,1,0.0,0.10085301916106756,0.0,0.0,0.0,36.576787534963145,-0.10085301916106756,1.0,,False,0.0,0.47421981004070557,0.9999999999999998
seller,513a54369b6a8a6602fcb0e129c6d78d,2,0.0,0.10121748911329206,0.0,0.0,0.0,36.44507966390074,-0.10121748911329206,1.0,,False,0.0,0.47455902306648573,0.9999999999999998
seller,173d56ffbd4c56cb80fc3615487d712b,2,0.0,0.10127118798851151,0.0,0.0,0.0,36.42575472238375,-0.10127118798851151,1.0,,False,0.0,0.47489823609226595,0.9999999999999998
seller,6dc9bec584588412a6a338830946a3e4,1,0.0,0.10134778847062409,0.0,0.0,0.0,36.39822348154313,-0.10134778847062409,1.0,,False,0.0,0.4752374491180461,0.9999999999999998
seller,910a922b426b7ff95eaee129ad6c0e1f,2,0.0,0.10149797736385732,0.0,0.0,0.0,36.34436419249787,-0.10149797736385732,1.0,,False,0.0,0.4755766621438263,0.9999999999999998
seller,d1b65fc7debc3361ea86b5f14c68d2e2,39,2.0,2.1015316453189747,0.05128205128205128,0.9516868349115133,0.11525369084185358,3.437820069860229,-0.10153164531897474,0.6207787900335381,,False,0.0,0.47591587516960654,0.9999999999999998
seller,e732329483fd5f27367dd997b47f598a,1,0.0,0.10158706823951119,0.0,0.0,0.0,36.312490536853446,-0.10158706823951119,1.0,,False,0.0,0.4762550881953867,0.9999999999999998
seller,a4fc6eadaff1576af888509a53420f6a,1,0.0,0.10166005695585756,0.0,0.0,0.0,36.28641931329732,-0.10166005695585756,1.0,,False,0.0,0.4765943012211669,0.9999999999999998
seller,e8f6dc8e6a1dcde89d20e3995c8d90b3,34,3.0,3.1020011742835165,0.08823529411764706,0.9671176222855311,0.19944290415637864,2.8263280950457217,-0.10200117428351652,0.5992698758854975,,False,0.0,0.4769335142469471,0.9999999999999998
seller,003554e2dce176b5555353e4f3555ac8,1,0.0,0.10214645103764196,0.0,0.0,0.0,36.11363308897093,-0.10214645103764196,1.0,,False,0.0,0.4772727272727273,0.9999999999999998
seller,ce248b21cb2adc36282ede306b7660e5,64,7.0,7.102465231687237,0.109375,0.9855732864090493,0.39625157740494776,2.030657650720548,-0.10246523168723698,0.5654421373910546,,False,0.0,0.47761194029850745,0.9999999999999998
seller,a3b0df0065e264a91b7bbf5f844af5cd,2,0.0,0.10259163010083558,0.0,0.0,0.0,35.95692407351553,-0.10259163010083558,1.0,,False,0.0,0.47795115332428767,0.9999999999999998
seller,43753b27d77860f1654aa72e251a7878,1,0.0,0.10262904801855713,0.0,0.0,0.0,35.94381440084021,-0.10262904801855713,1.0,,False,0.0,0.47829036635006783,0.9999999999999998
seller,6f835fd4be26989b1b064399da346143,2,0.0,0.10278038858080629,0.0,0.0,0.0,35.89088837909701,-0.10278038858080629,1.0,,False,0.0,0.47862957937584805,0.9999999999999998
seller,249f0e9905a6e06ad6c6bea7547ab9f6,3,0.0,0.10352418153392938,0.0,0.0,0.0,35.63302215439326,-0.10352418153392938,1.0,,False,0.0,0.4789687924016282,0.9999999999999998
seller,fa5fdc4e4bb6bd1009ad0e4ac4096562,1,0.0,0.10368020805323387,0.0,0.0,0.0,35.579398646845945,-0.10368020805323387,1.0,,False,0.0,0.4793080054274084,0.9999999999999998
seller,fb503a924a0b9db19d83dd0ac6dbef8c,1,0.0,0.10373553152511963,0.0,0.0,0.0,35.560423703238754,-0.10373553152511963,1.0,,False,0.0,0.4796472184531886,0.9999999999999998
seller,668bf321538e5072858eaef6087ce027,1,0.0,0.10441495945862239,0.0,0.0,0.0,35.32903209693594,-0.10441495945862239,1.0,,False,0.0,0.4799864314789688,0.9999999999999998
seller,5f5a58930c3c35f3b5af264f34fb8c85,3,0.0,0.10488255646449676,0.0,0.0,0.0,35.17152497481923,-0.10488255646449676,1.0,,False,0.0,0.48032564450474896,0.9999999999999998
seller,4ddeb3e828550cddc8d45c8bc36ab2d1,1,0.0,0.10564019175807175,0.0,0.0,0.0,34.91928017853182,-0.10564019175807175,1.0,,False,0.0,0.4806648575305292,0.9999999999999998
seller,da3fede3469bf49b7293ce3fc45b294d,1,0.0,0.10565586018954395,0.0,0.0,0.0,34.91410175920369,-0.10565586018954395,1.0,,False,0.0,0.48100407055630934,0.9999999999999998
seller,5563732abe64c3036cb97ad924128dd1,2,0.0,0.10569375134220765,0.0,0.0,0.0,34.90158507261556,-0.10569375134220765,1.0,,False,0.0,0.48134328358208955,0.9999999999999998
seller,62de60d81c55c29d76a6bce418b31cef,1,0.0,0.10586290712328522,0.0,0.0,0.0,34.845816673237216,-0.10586290712328522,1.0,,False,0.0,0.4816824966078697,0.9999999999999998
seller,8a8835a43bda99fd37310ad76c457510,2,0.0,0.10602711907333841,0.0,0.0,0.0,34.791848409672966,-0.10602711907333841,1.0,,False,0.0,0.48202170963364993,0.9999999999999998
seller,c7bb64409aa480bb7d0335faaaf3d242,4,0.0,0.1063753393097088,0.0,0.0,0.0,34.67795710971945,-0.1063753393097088,1.0,,False,0.0,0.48236092265943015,0.9999999999999998
seller,9b00cad94ef3078faf6fba2e792c158f,1,0.0,0.10679640078863008,0.0,0.0,0.0,34.54123385126914,-0.10679640078863008,1.0,,False,0.0,0.4827001356852103,0.9999999999999998
seller,5b92bfa4120daa27c574daa2e386c693,1,0.0,0.10689156577730448,0.0,0.0,0.0,34.510481975717944,-0.10689156577730448,1.0,,False,0.0,0.4830393487109905,0.9999999999999998
seller,24a6daf925d9d591870a66660416de31,2,0.0,0.10695174075690238,0.0,0.0,0.0,34.49106511037189,-0.10695174075690238,1.0,,False,0.0,0.4833785617367707,0.9999999999999998
seller,e546117ed9cafbc40239c0c78635c584,2,0.0,0.10703478929825164,0.0,0.0,0.0,34.46430341292961,-0.10703478929825164,1.0,,False,0.0,0.4837177747625509,0.9999999999999998
seller,48e954b2da4f6a750c844173b347ed40,2,0.0,0.10708806022402531,0.0,0.0,0.0,34.44715915478252,-0.10708806022402531,1.0,,False,0.0,0.48405698778833106,0.9999999999999998
seller,ad14615bdd492b01b0d97922e87cb87f,1,0.0,0.10748722372600424,0.0,0.0,0.0,34.319236521702905,-0.10748722372600424,1.0,,False,0.0,0.4843962008141113,0.9999999999999998
seller,19a7c9f66ffa6452ff4b4c0cca71da27,1,0.0,0.10757891039751015,0.0,0.0,0.0,34.28998714044712,-0.10757891039751015,1.0,,False,0.0,0.48473541383989144,0.9999999999999998
seller,f9eedec3129e8cc6b6429c42d0808c5b,2,0.0,0.1075932418838477,0.0,0.0,0.0,34.28541969296051,-0.1075932418838477,1.0,,False,0.0,0.48507462686567165,0.9999999999999998
seller,4bde6149c15cf7e177b36fa060dd6de8,2,0.0,0.10763071058776424,0.0,0.0,0.0,34.273484156791376,-0.10763071058776424,1.0,,False,0.0,0.4854138398914518,0.9999999999999998
seller,e9c2dc0dd4ac38448289be644ac94f42,2,0.0,0.1076886693578761,0.0,0.0,0.0,34.25503793583776,-0.1076886693578761,1.0,,False,0.0,0.48575305291723203,0.9999999999999998
seller,b9ec22de23f18567de0e09d776ca0309,2,0.0,0.10793284666883217,0.0,0.0,0.0,34.17754249948061,-0.10793284666883217,1.0,,False,0.0,0.4860922659430122,0.9999999999999998
seller,160851d3ece7aa1a510f8d1a4bb8a8af,2,0.0,0.10814213701833293,0.0,0.0,0.0,34.11139779389207,-0.10814213701833293,1.0,,False,0.0,0.4864314789687924,0.9999999999999998
seller,d25aa0aaacb370e912f8cf6efeba38b3,17,1.0,1.10839816394904,0.058823529411764705,0.9022028658340292,0.022841798920061995,5.026752634710302,-0.1083981639490399,0.669912716470034,,False,0.0,0.48677069199457257,0.9999999999999998
seller,da20530872245d6cd9d2f5725613c430,2,0.0,0.10855697687287366,0.0,0.0,0.0,33.98104442825284,-0.10855697687287366,1.0,,False,0.0,0.4871099050203528,0.9999999999999998
seller,ec5c1d94df153d473b37f880977ae58e,2,0.0,0.10858919239050879,0.0,0.0,0.0,33.97096315854321,-0.10858919239050879,1.0,,False,0.0,0.48744911804613295,0.9999999999999998
seller,40db9e9aa57f7bb151bcda6b0f9bdbb7,12,1.0,1.1092502406802702,0.08333333333333333,0.901509833693369,0.02282425286539782,5.022891306764085,-0.10925024068027023,0.6701938563702117,,False,0.0,0.48778833107191316,0.9999999999999998
seller,062c325cd6a2b87845fab56b4ec2eeae,2,0.0,0.10943786672986339,0.0,0.0,0.0,33.707523404303664,-0.10943786672986339,1.0,,False,0.0,0.4881275440976934,0.9999999999999998
seller,702835e4b785b67a084280efca355756,1,0.0,0.10952787607710696,0.0,0.0,0.0,33.67982276509212,-0.10952787607710696,1.0,,False,0.0,0.48846675712347354,0.9999999999999998
seller,7d7866a99a8656a42c7ff6352a433410,4,0.0,0.10976905774616687,0.0,0.0,0.0,33.60582234972087,-0.10976905774616687,1.0,,False,0.0,0.48880597014925375,0.9999999999999998
seller,a7dc4098e4da6e41b426269d12ae7e91,2,0.0,0.10998792691141163,0.0,0.0,0.0,33.53894884376806,-0.10998792691141163,1.0,,False,0.0,0.4891451831750339,0.9999999999999998
seller,d93b8458c6fe139d85cfa5eadbf55bd2,1,0.0,0.11006443966285703,0.0,0.0,0.0,33.515633799740364,-0.11006443966285703,1.0,,False,0.0,0.48948439620081413,0.9999999999999998
seller,f90f77ef2799a27f80d90c425ca944f7,1,0.0,0.11065061333943253,0.0,0.0,0.0,33.3380841080194,-0.11065061333943253,1.0,,False,0.0,0.4898236092265943,0.9999999999999998
seller,e5cbe890e679490127e9a390b46bbd20,2,0.0,0.11082040004816433,0.0,0.0,0.0,33.287007198229645,-0.11082040004816433,1.0,,False,0.0,0.4901628222523745,0.9999999999999998
seller,5a9c0859cb00fd8aa4db443837f0a700,2,0.0,0.11100137800615303,0.0,0.0,0.0,33.232735668465786,-0.11100137800615303,1.0,,False,0.0,0.49050203527815467,0.9999999999999998
seller,5587130f9850696ed7fafbc91c2cee44,2,0.0,0.11124431013435165,0.0,0.0,0.0,33.160162975156325,-0.11124431013435165,1.0,,False,0.0,0.4908412483039349,0.9999999999999998
seller,39a5005f2605cbdb4f9ac14485cabfd1,3,0.0,0.11197297140449336,0.0,0.0,0.0,32.944374056022454,-0.11197297140449336,1.0,,False,0.0,0.49118046132971505,0.9999999999999998
seller,70c0fda4c313d87115644d39e62eec60,1,0.0,0.112241003573461,0.0,0.0,0.0,32.8657026992777,-0.112241003573461,1.0,,False,0.0,0.49151967435549526,0.9999999999999998
seller,6dd7dce75cd55c1ce255dc38d9f0cd46,1,0.0,0.11232778218956106,0.0,0.0,0.0,32.84031236269484,-0.11232778218956106,1.0,,False,0.0,0.4918588873812754,0.9999999999999998
seller,38f276ca6e7cc95a6d1bb55ac9e5550f,1,0.0,0.11258018710948754,0.0,0.0,0.0,32.76668434141428,-0.11258018710948754,1.0,,False,0.0,0.49219810040705564,0.9999999999999998
seller,740205fedfe4e90ca6857bc77db0f2b4,1,0.0,0.11262565158400638,0.0,0.0,0.0,32.75345715858022,-0.11262565158400638,1.0,,False,0.0,0.4925373134328358,0.9999999999999998
seller,2be17df1c49978426251562096c3cc09,16,1.0,1.112734779584882,0.0625,0.898686747594122,0.022752778513613965,5.0071620777571635,-0.1127347795848821,0.6713410787773161,,False,0.0,0.492876526458616,0.9999999999999998
seller,85e7c62c1d6ea078c3897424f867a7c8,2,0.0,0.11315341437080664,0.0,0.0,0.0,32.60069061659406,-0.11315341437080664,1.0,,False,0.0,0.4932157394843962,0.9999999999999998
seller,1d0646a72178a6fb37ee8082140e06ec,2,0.0,0.11332080572624251,0.0,0.0,0.0,32.5525346424507,-0.11332080572624251,1.0,,False,0.0,0.4935549525101764,0.9999999999999998
seller,269cff2d3c8d205c11f37a52402ea93b,4,0.0,0.11361712125508483,0.0,0.0,0.0,32.46763703713223,-0.11361712125508483,1.0,,False,0.0,0.49389416553595655,0.9999999999999998
seller,0f519b0d2e5eb2227c93dd25038bfc01,1,0.0,0.11409030592827377,0.0,0.0,0.0,32.332978898602114,-0.11409030592827377,1.0,,False,0.0,0.49423337856173677,0.9999999999999998
seller,90b57083da5d803237da74daec6dcb2b,2,0.0,0.11411706548631147,0.0,0.0,0.0,32.325397068297576,-0.11411706548631147,1.0,,False,0.0,0.494572591587517,0.9999999999999998
seller,5194c22ed1f616ec0c0f33c571542879,4,0.0,0.11416304254466464,0.0,0.0,0.0,32.312378611236774,-0.11416304254466464,1.0,,False,0.0,0.49491180461329715,0.9999999999999998
seller,25debeafbce801fdd479539350185eee,4,0.0,0.11416364835699301,0.0,0.0,0.0,32.31220714477084,-0.11416364835699301,1.0,,False,0.0,0.49525101763907736,0.9999999999999998
seller,6025c79c035c3d772133b8b8238463b2,2,0.0,0.114354948521277,0.0,0.0,0.0,32.258153248414764,-0.114354948521277,1.0,,False,0.0,0.4955902306648575,0.9999999999999998
seller,2b3b9ce054da76a7428df143a567b156,4,0.0,0.11467368814733206,0.0,0.0,0.0,32.168490555344185,-0.11467368814733206,1.0,,False,0.0,0.49592944369063774,0.9999999999999998
seller,20611af7866c6068fd5ae1f9dbe15c92,2,0.0,0.11487874526105078,0.0,0.0,0.0,32.111070204773874,-0.11487874526105078,1.0,,False,0.0,0.4962686567164179,0.9999999999999998
seller,f664f98bfda2eaf266a23ff144e7a872,1,0.0,0.11499255997909995,0.0,0.0,0.0,32.079288040760154,-0.11499255997909995,1.0,,False,0.0,0.4966078697421981,0.9999999999999998
seller,76623fde66e6b63b59440fd34160512d,3,0.0,0.11533063063639096,0.0,0.0,0.0,31.985253473069637,-0.11533063063639096,1.0,,False,0.0,0.4969470827679783,0.9999999999999998
seller,585175ec331ea177fa47199e39a6170a,1,0.0,0.11539609607613761,0.0,0.0,0.0,31.967107896614078,-0.11539609607613761,1.0,,False,0.0,0.4972862957937585,0.9999999999999998
seller,2b2fed75b8e5ea3a052fc4c0825da485,3,0.0,0.11558347580877901,0.0,0.0,0.0,31.91528398243368,-0.11558347580877901,1.0,,False,0.0,0.49762550881953865,0.9999999999999998
seller,c9d2ba8dde44a275ae06475ed1d2fafc,1,0.0,0.11644489734314574,0.0,0.0,0.0,31.679185076211265,-0.11644489734314574,1.0,,False,0.0,0.49796472184531887,0.9999999999999998
seller,11d4c477d09821164bca4f70a2eae031,3,0.0,0.11653320894396814,0.0,0.0,0.0,31.65517784623638,-0.11653320894396814,1.0,,False,0.0,0.49830393487109903,0.9999999999999998
seller,8a43128d7f9a3db592b866e6861a6cce,3,0.0,0.11662577996208769,0.0,0.0,0.0,31.63005173738691,-0.11662577996208769,1.0,,False,0.0,0.49864314789687925,0.9999999999999998
seller,c9e5ad1f6647f5dbd1172adf6ae3cada,4,0.0,0.11667403854032223,0.0,0.0,0.0,31.616968952686666,-0.11667403854032223,1.0,,False,0.0,0.4989823609226594,0.9999999999999998
seller,a1040efe9ff4a6f93c28b0499eada8f5,1,0.0,0.11709142625797696,0.0,0.0,0.0,31.504266127791123,-0.11709142625797696,1.0,,False,0.0,0.4993215739484396,0.9999999999999998
seller,643c01d7c56a724bec0454f4780e8a3e,2,0.0,0.11844712897189091,0.0,0.0,0.0,31.143679767783613,-0.11844712897189091,1.0,,False,0.0,0.4996607869742198,0.9999999999999998
seller,7dea6f73af847b42cc3985bd620f994d,2,0.0,0.11862750624412341,0.0,0.0,0.0,31.09632471344879,-0.11862750624412341,1.0,,False,0.0,0.5,0.9999999999999998
seller,77128dec4bec4878c37ab7d6169d6f26,1,0.0,0.11878344250914127,0.0,0.0,0.0,31.055502149047822,-0.11878344250914127,1.0,,False,0.0,0.5003392130257802,0.9999999999999998
seller,0015a82c2db000af6aaaf3ae2ecb0532,3,0.0,0.11904658463730368,0.0,0.0,0.0,30.986856660800093,-0.11904658463730368,1.0,,False,0.0,0.5006784260515604,0.9999999999999998
seller,c7c7b2682c648339a0e9846bb1023a39,2,0.0,0.11905236474276477,0.0,0.0,0.0,30.98535221945788,-0.11905236474276477,1.0,,False,0.0,0.5010176390773405,0.9999999999999998
seller,446cc09cdbb130904da114e807dbec40,3,0.0,0.11907178555871847,0.0,0.0,0.0,30.98029845445477,-0.11907178555871847,1.0,,False,0.0,0.5013568521031208,0.9999999999999998
seller,0747d5bb69f0586cc869d8af4c50f93e,12,1.0,1.1195428618968526,0.08333333333333333,0.8932217193593553,0.022614415978137417,4.9767128893116315,-0.11954286189685259,0.6735710163531556,,False,0.0,0.501696065128901,0.9999999999999998
seller,bb7ad8a45c027be8ab075b8e465f8ca0,2,0.0,0.1196904651828002,0.0,0.0,0.0,30.82016139280605,-0.1196904651828002,1.0,,False,0.0,0.5020352781546812,0.9999999999999998
seller,f8e2c1b59cd4225a3e4fd0d013a76b93,2,0.0,0.11982876426434125,0.0,0.0,0.0,30.784590634484875,-0.11982876426434125,1.0,,False,0.0,0.5023744911804613,0.9999999999999998
seller,e94b64dc6979b302a5a5be1662c83bb6,2,0.0,0.12027429341502402,0.0,0.0,0.0,30.670556021351278,-0.12027429341502402,1.0,,False,0.0,0.5027137042062415,0.9999999999999998
seller,d8b8f2cf9ff6ba0389072541cb42498c,1,0.0,0.12097117678073782,0.0,0.0,0.0,30.493870955724336,-0.12097117678073782,1.0,,False,0.0,0.5030529172320217,0.9999999999999998
seller,213fafb0ca06fb3d5886579c2565791b,3,0.0,0.12121624731251521,0.0,0.0,0.0,30.432219573696287,-0.12121624731251521,1.0,,False,0.0,0.5033921302578019,0.9999999999999998
seller,134285d1f41da5c13a756ee8142c8a4e,3,0.0,0.1216730311698024,0.0,0.0,0.0,30.317971194174255,-0.1216730311698024,1.0,,False,0.0,0.503731343283582,0.9999999999999998
seller,343e716476e3748b069f980efbaa294e,16,1.0,1.1217245110847325,0.0625,0.8914844867149937,0.02257043305562343,4.96703364853015,-0.12172451108473248,0.6742823936102662,,False,0.0,0.5040705563093623,0.9999999999999998
seller,fe8055980a4ff7f64ed889c2b5926929,3,0.0,0.12257442333569356,0.0,0.0,0.0,30.095017816328873,-0.12257442333569356,1.0,,False,0.0,0.5044097693351425,0.9999999999999998
seller,ee2fbacc2fc3794e656cc4d933d59ce7,1,0.0,0.1226382460440799,0.0,0.0,0.0,30.079355935896544,-0.1226382460440799,1.0,,False,0.0,0.5047489823609227,0.9999999999999998
seller,15b3b1b81484422eb41df68ac87f1f50,1,0.0,0.1226997285922896,0.0,0.0,0.0,30.06428373098898,-0.1226997285922896,1.0,,False,0.0,0.5050881953867028,0.9999999999999998
seller,a45314082d50d578a4721c9787ce09ab,2,0.0,0.12295231585991445,0.0,0.0,0.0,30.002521126294646,-0.12295231585991445,1.0,,False,0.0,0.505427408412483,0.9999999999999998
seller,739c7d7be81f63812dea0d1b1451c651,2,0.0,0.12296647124845644,0.0,0.0,0.0,29.99906736089445,-0.12296647124845644,1.0,,False,0.0,0.5057666214382632,0.9999999999999998
seller,aa17b35ce4de7b565be3249ba838944f,2,0.0,0.12328802711792235,0.0,0.0,0.0,29.92082475766768,-0.12328802711792235,1.0,,False,0.0,0.5061058344640434,0.9999999999999998
seller,39f776d2974049026ff531fc42ef2a3e,3,0.0,0.12342600119931504,0.0,0.0,0.0,29.887377199857035,-0.12342600119931504,1.0,,False,0.0,0.5064450474898237,0.9999999999999998
seller,4e2627090e6e5b9fabba883a37897683,1,0.0,0.123490076897684,0.0,0.0,0.0,29.871869439115383,-0.123490076897684,1.0,,False,0.0,0.5067842605156038,0.9999999999999998
seller,c161d1327ebc3a156c09582ab2f59f6c,2,0.0,0.12360959265799867,0.0,0.0,0.0,29.84298689762919,-0.12360959265799867,1.0,,False,0.0,0.507123473541384,0.9999999999999998
seller,9b1ab052f5fca308ba743ac789ebb2e1,2,0.0,0.12400310269757858,0.0,0.0,0.0,29.748283501506034,-0.12400310269757858,1.0,,False,0.0,0.5074626865671642,0.9999999999999998
seller,5f57db27027655e6c6a391601daa0258,1,0.0,0.12400509548291365,0.0,0.0,0.0,29.747805440964456,-0.12400509548291365,1.0,,False,0.0,0.5078018995929444,0.9999999999999998
seller,131fcb0a0c9a47bba4474aacff0f14b7,4,0.0,0.12418678834851427,0.0,0.0,0.0,29.704282582472214,-0.12418678834851427,1.0,,False,0.0,0.5081411126187245,0.9999999999999998
seller,929f342384a6607afe143d789ade1316,4,0.0,0.12429434985483907,0.0,0.0,0.0,29.678577171223832,-0.12429434985483907,1.0,,False,0.0,0.5084803256445047,0.9999999999999998
seller,166e8f1381e09651983c38b1f6f91c11,2,0.0,0.12445593489284283,0.0,0.0,0.0,29.640044545003647,-0.12445593489284283,1.0,,False,0.0,0.508819538670285,0.9999999999999998
seller,2305ab43e846518f58dd9d59f3f54e96,3,0.0,0.1257555673952543,0.0,0.0,0.0,29.333726772665692,-0.1257555673952543,1.0,,False,0.0,0.5091587516960652,0.9999999999999998
seller,4c60877808f4318ef1107fbeb8f89afa,2,0.0,0.12582988672032053,0.0,0.0,0.0,29.316401295926866,-0.12582988672032053,1.0,,False,0.0,0.5094979647218453,0.9999999999999998
seller,7f35f9daf223da737b78738fbae4d977,5,0.0,0.12591270770722765,0.0,0.0,0.0,29.297117989800693,-0.12591270770722765,1.0,,False,0.0,0.5098371777476255,0.9999999999999998
seller,3f84fefc07dc159b268d4a77d3e8c425,3,0.0,0.12614683068463972,0.0,0.0,0.0,29.242743825534035,-0.12614683068463972,1.0,,False,0.0,0.5101763907734057,0.9999999999999998
seller,94c49f20a123aeb9360dbf80ff912bf6,3,0.0,0.12655628357489707,0.0,0.0,0.0,29.148133541159382,-0.12655628357489707,1.0,,False,0.0,0.5105156037991859,0.9999999999999998
seller,d7ab82074b5f1dfba46db123df101bff,2,0.0,0.1265751109568456,0.0,0.0,0.0,29.143797909619202,-0.1265751109568456,1.0,,False,0.0,0.510854816824966,0.9999999999999998
seller,4cc4fd4fdd406a85bbdc1f824b731bd7,1,0.0,0.1270157246468803,0.0,0.0,0.0,29.04269896006565,-0.1270157246468803,1.0,,False,0.0,0.5111940298507462,0.9999999999999998
seller,c7dcd301ecfe5ab7f778ac172cf74be7,3,0.0,0.12781101734960829,0.0,0.0,0.0,28.861983345485363,-0.12781101734960829,1.0,,False,0.0,0.5115332428765265,0.9999999999999998
seller,3fe7120d6257285ac6a3ce7cb071ccec,2,0.0,0.12781953435019844,0.0,0.0,0.0,28.86006018459735,-0.12781953435019844,1.0,,False,0.0,0.5118724559023067,0.9999999999999998
seller,340636a908b13bbe0f4fb63fbe1d0c03,3,0.0,0.1280441410653058,0.0,0.0,0.0,28.809435741636257,-0.1280441410653058,1.0,,False,0.0,0.5122116689280869,0.9999999999999998
seller,ebd1417732defaf66c50b5a800eb293e,1,0.0,0.1283745800808487,0.0,0.0,0.0,28.735279615253464,-0.1283745800808487,1.0,,False,0.0,0.512550881953867,0.9999999999999998
seller,3d68c634a99a1ba46dbca3967a69c623,2,0.0,0.12938413986966724,0.0,0.0,0.0,28.511063704020145,-0.12938413986966724,1.0,,False,0.0,0.5128900949796472,0.9999999999999998
seller,ff314fa6033cc68ec451c47aee2d6ba4,2,0.0,0.12944499687948274,0.0,0.0,0.0,28.497659570021042,-0.12944499687948274,1.0,,False,0.0,0.5132293080054274,0.9999999999999998
seller,c1552b1dab6e6f760950368ae61fb600,2,0.0,0.12995478412621358,0.0,0.0,0.0,28.385868815196933,-0.12995478412621358,1.0,,False,0.0,0.5135685210312076,0.9999999999999998
seller,7c9130f5f3729edd32aa059141d92484,3,0.0,0.130266752907938,0.0,0.0,0.0,28.31788903743488,-0.130266752907938,1.0,,False,0.0,0.5139077340569878,0.9999999999999998
seller,902c99f1ac505c0d18778b61bcd636f7,3,0.0,0.13049927560243318,0.0,0.0,0.0,28.267432421250586,-0.13049927560243318,1.0,,False,0.0,0.514246947082768,0.9999999999999998
seller,fc4751cfe3b279c419615b9b00c1abb4,1,0.0,0.13063525612150517,0.0,0.0,0.0,28.23800835727586,-0.13063525612150517,1.0,,False,0.0,0.5145861601085482,0.9999999999999998
seller,e503f22be6a4f456d9851920a5d9c670,2,0.0,0.1307188403148423,0.0,0.0,0.0,28.219952420241036,-0.1307188403148423,1.0,,False,0.0,0.5149253731343284,0.9999999999999998
seller,0e72c1a751b496722a6cb1f10653b62a,3,0.0,0.1307714859359856,0.0,0.0,0.0,28.208591710273076,-0.1307714859359856,1.0,,False,0.0,0.5152645861601085,0.9999999999999998
seller,d26aa40b90272d4843d63be7c1462c8d,2,0.0,0.13086313961038337,0.0,0.0,0.0,28.18883503098561,-0.13086313961038337,1.0,,False,0.0,0.5156037991858887,0.9999999999999998
seller,a45765f8afb1e594b22bf9e974b46765,1,0.0,0.13113439259359067,0.0,0.0,0.0,28.130526104974184,-0.13113439259359067,1.0,,False,0.0,0.5159430122116689,0.9999999999999998
seller,5bf397d04035b5f45cc41e82ec106803,3,0.0,0.1311926515561596,0.0,0.0,0.0,28.118034130401256,-0.1311926515561596,1.0,,False,0.0,0.5162822252374492,0.9999999999999998
seller,8cb7c5ddf41f4d506eba76e9a4702a25,1,0.0,0.13150156054363166,0.0,0.0,0.0,28.051982340467973,-0.13150156054363166,1.0,,False,0.0,0.5166214382632293,0.9999999999999998
seller,612a743d294c27884fb7b80d2b19ba35,2,0.0,0.13152148502587502,0.0,0.0,0.0,28.047732683281364,-0.13152148502587502,1.0,,False,0.0,0.5169606512890095,0.9999999999999998
seller,778323240ce2830d68aab11794e00bfb,3,0.0,0.13152883818068012,0.0,0.0,0.0,28.046164667299433,-0.13152883818068012,1.0,,False,0.0,0.5172998643147897,0.9999999999999998
seller,f1fdf2d13186575751aa25876536d85c,1,0.0,0.13154234719854557,0.0,0.0,0.0,28.043284407462075,-0.13154234719854557,1.0,,False,0.0,0.5176390773405699,0.9999999999999998
seller,ccada0ef508e698917a6eab263375905,3,0.0,0.13155152338374493,0.0,0.0,0.0,28.041328288941344,-0.13155152338374493,1.0,,False,0.0,0.51797829036635,0.9999999999999998
seller,661ad5fcc28cdfb8bcadb12bb2272475,4,0.0,0.1318664028348337,0.0,0.0,0.0,27.974369322369085,-0.1318664028348337,1.0,,False,0.0,0.5183175033921302,0.9999999999999998
seller,091065b789659bc3cd9af9cb3a6253ff,2,0.0,0.13258729565027055,0.0,0.0,0.0,27.822269366170666,-0.13258729565027055,1.0,,False,0.0,0.5186567164179104,0.9999999999999998
seller,fd435faa3c0422b60440ea3480d0e77c,1,0.0,0.13267122940812345,0.0,0.0,0.0,27.804667753294108,-0.13267122940812345,1.0,,False,0.0,0.5189959294436907,0.9999999999999998
seller,0b46f784306be7200ca1700aa55d819f,1,0.0,0.13298607348950298,0.0,0.0,0.0,27.738840295973628,-0.13298607348950298,1.0,,False,0.0,0.5193351424694709,0.9999999999999998
seller,3c88ed2e76a2247933a15daa7161eb1c,1,0.0,0.1333159231548498,0.0,0.0,0.0,27.67020898043221,-0.1333159231548498,1.0,,False,0.0,0.519674355495251,0.9999999999999998
seller,ac9b01377919cdbd2a1bbb8d5837c70b,1,0.0,0.13331816761576856,0.0,0.0,0.0,27.669743142176394,-0.13331816761576856,1.0,,False,0.0,0.5200135685210312,0.9999999999999998
seller,52454f90d4c30c016768db02f88c1a74,3,0.0,0.13337863140366757,0.0,0.0,0.0,27.657199772500444,-0.13337863140366757,1.0,,False,0.0,0.5203527815468114,0.9999999999999998
seller,43402bdf22aa2310e8f99e2f94f78628,4,0.0,0.13374344510364866,0.0,0.0,0.0,27.581758876146214,-0.13374344510364866,1.0,,False,0.0,0.5206919945725916,0.9999999999999998
seller,83c465a786b06574376909b35ef6752a,3,0.0,0.13404748557159207,0.0,0.0,0.0,27.519199173219693,-0.13404748557159207,1.0,,False,0.0,0.5210312075983717,0.9999999999999998
seller,48e5ee06fb2dc74df1c711a9b6dfac2a,1,0.0,0.13414307228311834,0.0,0.0,0.0,27.49958973899373,-0.13414307228311834,1.0,,False,0.0,0.521370420624152,0.9999999999999998
seller,d93844a9c55ba7ce353388bcf849ea56,12,1.0,1.1342295170649312,0.08333333333333333,0.8816557715652827,0.022321591532730767,4.912271552724842,-0.13422951706493125,0.6783301329765101,,False,0.0,0.5217096336499322,0.9999999999999998
seller,2c54051840f19eca309a5423cf22df36,2,0.0,0.13478546726366764,0.0,0.0,0.0,27.368525175624022,-0.13478546726366764,1.0,,False,0.0,0.5220488466757124,0.9999999999999998
seller,63191ead8d3b2f937cd1996fdcbbad20,1,0.0,0.13489983287853402,0.0,0.0,0.0,27.345322639765328,-0.13489983287853402,1.0,,False,0.0,0.5223880597014925,0.9999999999999998
seller,9200e6ce317b67196b6b0bad4d4bd567,1,0.0,0.13495073545282069,0.0,0.0,0.0,27.33500815490985,-0.13495073545282069,1.0,,False,0.0,0.5227272727272727,0.9999999999999998
seller,c113b8df1fc375bc3d73d29c1b1144d1,3,0.0,0.13509411348895814,0.0,0.0,0.0,27.30599697384627,-0.13509411348895814,1.0,,False,0.0,0.5230664857530529,0.9999999999999998
seller,8fff28c4263ddec387f28d237fb42773,2,0.0,0.13517938559863185,0.0,0.0,0.0,27.288772158402757,-0.13517938559863185,1.0,,False,0.0,0.5234056987788331,0.9999999999999998
seller,5741dc2bf5044c34d0698681c5081bed,3,0.0,0.13525666611991372,0.0,0.0,0.0,27.273180390558398,-0.13525666611991372,1.0,,False,0.0,0.5237449118046132,0.9999999999999998
seller,63272377184e969942f7fff221be858d,2,0.0,0.1358310561243003,0.0,0.0,0.0,27.157850048211408,-0.1358310561243003,1.0,,False,0.0,0.5240841248303935,0.9999999999999998
seller,8de8fe3af4449ed695d2434c933ed73e,1,0.0,0.13612050806106216,0.0,0.0,0.0,27.10010054075867,-0.13612050806106216,1.0,,False,0.0,0.5244233378561737,0.9999999999999998
seller,4a23adac87cf538689fa600d976f78b2,2,0.0,0.13625086502294467,0.0,0.0,0.0,27.074172729051867,-0.13625086502294467,1.0,,False,0.0,0.5247625508819539,0.9999999999999998
seller,1e9d5a33694bddb76316fd1f54734d20,2,0.0,0.13647355862354366,0.0,0.0,0.0,27.02999387807823,-0.13647355862354366,1.0,,False,0.0,0.5251017639077341,0.9999999999999998
seller,8ec76bb0965af3f007692b26fa9d6623,1,0.0,0.13649647905944,0.0,0.0,0.0,27.025455011975378,-0.13649647905944,1.0,,False,0.0,0.5254409769335142,0.9999999999999998
seller,b77a27b1864483e721dc831d5ba4afa0,1,0.0,0.13670102018664898,0.0,0.0,0.0,26.98501773488749,-0.13670102018664898,1.0,,False,0.0,0.5257801899592944,0.9999999999999998
seller,d9c349beabc06aa6ff1c6d68b5e9e22e,1,0.0,0.1367480892367321,0.0,0.0,0.0,26.975729421183463,-0.1367480892367321,1.0,,False,0.0,0.5261194029850746,0.9999999999999998
seller,e5def42655b7490edac5a56fe8e9e603,1,0.0,0.13693439912489294,0.0,0.0,0.0,26.939026845617082,-0.13693439912489294,1.0,,False,0.0,0.5264586160108549,0.9999999999999998
seller,bd1d49a326abfa9b1036772e40445430,12,1.0,1.1371409325061552,0.08333333333333333,0.8793984733238746,0.02226444168929152,4.899694691896722,-0.13714093250615522,0.6792652856248527,,False,0.0,0.526797829036635,0.9999999999999998
seller,f3041c2e75ec683697a6a5ea82192210,1,0.0,0.1373496234065702,0.0,0.0,0.0,26.857586956714407,-0.1373496234065702,1.0,,False,0.0,0.5271370420624152,0.9999999999999998
seller,6a53b90c3ad9e0b56d9fe5c69165fff5,2,0.0,0.13751542317595836,0.0,0.0,0.0,26.825205267294393,-0.13751542317595836,1.0,,False,0.0,0.5274762550881954,0.9999999999999998
seller,42b6488f5b8246d9141712abd4b1b693,2,0.0,0.1375415901338289,0.0,0.0,0.0,26.82010183628552,-0.1375415901338289,1.0,,False,0.0,0.5278154681139756,0.9999999999999998
seller,f410c8873029fcc3809b9df6d0b28914,2,0.0,0.13771550669461735,0.0,0.0,0.0,26.786231577348698,-0.13771550669461735,1.0,,False,0.0,0.5281546811397557,0.9999999999999998
seller,59de1d4c8c057c2a53acd4ca66531af2,1,0.0,0.1380347402651726,0.0,0.0,0.0,26.724282937957415,-0.1380347402651726,1.0,,False,0.0,0.5284938941655359,0.9999999999999998
seller,762fafdaa57a532ee0119731697579dd,4,0.0,0.13804912432442146,0.0,0.0,0.0,26.721498395345904,-0.13804912432442146,1.0,,False,0.0,0.5288331071913162,0.9999999999999998
seller,2f1e7b90e01d9f086cbcb301c0c3d406,1,0.0,0.13827655124754426,0.0,0.0,0.0,26.677548874574267,-0.13827655124754426,1.0,,False,0.0,0.5291723202170964,0.9999999999999998
seller,ea846a0e7ad98a741783e886d89dfa44,2,0.0,0.13831077763744615,0.0,0.0,0.0,26.670947247390874,-0.13831077763744615,1.0,,False,0.0,0.5295115332428765,0.9999999999999998
seller,ad75519a07f039025e83795a4418470f,3,0.0,0.13832792387494164,0.0,0.0,0.0,26.667641288746204,-0.13832792387494164,1.0,,False,0.0,0.5298507462686567,0.9999999999999998
seller,e0487761face83d64fcada2408959a36,2,0.0,0.1384259026215324,0.0,0.0,0.0,26.64876576026114,-0.1384259026215324,1.0,,False,0.0,0.5301899592944369,0.9999999999999998
seller,1e26c56af8d48424e1df0140a2401f83,2,0.0,0.13851901277511416,0.0,0.0,0.0,26.630852907555997,-0.13851901277511416,1.0,,False,0.0,0.5305291723202171,0.9999999999999998
seller,657969cca82e884d272385ec0ef06edd,3,0.0,0.1385636702618934,0.0,0.0,0.0,26.622270088124388,-0.1385636702618934,1.0,,False,0.0,0.5308683853459973,0.9999999999999998
seller,9c4d31c7e46ab03a43fc06e3142afd4e,2,0.0,0.1387838944532073,0.0,0.0,0.0,26.580025504023354,-0.1387838944532073,1.0,,False,0.0,0.5312075983717774,0.9999999999999998
seller,f8f35af4634605e6693c17cc3ffff5a8,1,0.0,0.1390195241933426,0.0,0.0,0.0,26.534973957928344,-0.1390195241933426,1.0,,False,0.0,0.5315468113975577,0.9999999999999998
seller,9e25199f6ef7e7c347120ff175652c3b,1,0.0,0.13961607563955844,0.0,0.0,0.0,26.42159534434542,-0.13961607563955844,1.0,,False,0.0,0.5318860244233379,0.9999999999999998
seller,ccbd753e6863fe7314dc6c0ca5a074e7,1,0.0,0.13968979684291233,0.0,0.0,0.0,26.40765136384479,-0.13968979684291233,1.0,,False,0.0,0.5322252374491181,0.9999999999999998
seller,3a79f35a2344ede41af21267f61d5ec6,1,0.0,0.14009332572927707,0.0,0.0,0.0,26.331585997483558,-0.14009332572927707,1.0,,False,0.0,0.5325644504748982,0.9999999999999998
seller,2235cf78d3e2073a88146a9cb60f0dd0,1,0.0,0.1405789621456002,0.0,0.0,0.0,26.240622336458106,-0.1405789621456002,1.0,,False,0.0,0.5329036635006784,0.9999999999999998
seller,fc6295add6f51a0936407ead70c1001d,1,0.0,0.14080201940401396,0.0,0.0,0.0,26.199052184963005,-0.14080201940401396,1.0,,False,0.0,0.5332428765264586,0.9999999999999998
seller,72c38a04bd6a1c3dbc5298425a0db86d,3,0.0,0.14081170071571492,0.0,0.0,0.0,26.19725090574272,-0.14081170071571492,1.0,,False,0.0,0.5335820895522388,0.9999999999999998
seller,296729ffb9b684050dd24836dac4494a,2,0.0,0.14120736229056527,0.0,0.0,0.0,26.12384647850905,-0.14120736229056527,1.0,,False,0.0,0.533921302578019,0.9999999999999998
seller,42d4b7e70819438f5ada61c965e92d7e,1,0.0,0.14123632086387133,0.0,0.0,0.0,26.118490141565005,-0.14123632086387133,1.0,,False,0.0,0.5342605156037992,0.9999999999999998
seller,61b18775be84fb700a6b2d0ba097bf66,4,0.0,0.14136050724072913,0.0,0.0,0.0,26.09554483157009,-0.14136050724072913,1.0,,False,0.0,0.5345997286295794,0.9999999999999998
seller,63ffcb71394dd8ea3872ed9ffda17c74,16,1.0,1.1414861439584894,0.0625,0.8760509317547751,0.022179689274625634,4.881043384037357,-0.14148614395848935,0.68065592228571,,False,0.0,0.5349389416553596,0.9999999999999998
seller,f235413f677777a0738ff215d0184901,2,0.0,0.14170661265575032,0.0,0.0,0.0,26.031808854787723,-0.14170661265575032,1.0,,False,0.0,0.5352781546811397,0.9999999999999998
seller,36f98ad67cc981f50ce8aed093d5783c,2,0.0,0.14231904629201894,0.0,0.0,0.0,25.919787619605504,-0.14231904629201894,1.0,,False,0.0,0.5356173677069199,0.9999999999999998
seller,519a7aa428f18d125a283cf8c014fdd6,3,0.0,0.14239991299106625,0.0,0.0,0.0,25.905068174763315,-0.14239991299106625,1.0,,False,0.0,0.5359565807327001,0.9999999999999998
seller,730937bf88cb151eb2eb849f642fc213,21,1.0,1.1432096080946281,0.047619047619047616,0.8747302270024535,0.022146251925302413,4.873684888132702,-0.14320960809462813,0.6812058263446605,,False,0.0,0.5362957937584804,0.9999999999999998
seller,4fe2f67634d00c021aa01f96b6f2d68e,2,0.0,0.14369226228666931,0.0,0.0,0.0,25.672081400977163,-0.14369226228666931,1.0,,False,0.0,0.5366350067842606,0.9999999999999998
seller,ec21206b7894c503788a684a7bc822a6,1,0.0,0.14371827542942048,0.0,0.0,0.0,25.667434730146972,-0.14371827542942048,1.0,,False,0.0,0.5369742198100407,0.9999999999999998
seller,40ec8ab6cdafbcc4f544da38c67da39a,2,0.0,0.14384216971292094,0.0,0.0,0.0,25.64532682923354,-0.14384216971292094,1.0,,False,0.0,0.5373134328358209,0.9999999999999998
seller,880ce4951cf857ab1d9e0b75c1d856f4,1,0.0,0.14406884471601772,0.0,0.0,0.0,25.604976991280072,-0.14406884471601772,1.0,,False,0.0,0.5376526458616011,0.9999999999999998
seller,542917da124346b47ea1ac79a93ce454,19,1.0,1.1440723071672547,0.05263157894736842,0.8740706279972981,0.022129552324343257,4.870009837694957,-0.14407230716725472,0.6814807311855064,,False,0.0,0.5379918588873813,0.9999999999999998
seller,7238f877570096ae403c51898fa64566,3,0.0,0.14417686403656738,0.0,0.0,0.0,25.585793384841065,-0.14417686403656738,1.0,,False,0.0,0.5383310719131614,0.9999999999999998
seller,dc50afafdfa325eadc890c7fa42a8f4e,4,0.0,0.1450646576243095,0.0,0.0,0.0,25.429208702697576,-0.1450646576243095,1.0,,False,0.0,0.5386702849389416,0.9999999999999998
seller,217f005bb37ff3aeef5b2ae1788e75ba,2,0.0,0.1453163673418884,0.0,0.0,0.0,25.385161503762635,-0.1453163673418884,1.0,,False,0.0,0.5390094979647219,0.9999999999999998
seller,7e79d65b5c6f1f544b7daea036acf720,4,0.0,0.14547086546558444,0.0,0.0,0.0,25.35820105495043,-0.14547086546558444,1.0,,False,0.0,0.5393487109905021,0.9999999999999998
seller,f18112da765e0971ca5d510dec322bdd,2,0.0,0.14547565864299605,0.0,0.0,0.0,25.357365545026436,-0.14547565864299605,1.0,,False,0.0,0.5396879240162822,0.9999999999999998
seller,69b5eaa096c3f9d1e5c398c597f567d6,2,0.0,0.1455117455198294,0.0,0.0,0.0,25.351076924654436,-0.1455117455198294,1.0,,False,0.0,0.5400271370420624,0.9999999999999998
seller,189ca3538ce9f920cacf0f982cbe223b,4,0.0,0.1457917448863314,0.0,0.0,0.0,25.302389082386128,-0.1457917448863314,1.0,,False,0.0,0.5403663500678426,0.9999999999999998
seller,e1643dff33666ca629e3644c02738179,3,0.0,0.14596306444768622,0.0,0.0,0.0,25.27269119809447,-0.14596306444768622,1.0,,False,0.0,0.5407055630936228,0.9999999999999998
seller,10264f60a8f0a4d2f30810f5c661c673,4,0.0,0.1462256258433285,0.0,0.0,0.0,25.227311785051523,-0.1462256258433285,1.0,,False,0.0,0.5410447761194029,0.9999999999999998
seller,8c351ed7c326c62123318f4f3246e906,2,0.0,0.14652558912391586,0.0,0.0,0.0,25.175667104769467,-0.14652558912391586,1.0,,False,0.0,0.5413839891451832,0.9999999999999998
seller,7c1fea10b5b006671d608b1d7c446ec4,12,1.0,1.1465628896550581,0.08333333333333333,0.8721719576157297,0.022081482152197254,4.859431123411921,-0.14656288965505815,0.6822730426303799,,False,0.0,0.5417232021709634,0.9999999999999998
seller,bd0a1b0aadca9a83d9304f7e8ff5fbd5,4,0.0,0.14672175348636413,0.0,0.0,0.0,25.14200768774733,-0.14672175348636413,1.0,,False,0.0,0.5420624151967436,0.9999999999999998
seller,1710c3aaa9c6b44ec3883ee0fe300e21,2,0.0,0.14685132448733632,0.0,0.0,0.0,25.11982419628803,-0.14685132448733632,1.0,,False,0.0,0.5424016282225237,0.9999999999999998
seller,d2df77822373f19934e87694d8640767,2,0.0,0.1468737515279544,0.0,0.0,0.0,25.115988498542798,-0.1468737515279544,1.0,,False,0.0,0.5427408412483039,0.9999999999999998
seller,e64ddbe1cbcf4f2fc3092b7c481f3f9d,1,0.0,0.147002758170564,0.0,0.0,0.0,25.093947215832586,-0.147002758170564,1.0,,False,0.0,0.5430800542740841,0.9999999999999998
seller,1fe61aa5494bd3ae92a2c13e067c810f,1,0.0,0.14715201529049593,0.0,0.0,0.0,25.068494283490715,-0.14715201529049593,1.0,,False,0.0,0.5434192672998643,0.9999999999999998
seller,1a8e2d9c38b84a9702ac7922924b0573,1,0.0,0.1472967016141178,0.0,0.0,0.0,25.043870050654082,-0.1472967016141178,1.0,,False,0.0,0.5437584803256446,0.9999999999999998
seller,f7c31656c19db6275a8acadca289f426,1,0.0,0.1472967016141178,0.0,0.0,0.0,25.043870050654082,-0.1472967016141178,1.0,,False,0.0,0.5440976933514247,0.9999999999999998
seller,9cf787a239c1aa29dbd76f153dc13f9a,4,0.0,0.14762452585772748,0.0,0.0,0.0,24.98825606843322,-0.14762452585772748,1.0,,False,0.0,0.5444369063772049,0.9999999999999998
seller,c3ee2331a724e6fc02c4b698b57a73f3,2,0.0,0.14798472707876117,0.0,0.0,0.0,24.92743357326747,-0.14798472707876117,1.0,,False,0.0,0.5447761194029851,0.9999999999999998
seller,a150c540f572d0fb53992264bc5c10b5,1,0.0,0.14799415414108463,0.0,0.0,0.0,24.925845723590417,-0.14799415414108463,1.0,,False,0.0,0.5451153324287653,0.9999999999999998
seller,8cf21434553b02cbd37c0bbd07e041b0,1,0.0,0.14817937183076252,0.0,0.0,0.0,24.894689514050917,-0.14817937183076252,1.0,,False,0.0,0.5454545454545454,0.9999999999999998
seller,bbd3acfe6de99892e73940d3fdceaf68,2,0.0,0.14822278637521907,0.0,0.0,0.0,24.887397844321377,-0.14822278637521907,1.0,,False,0.0,0.5457937584803256,0.9999999999999998
seller,bc503e244f187939d10c92a5c8e378ce,4,0.0,0.14849543392516246,0.0,0.0,0.0,24.84170291709459,-0.14849543392516246,1.0,,False,0.0,0.5461329715061058,0.9999999999999998
seller,f19516b9ff26bfeb091b30108db4ddbd,2,0.0,0.14890436169697804,0.0,0.0,0.0,24.77348152917672,-0.14890436169697804,1.0,,False,0.0,0.5464721845318861,0.9999999999999998
seller,00ab3eff1b5192e5f1a63bcecfee11c8,1,0.0,0.14904007257628202,0.0,0.0,0.0,24.750923629790137,-0.14904007257628202,1.0,,False,0.0,0.5468113975576662,0.9999999999999998
seller,4e6015589b781adaa5ce7f1892d06bb1,3,0.0,0.14906883542562224,0.0,0.0,0.0,24.746147936162675,-0.14906883542562224,1.0,,False,0.0,0.5471506105834464,0.9999999999999998
seller,c716e0b86ed568878475b60fbb6323ad,1,0.0,0.14914358578274234,0.0,0.0,0.0,24.73374523452541,-0.14914358578274234,1.0,,False,0.0,0.5474898236092266,0.9999999999999998
seller,8a1ff5c35f6595a73fef4c7b96e4908a,2,0.0,0.14948275913745745,0.0,0.0,0.0,24.677624867238446,-0.14948275913745745,1.0,,False,0.0,0.5478290366350068,0.9999999999999998
seller,baf15155e37ef5492731459bdc05be8a,1,0.0,0.14977175569844753,0.0,0.0,0.0,24.630007419697844,-0.14977175569844753,1.0,,False,0.0,0.5481682496607869,0.9999999999999998
seller,968ee78631915a63fef426d6733d7422,2,0.0,0.14999508884883445,0.0,0.0,0.0,24.593334904662115,-0.14999508884883445,1.0,,False,0.0,0.5485074626865671,0.9999999999999998
seller,e53d5b9b29d1218281f4a907ada18626,2,0.0,0.15068966515891022,0.0,0.0,0.0,24.47997644844334,-0.15068966515891022,1.0,,False,0.0,0.5488466757123474,0.9999999999999998
seller,f356c348fbc8df6a882823e21f5ce8b7,2,0.0,0.1507533955236428,0.0,0.0,0.0,24.469627641225532,-0.1507533955236428,1.0,,False,0.0,0.5491858887381276,0.9999999999999998
seller,f88adb15807168d3c43d71021090ce4a,3,0.0,0.15142312657393447,0.0,0.0,0.0,24.36140064980621,-0.15142312657393447,1.0,,False,0.0,0.5495251017639078,0.9999999999999998
seller,8ca1551acf9832a4cf467bbbac15851f,11,1.0,1.1518450845579944,0.09090909090909091,0.8681723032084102,0.02198021966990922,4.83714647536734,-0.1518450845579944,0.6839469135968108,,False,0.0,0.5498643147896879,0.9999999999999998
seller,809413606dbfe5deefd2db646693ef67,3,0.0,0.1519903923272879,0.0,0.0,0.0,24.270477874486314,-0.1519903923272879,1.0,,False,0.0,0.5502035278154681,0.9999999999999998
seller,8444e55c1f13cd5c179851e5ca5ebd00,91,6.0,6.1521433563544825,0.06593406593406594,0.9752698616495444,0.35790685066149147,2.1227519038596028,-0.1521433563544825,0.5784381865248903,,False,0.0,0.5505427408412483,0.9999999999999998
seller,5cf1ec37aea089f45110c70653a166ab,2,0.0,0.15265725321852347,0.0,0.0,0.0,24.164455840387973,-0.15265725321852347,1.0,,False,0.0,0.5508819538670285,0.9999999999999998
seller,6bef34c5be6f2bbd70aa5165f6df94b1,2,0.0,0.15324397015340704,0.0,0.0,0.0,24.071938689797257,-0.15324397015340704,1.0,,False,0.0,0.5512211668928086,0.9999999999999998
seller,dbc51f5e45d654ecc16cb68e6817ecea,1,0.0,0.1532635627706682,0.0,0.0,0.0,24.068861426859108,-0.1532635627706682,1.0,,False,0.0,0.5515603799185889,0.9999999999999998
seller,9c3a1c416c765687bc79a04113269929,1,0.0,0.15329791619465374,0.0,0.0,0.0,24.063467695346173,-0.15329791619465374,1.0,,False,0.0,0.5518995929443691,0.9999999999999998
seller,7bb8fac2913a6064ec412e583c6d8b4d,1,0.0,0.1535919482520454,0.0,0.0,0.0,24.017401277184533,-0.1535919482520454,1.0,,False,0.0,0.5522388059701493,0.9999999999999998
seller,f1198c871e0171278b63f40d112caeec,2,0.0,0.1538710402148468,0.0,0.0,0.0,23.973838410159786,-0.1538710402148468,1.0,,False,0.0,0.5525780189959294,0.9999999999999998
seller,e48cc16ab70bfa09e1401740dce0b3d7,14,1.0,1.154088267815151,0.07142857142857142,0.8664848503253036,0.021937497061832192,4.827744589663658,-0.15408826781515095,0.6846550840136401,,False,0.0,0.5529172320217096,0.9999999999999998
seller,077c5fae4bea9500e3737b16f71b9d3a,4,0.0,0.15420337363540795,0.0,0.0,0.0,23.922170878282913,-0.15420337363540795,1.0,,False,0.0,0.5532564450474898,0.9999999999999998
seller,7cb946b1ad19faebe28c3e86c2794ec3,1,0.0,0.15462553909348342,0.0,0.0,0.0,23.856857513581343,-0.15462553909348342,1.0,,False,0.0,0.55359565807327,0.9999999999999998
seller,e3b4998c7a498169dc7bce44e6bb6277,1,0.0,0.15465591267989975,0.0,0.0,0.0,23.852172155545205,-0.15465591267989975,1.0,,False,0.0,0.5539348710990502,0.9999999999999998
seller,299c89a525fee36c567f4fe72f038100,1,0.0,0.154678821452788,0.0,0.0,0.0,23.84863951940491,-0.154678821452788,1.0,,False,0.0,0.5542740841248304,0.9999999999999998
seller,cb810bd318f51b3dc3c753944d61a1fa,1,0.0,0.15492539139829808,0.0,0.0,0.0,23.81068345749849,-0.15492539139829808,1.0,,False,0.0,0.5546132971506106,0.9999999999999998
seller,720e6cf846ea7572cbb66b743fb91e6c,1,0.0,0.15545154527891214,0.0,0.0,0.0,23.730091891304937,-0.15545154527891214,1.0,,False,0.0,0.5549525101763908,0.9999999999999998
seller,3a734b715d333a2588a3d54a0c9b8746,14,1.0,1.1556091446233905,0.07142857142857142,0.8653444849001234,0.021908625508965555,4.821390880179197,-0.15560914462339048,0.6851343202609375,,False,0.0,0.555291723202171,0.9999999999999998
seller,26e13b6ff5b641b329e5524241ee2c93,3,0.0,0.1561840532408854,0.0,0.0,0.0,23.618797038289895,-0.1561840532408854,1.0,,False,0.0,0.5556309362279511,0.9999999999999998
seller,a00824eb9093d40e589b940ec45c4eb0,3,0.0,0.1567587992799931,0.0,0.0,0.0,23.53220024047953,-0.1567587992799931,1.0,,False,0.0,0.5559701492537313,0.9999999999999998
seller,f1ce5fdecd64935c28b9ff932751d0dc,2,0.0,0.15691876064616356,0.0,0.0,0.0,23.508211758261318,-0.15691876064616356,1.0,,False,0.0,0.5563093622795116,0.9999999999999998
seller,08ad4ac1388e4420ca531c3edfc46198,5,0.0,0.15793858553125611,0.0,0.0,0.0,23.356416937037242,-0.15793858553125611,1.0,,False,0.0,0.5566485753052918,0.9999999999999998
seller,19e0f40a907ec568c34bfac15de4f4a1,4,0.0,0.15809894169223396,0.0,0.0,0.0,23.332727054523595,-0.15809894169223396,1.0,,False,0.0,0.5569877883310719,0.9999999999999998
seller,119c7f1a00ef43fad0e57604e76a747c,2,0.0,0.15834960464610218,0.0,0.0,0.0,23.295792006290547,-0.15834960464610218,1.0,,False,0.0,0.5573270013568521,0.9999999999999998
seller,01266d4c46afa519678d16a8b683d325,3,0.0,0.15847958123287675,0.0,0.0,0.0,23.27668602741533,-0.15847958123287675,1.0,,False,0.0,0.5576662143826323,0.9999999999999998
seller,5a32c398a06c345440bf2a683b017ad3,1,0.0,0.15854129975297435,0.0,0.0,0.0,23.26762464961266,-0.15854129975297435,1.0,,False,0.0,0.5580054274084125,0.9999999999999998
seller,dbec9a0a7efeff029d4d9dce7dc4cc95,3,0.0,0.15862867622036042,0.0,0.0,0.0,23.254808285668954,-0.15862867622036042,1.0,,False,0.0,0.5583446404341926,0.9999999999999998
seller,9c54608f0996c32ae4743089d915f845,3,0.0,0.15910866045513314,0.0,0.0,0.0,23.1846553390735,-0.15910866045513314,1.0,,False,0.0,0.5586838534599728,0.9999999999999998
seller,2d378dbb39815785238c0139c7647fb7,2,0.0,0.15912642380018813,0.0,0.0,0.0,23.182067226911276,-0.15912642380018813,1.0,,False,0.0,0.5590230664857531,0.9999999999999998
seller,f3975e8a41157005d4bcbb358678cd9b,2,0.0,0.1592506047670868,0.0,0.0,0.0,23.163990237331497,-0.1592506047670868,1.0,,False,0.0,0.5593622795115333,0.9999999999999998
seller,2075d8cd4dd63ff12df0749a5866bb06,2,0.0,0.1593417724096716,0.0,0.0,0.0,23.150736924337306,-0.1593417724096716,1.0,,False,0.0,0.5597014925373134,0.9999999999999998
seller,0fe2d9733ed841eb064503920015a8c0,2,0.0,0.15950090928330052,0.0,0.0,0.0,23.127639025316547,-0.15950090928330052,1.0,,False,0.0,0.5600407055630936,0.9999999999999998
seller,a218df5c097b0ca409cfaac1488cc7f6,4,0.0,0.15954862743437023,0.0,0.0,0.0,23.1207219606533,-0.15954862743437023,1.0,,False,0.0,0.5603799185888738,0.9999999999999998
seller,1588ac4010787100dddef64568f0ae35,3,0.0,0.1595494105004766,0.0,0.0,0.0,23.120608484497758,-0.1595494105004766,1.0,,False,0.0,0.560719131614654,0.9999999999999998
seller,f5f1f2c5f923f36ad79ea1d07185ddc9,10,1.0,1.1597209148517271,0.1,0.8622764211576301,0.021830948860249548,4.804296723105356,-0.15972091485172712,0.6864263175704983,,False,0.0,0.5610583446404342,0.9999999999999998
seller,d90fe2229fee1a5da999ccd0c06c1667,3,0.0,0.15982215081094459,0.0,0.0,0.0,23.08115261493103,-0.15982215081094459,1.0,,False,0.0,0.5613975576662144,0.9999999999999998
seller,6bb62a4912377c7bfe7cb17b406bc7e6,3,0.0,0.16091950813153127,0.0,0.0,0.0,22.923755465985792,-0.16091950813153127,1.0,,False,0.0,0.5617367706919946,0.9999999999999998
seller,52bb00821bcdd358a5a5a27e1f6be5a1,2,0.0,0.1610630959858054,0.0,0.0,0.0,22.903318923156917,-0.1610630959858054,1.0,,False,0.0,0.5620759837177748,0.9999999999999998
seller,74c7dec0a384d8a05950e629bd23bde9,4,0.0,0.16139471684611062,0.0,0.0,0.0,22.856259028796284,-0.16139471684611062,1.0,,False,0.0,0.562415196743555,0.9999999999999998
seller,c76d418370990614e89e956c7a7567d9,2,0.0,0.16151610370827518,0.0,0.0,0.0,22.839081487358452,-0.16151610370827518,1.0,,False,0.0,0.5627544097693351,0.9999999999999998
seller,a0d7fbb07bb5ebc3b05980e750db56f3,2,0.0,0.1618725767295281,0.0,0.0,0.0,22.78878565254238,-0.1618725767295281,1.0,,False,0.0,0.5630936227951153,0.9999999999999998
seller,2d9e8987a2ea5cf88dce330249043ff1,2,0.0,0.16201128527184658,0.0,0.0,0.0,22.76927467073782,-0.16201128527184658,1.0,,False,0.0,0.5634328358208955,0.9999999999999998
seller,8eb88b0acb3f90a717ad659221471fa7,2,0.0,0.16204789498250174,0.0,0.0,0.0,22.764130657249623,-0.16204789498250174,1.0,,False,0.0,0.5637720488466758,0.9999999999999998
seller,3bb32fedaa74e4ad20f4ce067733bd31,2,0.0,0.16210574780384768,0.0,0.0,0.0,22.75600652098764,-0.16210574780384768,1.0,,False,0.0,0.5641112618724559,0.9999999999999998
seller,4dab98ca6cd6d3df586203cefd28a042,1,0.0,0.16211874098830786,0.0,0.0,0.0,22.754182715864914,-0.16211874098830786,1.0,,False,0.0,0.5644504748982361,0.9999999999999998
seller,1b0b0f4f95e962d6f32fe90c759d0479,2,0.0,0.16221663871999237,0.0,0.0,0.0,22.740450567968153,-0.16221663871999237,1.0,,False,0.0,0.5647896879240163,0.9999999999999998
seller,b6d44737c043328708f6749c2dbe50bd,58,4.0,4.162268057420773,0.06896551724137931,0.9610145105547754,0.261844109651525,2.460578832049103,-0.1622680574207731,0.5975724706417205,,False,0.0,0.5651289009497965,0.9999999999999998
seller,c0aff2da32c17759d30b22fb0af6649d,4,0.0,0.16245248157185072,0.0,0.0,0.0,22.707436774256905,-0.16245248157185072,1.0,,False,0.0,0.5654681139755766,0.9999999999999998
seller,b45d7ebfb7378630f1bcd74b6ff86ff7,3,0.0,0.16250409854284223,0.0,0.0,0.0,22.700224100141124,-0.16250409854284223,1.0,,False,0.0,0.5658073270013568,0.9999999999999998
seller,478bfe564db21eeb44386606aa30b650,3,0.0,0.1626551454475881,0.0,0.0,0.0,22.679143927251857,-0.1626551454475881,1.0,,False,0.0,0.566146540027137,0.9999999999999998
seller,999f6d9a1c7c81f43be44c6b7d076210,2,0.0,0.16286567018680256,0.0,0.0,0.0,22.64982822888881,-0.16286567018680256,1.0,,False,0.0,0.5664857530529173,0.9999999999999998
seller,6d7f8d9d594e28796b6b3205b00f459c,3,0.0,0.16312569048891268,0.0,0.0,0.0,22.61372468712806,-0.16312569048891268,1.0,,False,0.0,0.5668249660786974,0.9999999999999998
seller,6624bc09786f0e41ae48dfc5eeb1a9e2,1,0.0,0.16323009559369966,0.0,0.0,0.0,22.599260514409195,-0.16323009559369966,1.0,,False,0.0,0.5671641791044776,0.9999999999999998
seller,43a1d4bab73b816e44ef4e4facd9f9b5,1,0.0,0.16532943616255524,0.0,0.0,0.0,22.312296828297136,-0.16532943616255524,1.0,,False,0.0,0.5675033921302578,0.9999999999999998
seller,57df9869a600bd6b7c405f2a862eccfb,5,0.0,0.16557892315386286,0.0,0.0,0.0,22.27867764719109,-0.16557892315386286,1.0,,False,0.0,0.567842605156038,0.9999999999999998
seller,447d377bdb757058acb569025ee18a93,1,0.0,0.16582265574252342,0.0,0.0,0.0,22.245931580312774,-0.16582265574252342,1.0,,False,0.0,0.5681818181818182,0.9999999999999998
seller,a7c53f6b3b61adbdaa99dda97e8cbd56,1,0.0,0.16625557738290883,0.0,0.0,0.0,22.188004229283404,-0.16625557738290883,1.0,,False,0.0,0.5685210312075983,0.9999999999999998
seller,45a3d05fb00435e52a28859dd03703b3,1,0.0,0.1663846454714304,0.0,0.0,0.0,22.170792525127244,-0.1663846454714304,1.0,,False,0.0,0.5688602442333786,0.9999999999999998
seller,333c4210e76a1aa2ab817b99437e3ff1,2,0.0,0.1666322454876156,0.0,0.0,0.0,22.13784878982561,-0.1666322454876156,1.0,,False,0.0,0.5691994572591588,0.9999999999999998
seller,e595809a6c31ec4314fd06ef198c244d,1,0.0,0.16663837661459663,0.0,0.0,0.0,22.137034271796963,-0.16663837661459663,1.0,,False,0.0,0.569538670284939,0.9999999999999998
seller,392f7f2c797e4dc077e4311bde2ab8ce,2,0.0,0.16788189160851802,0.0,0.0,0.0,21.973063436263832,-0.16788189160851802,1.0,,False,0.0,0.5698778833107191,0.9999999999999998
seller,5733d806668f8712c24b9abaefbfa642,2,0.0,0.16850467390162696,0.0,0.0,0.0,21.891852425811663,-0.16850467390162696,1.0,,False,0.0,0.5702170963364993,0.9999999999999998
seller,34a557286ead8fe75c989e0afcf7d98c,3,0.0,0.16871597646579203,0.0,0.0,0.0,21.86443472270614,-0.16871597646579203,1.0,,False,0.0,0.5705563093622795,0.9999999999999998
seller,8fb791022c1fc8909664f48ab7dc636d,4,0.0,0.16918714229699833,0.0,0.0,0.0,21.803544903183713,-0.16918714229699833,1.0,,False,0.0,0.5708955223880597,0.9999999999999998
seller,c8c1bea22194a4eefa2dc9a9fa89f536,7,0.0,0.16921167427054556,0.0,0.0,0.0,21.800383868408147,-0.16921167427054556,1.0,,False,0.0,0.5712347354138398,0.9999999999999998
seller,fc59392d66ef99377e50356ee4f3b4e1,4,0.0,0.1695312533481756,0.0,0.0,0.0,21.759288516188118,-0.1695312533481756,1.0,,False,0.0,0.5715739484396201,0.9999999999999998
seller,3a52d63a8f9daf5a28f3626d7eb9bd28,1,0.0,0.16988781952920382,0.0,0.0,0.0,21.71361940094719,-0.16988781952920382,1.0,,False,0.0,0.5719131614654003,0.9999999999999998
seller,f4ce8ca9fa7157e3b33f536ac9a4487d,3,0.0,0.1711857349229868,0.0,0.0,0.0,21.54898862205716,-0.1711857349229868,1.0,,False,0.0,0.5722523744911805,0.9999999999999998
seller,26b482dccfa29bd2e40703ba45523702,3,0.0,0.17118950922371914,0.0,0.0,0.0,21.548513520727024,-0.17118950922371914,1.0,,False,0.0,0.5725915875169606,0.9999999999999998
seller,461ff5303b6c9c1a4a07f40c5aece516,2,0.0,0.17180377889087778,0.0,0.0,0.0,21.471468659935297,-0.17180377889087778,1.0,,False,0.0,0.5729308005427408,0.9999999999999998
seller,939f6e231201f26803cb5c3a3d2940b3,3,0.0,0.1723356839778799,0.0,0.0,0.0,21.40519809343386,-0.1723356839778799,1.0,,False,0.0,0.573270013568521,0.9999999999999998
seller,7963e546f34e098b578f9ad102494601,1,0.0,0.17239474399474736,0.0,0.0,0.0,21.397864973344724,-0.17239474399474736,1.0,,False,0.0,0.5736092265943012,0.9999999999999998
seller,6601ee6383e7f452be71929f8de48bbb,2,0.0,0.17255010744342827,0.0,0.0,0.0,21.378598418568703,-0.17255010744342827,1.0,,False,0.0,0.5739484396200815,0.9999999999999998
seller,be3b4b0f050a6aa1b2d901c4b77e979f,3,0.0,0.17289088553590612,0.0,0.0,0.0,21.336459945124325,-0.17289088553590612,1.0,,False,0.0,0.5742876526458616,0.9999999999999998
seller,626ab1cd96932367f0eeec2e47046c12,3,0.0,0.17373552523680297,0.0,0.0,0.0,21.23272974301578,-0.17373552523680297,1.0,,False,0.0,0.5746268656716418,0.9999999999999998
seller,d149de2f383552baea37a7198c2296ce,3,0.0,0.17385698579752334,0.0,0.0,0.0,21.217896060904128,-0.17385698579752334,1.0,,False,0.0,0.574966078697422,0.9999999999999998
seller,c5ebe6598748b0aeaa61cfb820478b92,3,0.0,0.17441445170884734,0.0,0.0,0.0,21.15007912458904,-0.17441445170884734,1.0,,False,0.0,0.5753052917232022,0.9999999999999998
seller,236585a4ddb5fea9fa40233e2249ed91,11,1.0,1.1749540140569958,0.09090909090909091,0.8510971391527933,0.02154791394504886,4.742009750407664,-0.17495401405699584,0.6911668186534456,,False,0.0,0.5756445047489823,0.9999999999999998
seller,3fadb4cba4c35bce6a7eaf9872d5623a,3,0.0,0.17522678438236963,0.0,0.0,0.0,21.052029614743592,-0.17522678438236963,1.0,,False,0.0,0.5759837177747625,0.9999999999999998
seller,e3e290b38963293022cdcd6db8328103,2,0.0,0.17599222508623308,0.0,0.0,0.0,20.960468295155934,-0.17599222508623308,1.0,,False,0.0,0.5763229308005428,0.9999999999999998
seller,024b564ae893ce8e9bfa02c10a401ece,2,0.0,0.17612785620798577,0.0,0.0,0.0,20.94432722645425,-0.17612785620798577,1.0,,False,0.0,0.576662143826323,0.9999999999999998
seller,74a9b9bddf14ece02beb81f52c41a88d,1,0.0,0.1768163656620667,0.0,0.0,0.0,20.862771612239563,-0.1768163656620667,1.0,,False,0.0,0.5770013568521031,0.9999999999999998
seller,c7246702dc991a06d788120dc7544391,1,0.0,0.1768163656620667,0.0,0.0,0.0,20.862771612239563,-0.1768163656620667,1.0,,False,0.0,0.5773405698778833,0.9999999999999998
seller,11eac105f3f90a9b87b19c89d91e24f3,5,0.0,0.17698908828692372,0.0,0.0,0.0,20.842411754411398,-0.17698908828692372,1.0,,False,0.0,0.5776797829036635,0.9999999999999998
seller,fd312b6bf05efac6c3772d5b52205d8a,2,0.0,0.17701769631727476,0.0,0.0,0.0,20.83904338864648,-0.17701769631727476,1.0,,False,0.0,0.5780189959294437,0.9999999999999998
seller,bc30de0d71bd6260b936a026b5cf7200,3,0.0,0.1772254742819077,0.0,0.0,0.0,20.81461183309424,-0.1772254742819077,1.0,,False,0.0,0.5783582089552238,0.9999999999999998
seller,6eeed17989b0ae47c9f11ece6f38ea90,3,0.0,0.1773738827689656,0.0,0.0,0.0,20.797196275614056,-0.1773738827689656,1.0,,False,0.0,0.578697421981004,0.9999999999999998
seller,fc908879b9ca1bd65419e54e50432d38,4,0.0,0.1775706640252289,0.0,0.0,0.0,20.77414912178189,-0.1775706640252289,1.0,,False,0.0,0.5790366350067843,0.9999999999999998
seller,ef728fa1f17436c91ed1ccd03dcf9631,3,0.0,0.17759855885092402,0.0,0.0,0.0,20.770886194016786,-0.17759855885092402,1.0,,False,0.0,0.5793758480325645,0.9999999999999998
seller,5d043cd5512d4bd2f88e5ccdd5736c38,1,0.0,0.17762087535669807,0.0,0.0,0.0,20.768276514266304,-0.17762087535669807,1.0,,False,0.0,0.5797150610583447,0.9999999999999998
seller,d2572f31e9023e9850ef986a636ff9bf,1,0.0,0.17870510373453063,0.0,0.0,0.0,20.64227253181211,-0.17870510373453063,1.0,,False,0.0,0.5800542740841248,0.9999999999999998
seller,dcb7367a92f5ffb89f1e2152ed260285,1,0.0,0.1789124699223844,0.0,0.0,0.0,20.61834737240082,-0.1789124699223844,1.0,,False,0.0,0.580393487109905,0.9999999999999998
seller,4bfc7a4a1cf8d4d2121c27422d9e50b5,23,1.0,1.1789453613757552,0.043478260869565216,0.8482157297205553,0.02147496297431934,4.725955564587947,-0.17894536137575523,0.6923970224253115,,False,0.0,0.5807327001356852,0.9999999999999998
seller,feb793c88d836c3a75efa4b5a3465d70,1,0.0,0.17951180076735276,0.0,0.0,0.0,20.549509493778196,-0.17951180076735276,1.0,,False,0.0,0.5810719131614654,0.9999999999999998
seller,44ed138eca6214d572ce1d813fb0049b,2,0.0,0.17965021466204567,0.0,0.0,0.0,20.533676851170927,-0.17965021466204567,1.0,,False,0.0,0.5814111261872456,0.9999999999999998
seller,2ea0861cc19e94cad86438c984c52da4,5,0.0,0.1799730623643767,0.0,0.0,0.0,20.496842169887422,-0.1799730623643767,1.0,,False,0.0,0.5817503392130258,0.9999999999999998
seller,35b96509602ec4b7da831b5cd73ff2c2,2,0.0,0.18000136593471433,0.0,0.0,0.0,20.493619228711157,-0.18000136593471433,1.0,,False,0.0,0.582089552238806,0.9999999999999998
seller,52f6f9f13ba19504c02781132a049e75,1,0.0,0.1804824592948857,0.0,0.0,0.0,20.438991514886048,-0.1804824592948857,1.0,,False,0.0,0.5824287652645862,0.9999999999999998
seller,e83e93b71371817b11d78a63ff156aee,2,0.0,0.18077389126663962,0.0,0.0,0.0,20.406041095131798,-0.18077389126663962,1.0,,False,0.0,0.5827679782903663,0.9999999999999998
seller,61c36f0fc4a47f9532e5512b66668e62,1,0.0,0.1811860804045153,0.0,0.0,0.0,20.359618387230178,-0.1811860804045153,1.0,,False,0.0,0.5831071913161465,0.9999999999999998
seller,7994b065a7ffb14e71c6312cf87b9de2,5,0.0,0.18158524047497218,0.0,0.0,0.0,20.31486394194231,-0.18158524047497218,1.0,,False,0.0,0.5834464043419267,0.9999999999999998
seller,1c56ffe0e9dea2657fc6e95b53f40b13,3,0.0,0.18174993730565192,0.0,0.0,0.0,20.296455166915877,-0.18174993730565192,1.0,,False,0.0,0.583785617367707,0.9999999999999998
seller,dd58ee93286b0821565574c570e9e1dc,2,0.0,0.18185810408443004,0.0,0.0,0.0,20.28438310564001,-0.18185810408443004,1.0,,False,0.0,0.5841248303934871,0.9999999999999998
seller,23ff42c4bf1f8f16cddb19d8b972974a,2,0.0,0.1822577874150988,0.0,0.0,0.0,20.239900343530326,-0.1822577874150988,1.0,,False,0.0,0.5844640434192673,0.9999999999999998
seller,78ba5933c21686d1c2f64669c8c459e7,2,0.0,0.18251540747672296,0.0,0.0,0.0,20.211331772548547,-0.18251540747672296,1.0,,False,0.0,0.5848032564450475,0.9999999999999998
seller,9535a841eecebed61a9fb1ac1cbb5597,2,0.0,0.1830224075805865,0.0,0.0,0.0,20.155343287622784,-0.1830224075805865,1.0,,False,0.0,0.5851424694708277,0.9999999999999998
seller,e59e489e2ea74bd409b798b5daf49de3,3,0.0,0.18368650893554972,0.0,0.0,0.0,20.08247353325364,-0.18368650893554972,1.0,,False,0.0,0.5854816824966079,0.9999999999999998
seller,d63c73efd41eb002280e7ec831424edb,1,0.0,0.18449352046547352,0.0,0.0,0.0,19.994628780495734,-0.18449352046547352,1.0,,False,0.0,0.585820895522388,0.9999999999999998
seller,54c04bdb5ec46762f8f08c7e8f86ed4a,17,2.0,2.184673004443321,0.11764705882352941,0.9154688120063178,0.11086752024277548,3.306988118143974,-0.1846730044433209,0.6416780474987851,,False,0.0,0.5861601085481682,0.9999999999999998
seller,5bc237df65098fe211bb4818f4d26d78,2,0.0,0.18474770143669675,0.0,0.0,0.0,19.967119620039867,-0.18474770143669675,1.0,,False,0.0,0.5864993215739485,0.9999999999999998
seller,252e76235acb79183cfca6e34f13337d,3,0.0,0.18489420337215626,0.0,0.0,0.0,19.951298563367803,-0.18489420337215626,1.0,,False,0.0,0.5868385345997287,0.9999999999999998
seller,3d62f86afa7c73be2628a3be1423f5a0,2,0.0,0.18496441206020015,0.0,0.0,0.0,19.943725460621692,-0.18496441206020015,1.0,,False,0.0,0.5871777476255088,0.9999999999999998
seller,6b1c4d4d9ccf0be3d8544eb0e71e5318,1,0.0,0.1850095380760643,0.0,0.0,0.0,19.938860949954375,-0.1850095380760643,1.0,,False,0.0,0.587516960651289,0.9999999999999998
seller,4f1f1c8666cdb6442f775c4e8caed465,2,0.0,0.1853174759151812,0.0,0.0,0.0,19.905728997746092,-0.1853174759151812,1.0,,False,0.0,0.5878561736770692,0.9999999999999998
seller,a2a41aedb70551d4a85aa04dc2fced48,2,0.0,0.186352413380618,0.0,0.0,0.0,19.79517939796966,-0.186352413380618,1.0,,False,0.0,0.5881953867028494,0.9999999999999998
seller,eb4a59a06b3948e851a7d7a830bcbc42,1,0.0,0.18647251808644846,0.0,0.0,0.0,19.782429561034697,-0.18647251808644846,1.0,,False,0.0,0.5885345997286295,0.9999999999999998
seller,3d290fe363c60a77498c1126fd3fb8d3,3,0.0,0.18698603492823018,0.0,0.0,0.0,19.72810138216909,-0.18698603492823018,1.0,,False,0.0,0.5888738127544098,0.9999999999999998
seller,11938fcc75f6902fea1d0a6f72b54a57,2,0.0,0.1876032548209603,0.0,0.0,0.0,19.66319538344059,-0.1876032548209603,1.0,,False,0.0,0.58921302578019,0.9999999999999998
seller,4bf658053d453036c70976bccb2c31b2,2,0.0,0.1877631513714073,0.0,0.0,0.0,19.646450473219318,-0.1877631513714073,1.0,,False,0.0,0.5895522388059702,0.9999999999999998
seller,94231344608e603693b0a8891143f65d,3,0.0,0.18809446800660393,0.0,0.0,0.0,19.611844480106775,-0.18809446800660393,1.0,,False,0.0,0.5898914518317503,0.9999999999999998
seller,c1849d4d32d7a6cecd5aa471809d3135,3,0.0,0.18822231878859894,0.0,0.0,0.0,19.59852305430943,-0.18822231878859894,1.0,,False,0.0,0.5902306648575305,0.9999999999999998
seller,65a7c0788e4d632ccb5e1b594b87f0bb,3,0.0,0.1890249567273215,0.0,0.0,0.0,19.515303788352874,-0.1890249567273215,1.0,,False,0.0,0.5905698778833107,0.9999999999999998
seller,cb0b3bcf14e0a709df412a99424a59d7,2,0.0,0.1890835083210286,0.0,0.0,0.0,19.50926067994732,-0.1890835083210286,1.0,,False,0.0,0.5909090909090909,0.9999999999999998
seller,ab9db4cf53b08b828b64dccaafc2d9f0,4,0.0,0.18929685219944284,0.0,0.0,0.0,19.487273091194027,-0.18929685219944284,1.0,,False,0.0,0.591248303934871,0.9999999999999998
seller,3d49bfdd1b43a7fe169b3740067acc61,2,0.0,0.1894445828739535,0.0,0.0,0.0,19.47207673163356,-0.1894445828739535,1.0,,False,0.0,0.5915875169606513,0.9999999999999998
seller,876182d1918783bbe15233febfbd4926,3,0.0,0.1894742856105791,0.0,0.0,0.0,19.46902421205366,-0.1894742856105791,1.0,,False,0.0,0.5919267299864315,0.9999999999999998
seller,3ef37b7ca6dd2b80bd8af81a62504996,2,0.0,0.1900476877719828,0.0,0.0,0.0,19.41028326816485,-0.1900476877719828,1.0,,False,0.0,0.5922659430122117,0.9999999999999998
seller,07e8e8fc5222bb358e6f259da3197074,2,0.0,0.1900900233756873,0.0,0.0,0.0,19.405960337136484,-0.1900900233756873,1.0,,False,0.0,0.5926051560379919,0.9999999999999998
seller,0f7eea709efdf942b5f95c7516dbacd7,3,0.0,0.19031916536332608,0.0,0.0,0.0,19.382595794132097,-0.19031916536332608,1.0,,False,0.0,0.592944369063772,0.9999999999999998
seller,7d948535954aaf8c5d39db007f74372e,4,0.0,0.1913115488278792,0.0,0.0,0.0,19.282053157348997,-0.1913115488278792,1.0,,False,0.0,0.5932835820895522,0.9999999999999998
seller,84c945f15571830c1a91a33978e94009,2,0.0,0.19266727946626172,0.0,0.0,0.0,19.146372255491887,-0.19266727946626172,1.0,,False,0.0,0.5936227951153324,0.9999999999999998
seller,240b9776d844d37535668549a396af32,35,2.0,2.192878037797272,0.05714285714285714,0.9120434267329266,0.11045269019487389,3.294614448773038,-0.19287803779727186,0.6436904208054219,,False,0.0,0.5939620081411127,0.9999999999999998
seller,483ca627d131e18f988349b1655c0acd,1,0.0,0.1931591733420114,0.0,0.0,0.0,19.097614626784168,-0.1931591733420114,1.0,,False,0.0,0.5943012211668928,0.9999999999999998
seller,24c1de8d9551c0b4fbc53317d53efda8,1,0.0,0.19471893252321734,0.0,0.0,0.0,18.94463679680501,-0.19471893252321734,1.0,,False,0.0,0.594640434192673,0.9999999999999998
seller,86bf77bdb52e615674772d5817c6212f,4,0.0,0.19493133958306072,0.0,0.0,0.0,18.923993761106303,-0.19493133958306072,1.0,,False,0.0,0.5949796472184532,0.9999999999999998
seller,89d9a386b0b6e5fc8403071b03f7206a,2,0.0,0.19651281565628365,0.0,0.0,0.0,18.77169914742902,-0.19651281565628365,1.0,,False,0.0,0.5953188602442334,0.9999999999999998
seller,a70e9066dbfd10b6b97a3f54a1356762,2,0.0,0.19668572613374563,0.0,0.0,0.0,18.755196559640073,-0.19668572613374563,1.0,,False,0.0,0.5956580732700135,0.9999999999999998
seller,be67f78487e2cecb0d55bc769709e4f5,1,0.0,0.19747481796862829,0.0,0.0,0.0,18.68025245983499,-0.19747481796862829,1.0,,False,0.0,0.5959972862957937,0.9999999999999998
seller,6e13dd869aa7185f601c941423abcc8f,4,0.0,0.19748867858202562,0.0,0.0,0.0,18.678941398566216,-0.19748867858202562,1.0,,False,0.0,0.596336499321574,0.9999999999999998
seller,3dc69bf2c42f0568a5c4791ec3fd3745,1,0.0,0.19751580320025602,0.0,0.0,0.0,18.676376241013376,-0.19751580320025602,1.0,,False,0.0,0.5966757123473542,0.9999999999999998
seller,b44dbfbf62e52125f3c15d230569ea91,4,0.0,0.197859170574874,0.0,0.0,0.0,18.643965015096366,-0.197859170574874,1.0,,False,0.0,0.5970149253731343,0.9999999999999998
seller,2d8cfba3fcd3170555941605edaa196a,1,0.0,0.1980551005440625,0.0,0.0,0.0,18.625521099837812,-0.1980551005440625,1.0,,False,0.0,0.5973541383989145,0.9999999999999998
seller,7adbd3210a7b3cc2235e225eef33574d,2,0.0,0.19813770119000854,0.0,0.0,0.0,18.617756398497843,-0.19813770119000854,1.0,,False,0.0,0.5976933514246947,0.9999999999999998
seller,8060d731897e33b5c5ae575ce1e209e1,4,0.0,0.1987181109066276,0.0,0.0,0.0,18.563378231022146,-0.1987181109066276,1.0,,False,0.0,0.5980325644504749,0.9999999999999998
seller,74bafed391319577bce6f4d2acc0589a,3,0.0,0.1994673620699804,0.0,0.0,0.0,18.493649366154163,-0.1994673620699804,1.0,,False,0.0,0.5983717774762551,0.9999999999999998
seller,d9cd369bffa979d1634f8e1318bf2f1b,3,0.0,0.19967058097819387,0.0,0.0,0.0,18.474827067873356,-0.19967058097819387,1.0,,False,0.0,0.5987109905020352,0.9999999999999998
seller,90b36c5aeb728d5504a39f435bef0c5f,4,0.0,0.20000217425890948,0.0,0.0,0.0,18.44419675827403,-0.20000217425890948,1.0,,False,0.0,0.5990502035278155,0.9999999999999998
seller,9261d76c62caaf0b24677c2ceb7f8f20,4,0.0,0.20010782714329448,0.0,0.0,0.0,18.434458595526998,-0.20010782714329448,1.0,,False,0.0,0.5993894165535957,0.9999999999999998
seller,d8cf3b6a2151949f930d0252b180ec42,5,0.0,0.20011890433033994,0.0,0.0,0.0,18.433438192449,-0.20011890433033994,1.0,,False,0.0,0.5997286295793759,0.9999999999999998
seller,0aa2205ca24f113f4658a5c536667426,4,0.0,0.2002373734130609,0.0,0.0,0.0,18.422532173872995,-0.2002373734130609,1.0,,False,0.0,0.600067842605156,0.9999999999999998
seller,28c7d8743fbc8679f484868cc0fcaefb,3,0.0,0.20074974967045506,0.0,0.0,0.0,18.3755120998631,-0.20074974967045506,1.0,,False,0.0,0.6004070556309362,0.9999999999999998
seller,2fb25ab44bdbeae6a4d816e0d0c9d500,5,0.0,0.20081647083985332,0.0,0.0,0.0,18.369406845396338,-0.20081647083985332,1.0,,False,0.0,0.6007462686567164,0.9999999999999998
seller,c26ba52cf8d2f34915f2f6b7ffa0a3f3,3,0.0,0.2009764333914046,0.0,0.0,0.0,18.354786140172898,-0.2009764333914046,1.0,,False,0.0,0.6010854816824966,0.9999999999999998
seller,a513150f33f99a06569e9cd5c4bb889b,2,0.0,0.20161551361911006,0.0,0.0,0.0,18.29660519618013,-0.20161551361911006,1.0,,False,0.0,0.6014246947082768,0.9999999999999998
seller,6b536a23086fba0d58c08d68814397f6,17,1.0,1.2023183979215775,0.058823529411764705,0.8317264392931847,0.02105749028548198,4.634083118557015,-0.20231839792157746,0.6995032672931056,,False,0.0,0.601763907734057,0.9999999999999998
seller,244c2f1bff6afe1f2eaf9bfe9b2aed38,23,2.0,2.202656800943512,0.08695652173913043,0.9079943816682182,0.10996233205291638,3.2799879058005095,-0.20265680094351213,0.6460770642999554,,False,0.0,0.6021031207598372,0.9999999999999998
seller,84deb808079d1be601c209c1e771b1cc,2,0.0,0.20349471317708415,0.0,0.0,0.0,18.1276427113063,-0.20349471317708415,1.0,,False,0.0,0.6024423337856174,0.9999999999999998
seller,ed859002ad59dbf8cf3602696a6c3000,6,0.0,0.2037002479259063,0.0,0.0,0.0,18.109351813139295,-0.2037002479259063,1.0,,False,0.0,0.6027815468113975,0.9999999999999998
seller,41e0fa5761c886a630994a55c12087e7,4,0.0,0.20385884250465353,0.0,0.0,0.0,18.09526341262204,-0.20385884250465353,1.0,,False,0.0,0.6031207598371777,0.9999999999999998
seller,376d67b61dce0c990155286e7ae486a4,1,0.0,0.20388961893962423,0.0,0.0,0.0,18.09253199500209,-0.20388961893962423,1.0,,False,0.0,0.6034599728629579,0.9999999999999998
seller,0791d9fc1e30678ecf03d3e55fa108d3,5,0.0,0.20502906361073298,0.0,0.0,0.0,17.99198313229202,-0.20502906361073298,1.0,,False,0.0,0.6037991858887382,0.9999999999999998
seller,2528744c5ef5d955adc318720a94d2e7,5,0.0,0.20542101621351944,0.0,0.0,0.0,17.957653613589503,-0.20542101621351944,1.0,,False,0.0,0.6041383989145184,0.9999999999999998
seller,499ec63c58e51296c9cf57edcfe1c8a8,5,0.0,0.20545586023037815,0.0,0.0,0.0,17.95460810890274,-0.20545586023037815,1.0,,False,0.0,0.6044776119402985,0.9999999999999998
seller,76833248bbc0e65a0293ec62023e4396,2,0.0,0.20556467896544214,0.0,0.0,0.0,17.945103568760857,-0.20556467896544214,1.0,,False,0.0,0.6048168249660787,0.9999999999999998
seller,eb72802c83dc7547529c9546d1a9b8ef,6,0.0,0.2059393671008219,0.0,0.0,0.0,17.91245406861898,-0.2059393671008219,1.0,,False,0.0,0.6051560379918589,0.9999999999999998
seller,c79151301b9d90985d1fa52879213105,3,0.0,0.20627348462828649,0.0,0.0,0.0,17.88343984570509,-0.20627348462828649,1.0,,False,0.0,0.6054952510176391,0.9999999999999998
seller,1e8c6a4c538f286aee9573239740a4b4,4,0.0,0.2062753560140936,0.0,0.0,0.0,17.883277602303085,-0.2062753560140936,1.0,,False,0.0,0.6058344640434192,0.9999999999999998
seller,6aa3928696eab49a19a466e665a649fd,17,1.0,1.206947954477587,0.058823529411764705,0.8285361405105808,0.0209767189134915,4.616307911429799,-0.20694795447758696,0.7008912186334826,,False,0.0,0.6061736770691994,0.9999999999999998
seller,c04d70d515d15a7e3db3a73320598566,3,0.0,0.20712311781587972,0.0,0.0,0.0,17.810080752999927,-0.20712311781587972,1.0,,False,0.0,0.6065128900949797,0.9999999999999998
seller,ede2977fbaf3738583170735ca403f6c,1,0.0,0.20795461604814647,0.0,0.0,0.0,17.73886785595503,-0.20795461604814647,1.0,,False,0.0,0.6068521031207599,0.9999999999999998
seller,6fa9202c10491e472dffd59a3e82b2a3,3,0.0,0.20807255922625933,0.0,0.0,0.0,17.72881281333511,-0.20807255922625933,1.0,,False,0.0,0.60719131614654,0.9999999999999998
seller,4391ea5c5990502176a1dcda44a2373d,3,0.0,0.20809576167525548,0.0,0.0,0.0,17.72683607016768,-0.20809576167525548,1.0,,False,0.0,0.6075305291723202,0.9999999999999998
seller,d9cb0052a666de5308b32f32ad5f1b1c,2,0.0,0.20810838602528303,0.0,0.0,0.0,17.725760718098954,-0.20810838602528303,1.0,,False,0.0,0.6078697421981004,0.9999999999999998
seller,d594982fd877af63ace38ea1fca27c76,6,0.0,0.2083777706363642,0.0,0.0,0.0,17.702845379564618,-0.2083777706363642,1.0,,False,0.0,0.6082089552238806,0.9999999999999998
seller,e5899683388855d3dabe8913bbe365de,3,0.0,0.2091626739361268,0.0,0.0,0.0,17.63641372858156,-0.2091626739361268,1.0,,False,0.0,0.6085481682496607,0.9999999999999998
seller,85044848b1b767db2a4a58526adef4b4,4,0.0,0.20947928046502662,0.0,0.0,0.0,17.609758091229494,-0.20947928046502662,1.0,,False,0.0,0.608887381275441,0.9999999999999998
seller,c13fb473e7cb8b83ccd543c094df0608,2,0.0,0.2096355343636802,0.0,0.0,0.0,17.59663248557083,-0.2096355343636802,1.0,,False,0.0,0.6092265943012212,0.9999999999999998
seller,de09d00cfc265b8804c7df34075a68fa,3,0.0,0.2097574175597152,0.0,0.0,0.0,17.58640765618579,-0.2097574175597152,1.0,,False,0.0,0.6095658073270014,0.9999999999999998
seller,bbe87dce25ba8b38bb61cc7210a3f10b,2,0.0,0.21057553288569153,0.0,0.0,0.0,17.518082008684267,-0.21057553288569153,1.0,,False,0.0,0.6099050203527816,0.9999999999999998
seller,0ade5cc4a305ed7093a23f68ca47519c,2,0.0,0.2109171712965264,0.0,0.0,0.0,17.489706653270897,-0.2109171712965264,1.0,,False,0.0,0.6102442333785617,0.9999999999999998
seller,adbe70ab2c97442046d393988c8d1d27,5,0.0,0.21136310384325327,0.0,0.0,0.0,17.45280698020789,-0.21136310384325327,1.0,,False,0.0,0.6105834464043419,0.9999999999999998
seller,89ad3263c0931c47f976d7c5778e60f6,5,0.0,0.21143726030899726,0.0,0.0,0.0,17.446685833532637,-0.21143726030899726,1.0,,False,0.0,0.6109226594301221,0.9999999999999998
seller,0ec28cec4046a4a199b6de9b4c891d97,3,0.0,0.21152110003155464,0.0,0.0,0.0,17.43977056456131,-0.21152110003155464,1.0,,False,0.0,0.6112618724559024,0.9999999999999998
seller,21d59342ba150175ca2aa4f8faddeca6,2,0.0,0.21162480612042828,0.0,0.0,0.0,17.43122425834485,-0.21162480612042828,1.0,,False,0.0,0.6116010854816825,0.9999999999999998
seller,07d75e33f2750d97d467fb57e4dfdd8a,2,0.0,0.21174659644817923,0.0,0.0,0.0,17.421198337970527,-0.21174659644817923,1.0,,False,0.0,0.6119402985074627,0.9999999999999998
seller,5dc203c7b84a0e71e878a179de05fb9a,5,0.0,0.2117538735054829,0.0,0.0,0.0,17.420599647346805,-0.2117538735054829,1.0,,False,0.0,0.6122795115332429,0.9999999999999998
seller,ac51cac5e20d69ff485a54746488ef48,3,0.0,0.21255745303984708,0.0,0.0,0.0,17.354740571822713,-0.21255745303984708,1.0,,False,0.0,0.6126187245590231,0.9999999999999998
seller,d50d79cb34e38265a8649c383dcffd48,69,5.0,5.213443468787803,0.07246376811594203,0.9590590230687911,0.3114038542544902,2.2381238329674873,-0.21344346878780307,0.5961278304055849,,False,0.0,0.6129579375848032,0.9999999999999998
seller,128f9bfbe4c7d5185033914b1de3d39a,13,1.0,1.213511682175499,0.07692307692307693,0.8240546957135755,0.020863258554628727,4.5913388991447075,-0.21351168217549898,0.7028480581201972,,False,0.0,0.6132971506105834,0.9999999999999998
seller,a3082f442524a1be452e3189e003b361,3,0.0,0.21380506490920387,0.0,0.0,0.0,17.25347084588704,-0.21380506490920387,1.0,,False,0.0,0.6136363636363636,0.9999999999999998
seller,0f94588695d71662beec8d883ffacf09,1,0.0,0.2138370129346576,0.0,0.0,0.0,17.250893114753477,-0.2138370129346576,1.0,,False,0.0,0.6139755766621439,0.9999999999999998
seller,32f83ffe11cd40f7adcf4eef171f52d9,1,0.0,0.21423662916232952,0.0,0.0,0.0,17.2187149720267,-0.21423662916232952,1.0,,False,0.0,0.614314789687924,0.9999999999999998
seller,d58d521f3789def2e7a22715e0badd93,2,0.0,0.21428435098167586,0.0,0.0,0.0,17.214880308405643,-0.21428435098167586,1.0,,False,0.0,0.6146540027137042,0.9999999999999998
seller,68ca56ce86830f3d31b1b7ec6a54da3e,4,0.0,0.21486005436938424,0.0,0.0,0.0,17.16875416857183,-0.21486005436938424,1.0,,False,0.0,0.6149932157394844,0.9999999999999998
seller,6ba4733aa33f6386e9fb0c0fd3993b38,3,0.0,0.21537623429193808,0.0,0.0,0.0,17.127606795807075,-0.21537623429193808,1.0,,False,0.0,0.6153324287652646,0.9999999999999998
seller,cb5ff1b9715e99589f3e0c7a6afab9e3,4,0.0,0.21564954628482125,0.0,0.0,0.0,17.105899445027404,-0.21564954628482125,1.0,,False,0.0,0.6156716417910447,0.9999999999999998
seller,3340ef1913fb70d28420f6ceb685c339,32,3.0,3.216029893945028,0.09375,0.9328271499118346,0.19237138437686935,2.726116783382171,-0.21602989394502803,0.6234316747543198,,False,0.0,0.6160108548168249,0.9999999999999998
seller,5d505d2298ad549e4e4e835562fa0c1e,2,0.0,0.2168163088694796,0.0,0.0,0.0,17.013846759722256,-0.2168163088694796,1.0,,False,0.0,0.6163500678426052,0.9999999999999998
seller,cb4a705d00e100b9732d0ca34817d441,1,0.0,0.21686789943742932,0.0,0.0,0.0,17.00979934643693,-0.21686789943742932,1.0,,False,0.0,0.6166892808683854,0.9999999999999998
seller,6e1862e15f33d9994bc25922a85e1efc,7,0.0,0.21721666510855872,0.0,0.0,0.0,16.982488209504268,-0.21721666510855872,1.0,,False,0.0,0.6170284938941656,0.9999999999999998
seller,fedf2c1386e137f296b3bbf3b635e69d,2,0.0,0.217224351807677,0.0,0.0,0.0,16.9818872673168,-0.217224351807677,1.0,,False,0.0,0.6173677069199457,0.9999999999999998
seller,e5475dcab1e07b63d7f6e902d8f5eda8,19,1.0,1.2172385070817038,0.05263157894736842,0.8215316835461218,0.020799381417031106,4.577281575076656,-0.21723850708170378,0.7039534303343762,,False,0.0,0.6177069199457259,0.9999999999999998
seller,8dfbc5ff27df12f6cef751d3b9554222,3,0.0,0.21781980972750015,0.0,0.0,0.0,16.93546357757289,-0.21781980972750015,1.0,,False,0.0,0.6180461329715061,0.9999999999999998
seller,1f7fd2a6fcd5a6fa5d8a4dabc72aaae0,3,0.0,0.2179382524208906,0.0,0.0,0.0,16.926259677396292,-0.2179382524208906,1.0,,False,0.0,0.6183853459972863,0.9999999999999998
seller,95ec4458365c4d11f452ccf538377619,23,1.0,1.2184070422292068,0.043478260869565216,0.820743778836334,0.020779433396878783,4.572891651007677,-0.21840704222920682,0.7042991691130295,,False,0.0,0.6187245590230664,0.9999999999999998
seller,d06d019f72a04e5497a0b64190af170c,17,1.0,1.2185296113520525,0.058823529411764705,0.8206612220858736,0.020777343240922817,4.572431674234597,-0.2185296113520525,0.7043354106834012,,False,0.0,0.6190637720488467,0.9999999999999998
seller,66922902710d126a0e7d26b0e3805106,149,11.0,11.21932621376028,0.0738255033557047,0.9804510351529595,0.48943762420438747,1.7542977303897562,-0.2193262137602794,0.5660178231243358,1.0,False,0.0,0.6194029850746269,0.9999999999999998
seller,184725737946a1a938bbbd1a9e978103,3,0.0,0.21969168024627145,0.0,0.0,0.0,16.791165919340916,-0.21969168024627145,1.0,,False,0.0,0.6197421981004071,0.9999999999999998
seller,49cdc90518a4f82676b38b3c1aa43ff6,5,0.0,0.2201099656119062,0.0,0.0,0.0,16.759256873530656,-0.2201099656119062,1.0,,False,0.0,0.6200814111261872,0.9999999999999998
seller,81ed90f07c0bacb7594940ba2ef676aa,2,0.0,0.22078208553526862,0.0,0.0,0.0,16.70823719764464,-0.22078208553526862,1.0,,False,0.0,0.6204206241519674,0.9999999999999998
seller,b494891378bd8f4560abe576c52deacd,18,1.0,1.2214638580728672,0.05555555555555555,0.8186897986304106,0.02072743112042168,4.561447605768224,-0.22146385807286717,0.7052016919720072,,False,0.0,0.6207598371777476,0.9999999999999998
seller,4a82c4af97ffc0fb2dc26bfdc03b1842,3,0.0,0.221546353036844,0.0,0.0,0.0,16.650598863617766,-0.221546353036844,1.0,,False,0.0,0.6210990502035278,0.9999999999999998
seller,ea3ebea5317b0efbc663ecc8ce5e9bc2,3,0.0,0.2215628020778469,0.0,0.0,0.0,16.649362706731946,-0.2215628020778469,1.0,,False,0.0,0.621438263229308,0.9999999999999998
seller,14f2b3587172b9db894c9bad8dab520b,2,0.0,0.22181964347835179,0.0,0.0,0.0,16.63008467721186,-0.22181964347835179,1.0,,False,0.0,0.6217774762550882,0.9999999999999998
seller,42fb44130ac3134cde8e35cf8ec7df25,2,0.0,0.22184164932716252,0.0,0.0,0.0,16.628435035991526,-0.22184164932716252,1.0,,False,0.0,0.6221166892808684,0.9999999999999998
seller,a0a14e50070f3225b3eabba5b85da517,4,0.0,0.2226114641752392,0.0,0.0,0.0,16.570932084656963,-0.2226114641752392,1.0,,False,0.0,0.6224559023066486,0.9999999999999998
seller,e88f7a2995ba184710d339c5c4bf2e30,2,0.0,0.22275847576423127,0.0,0.0,0.0,16.559995939361087,-0.22275847576423127,1.0,,False,0.0,0.6227951153324288,0.9999999999999998
seller,00d8b143d12632bad99c0ad66ad52825,1,0.0,0.22345173936753646,0.0,0.0,0.0,16.50861821239358,-0.22345173936753646,1.0,,False,0.0,0.6231343283582089,0.9999999999999998
seller,e51f22821f0c12a16ad5c020cdcd55e9,4,0.0,0.22346670232562804,0.0,0.0,0.0,16.50751282282148,-0.22346670232562804,1.0,,False,0.0,0.6234735413839891,0.9999999999999998
seller,08f5819815f3d06545011850bd70f0a8,3,0.0,0.22379073716483444,0.0,0.0,0.0,16.48361098787064,-0.22379073716483444,1.0,,False,0.0,0.6238127544097694,0.9999999999999998
seller,10089e9f2fd0c668a8fd4e52e1698888,3,0.0,0.22406394657096723,0.0,0.0,0.0,16.463511915093246,-0.22406394657096723,1.0,,False,0.0,0.6241519674355496,0.9999999999999998
seller,934ed5cd1b9c1c7382d0a94a94b9e639,1,0.0,0.22420415028386023,0.0,0.0,0.0,16.453216630662375,-0.22420415028386023,1.0,,False,0.0,0.6244911804613297,0.9999999999999998
seller,1d503743d2526f03f0c2c89540ee008c,12,1.0,1.2254102875607413,0.08333333333333333,0.8160532110355992,0.020660678501962487,4.546757479920962,-0.22541028756074133,0.7063628000851822,,False,0.0,0.6248303934871099,0.9999999999999998
seller,53088c75f948b48a7ece173ac17f0c12,3,0.0,0.22564210824007436,0.0,0.0,0.0,16.34836459775102,-0.22564210824007436,1.0,,False,0.0,0.6251696065128901,0.9999999999999998
seller,21c62b998a043ebe31161d38f84929fc,4,0.0,0.2258065720943347,0.0,0.0,0.0,16.3364574374427,-0.2258065720943347,1.0,,False,0.0,0.6255088195386703,0.9999999999999998
seller,7b3447b497e55af8c15fc7bd89d7b81a,1,0.0,0.2259452417432263,0.0,0.0,0.0,16.326431243487452,-0.2259452417432263,1.0,,False,0.0,0.6258480325644504,0.9999999999999998
seller,4c1c7281388a33dd06daac44f9fadbd1,5,0.0,0.22603075568232073,0.0,0.0,0.0,16.320254484741632,-0.22603075568232073,1.0,,False,0.0,0.6261872455902306,0.9999999999999998
seller,29e6e05b65f93bc224c644319dc52ecf,4,0.0,0.22621878039391027,0.0,0.0,0.0,16.306689690796507,-0.22621878039391027,1.0,,False,0.0,0.6265264586160109,0.9999999999999998
seller,a4bd6e9adf39b63f43dc545d3ca1f53d,4,0.0,0.22659646721675786,0.0,0.0,0.0,16.279510000415073,-0.22659646721675786,1.0,,False,0.0,0.6268656716417911,0.9999999999999998
seller,aded58c8142dedc5494a81f948431fab,4,0.0,0.22881157823745668,0.0,0.0,0.0,16.12190905079847,-0.22881157823745668,1.0,,False,0.0,0.6272048846675712,0.9999999999999998
seller,941554c5757b73ba0e50aa7732310afc,3,0.0,0.22892917378600502,0.0,0.0,0.0,16.11362760415224,-0.22892917378600502,1.0,,False,0.0,0.6275440976933514,0.9999999999999998
seller,120476eb7a04c149d14772edaf5d9bf2,4,0.0,0.22948556120135588,0.0,0.0,0.0,16.074560137041598,-0.22948556120135588,1.0,,False,0.0,0.6278833107191316,0.9999999999999998
seller,a6bd7d1ccdac48c6b33b28596b7eb122,14,2.0,2.2295476285597084,0.14285714285714285,0.8970429581233048,0.10863606385499493,3.2404275984860305,-0.22954762855970845,0.6525746837046538,,False,0.0,0.6282225237449118,0.9999999999999998
seller,9140bd1d9de28b197dce077bdd687438,5,0.0,0.23005469387476563,0.0,0.0,0.0,16.034793257128857,-0.23005469387476563,1.0,,False,0.0,0.628561736770692,0.9999999999999998
seller,729b2d09b2a0bdab221076327f13d050,48,4.0,4.230271194922072,0.08333333333333333,0.9455658551634976,0.25763487100651516,2.4210241385227214,-0.23027119492207238,0.6101774940488353,,False,0.0,0.6289009497964722,0.9999999999999998
seller,45c20d94d9171b0bcfab3c955e47d67b,4,0.0,0.23064292411765253,0.0,0.0,0.0,15.993898222657863,-0.23064292411765253,1.0,,False,0.0,0.6292401628222524,0.9999999999999998
seller,4a82168aaef173cbb6e46ae88728f919,4,0.0,0.23156611562192309,0.0,0.0,0.0,15.930134874036371,-0.23156611562192309,1.0,,False,0.0,0.6295793758480326,0.9999999999999998
seller,f1c1ac3f3efc07e659c035008e615e66,3,0.0,0.23200213176057824,0.0,0.0,0.0,15.900196373716033,-0.23200213176057824,1.0,,False,0.0,0.6299185888738128,0.9999999999999998
seller,0b64bcdb0784abc139af04077d49a20e,4,0.0,0.2327231579767137,0.0,0.0,0.0,15.850934157927872,-0.2327231579767137,1.0,,False,0.0,0.6302578018995929,0.9999999999999998
seller,6187a137b2af59dfdbad8d9f8c373c14,2,0.0,0.23306283670638914,0.0,0.0,0.0,15.82783212563897,-0.23306283670638914,1.0,,False,0.0,0.6305970149253731,0.9999999999999998
seller,5ab05b6d86d417796c69ffd6774ec832,10,1.0,1.233748393145517,0.1,0.810538036406628,0.020521046369706367,4.516028893649581,-0.2337483931455171,0.708800998955784,,False,0.0,0.6309362279511533,0.9999999999999998
seller,6879c4d287a8dd06b11f54ea8f78e4da,4,0.0,0.23413790733551532,0.0,0.0,0.0,15.755156847916297,-0.23413790733551532,1.0,,False,0.0,0.6312754409769336,0.9999999999999998
seller,bb2afe2061d53c6968aa0cffa233a8ec,5,0.0,0.2349593537487071,0.0,0.0,0.0,15.700074907676383,-0.2349593537487071,1.0,,False,0.0,0.6316146540027137,0.9999999999999998
seller,534a01cc6df1e034e05c32028a291fa2,5,0.0,0.23519742921402592,0.0,0.0,0.0,15.684182715947603,-0.23519742921402592,1.0,,False,0.0,0.6319538670284939,0.9999999999999998
seller,a53f60f05f822b5c621a50ff6a5cb362,4,0.0,0.23522255724991856,0.0,0.0,0.0,15.682507227376947,-0.23522255724991856,1.0,,False,0.0,0.6322930800542741,0.9999999999999998
seller,1d139e3a3b14025640d8df1b230aace0,2,0.0,0.23560338077471682,0.0,0.0,0.0,15.657158407422132,-0.23560338077471682,1.0,,False,0.0,0.6326322930800543,0.9999999999999998
seller,43f8c9950d11ecd03a0304a49e010da6,41,3.0,3.2364850158762883,0.07317073170731707,0.926931527655394,0.1911555653311418,2.708887273302749,-0.23648501587628834,0.6276585939749353,,False,0.0,0.6329715061058344,0.9999999999999998
seller,28fb0829fd777877cdc350d25cb5bd5b,2,0.0,0.23660511648951,0.0,0.0,0.0,15.590869330492621,-0.23660511648951,1.0,,False,0.0,0.6333107191316146,0.9999999999999998
seller,35ef5aa32949680f627efec3c23e705c,3,0.0,0.23681392752725386,0.0,0.0,0.0,15.577122057947367,-0.23681392752725386,1.0,,False,0.0,0.6336499321573948,0.9999999999999998
seller,2d22fc3089eb907b29ebff50581fb472,3,0.0,0.23735062764904602,0.0,0.0,0.0,15.541898880370464,-0.23735062764904602,1.0,,False,0.0,0.6339891451831751,0.9999999999999998
seller,db1f0f7c7e5e87f40b62226f020bb297,3,0.0,0.23743172631628245,0.0,0.0,0.0,15.53659029206562,-0.23743172631628245,1.0,,False,0.0,0.6343283582089553,0.9999999999999998
seller,44717f64ec2a457979cf83c429077666,2,0.0,0.23819424598094988,0.0,0.0,0.0,15.486853760560454,-0.23819424598094988,1.0,,False,0.0,0.6346675712347354,0.9999999999999998
seller,1b65c144b17e607c0f37f10bb7dfec8d,3,0.0,0.23856951352705724,0.0,0.0,0.0,15.462493088814396,-0.23856951352705724,1.0,,False,0.0,0.6350067842605156,0.9999999999999998
seller,98115075dd26cb8835946fc6086f5d30,4,0.0,0.2392230604726634,0.0,0.0,0.0,15.42025023350737,-0.2392230604726634,1.0,,False,0.0,0.6353459972862958,0.9999999999999998
seller,48b6c3f4c6a93171da04b75313f2130f,2,0.0,0.24003706793722168,0.0,0.0,0.0,15.367957481794894,-0.24003706793722168,1.0,,False,0.0,0.635685210312076,0.9999999999999998
seller,a35ef466c6fd6d052f5d241240d3c5e2,3,0.0,0.24034268902571537,0.0,0.0,0.0,15.348415502329864,-0.24034268902571537,1.0,,False,0.0,0.6360244233378561,0.9999999999999998
seller,fadb07c842a2aef5d5a676b85f220e71,6,0.0,0.24099579622008827,0.0,0.0,0.0,15.306820749458566,-0.24099579622008827,1.0,,False,0.0,0.6363636363636364,0.9999999999999998
seller,af4a0e4cfe1d9c26b6712b1be25a72e5,20,2.0,2.241291667744144,0.1,0.8923425847618469,0.10806682683461194,3.223448233756919,-0.2412916677441439,0.6553823558947915,,False,0.0,0.6367028493894166,0.9999999999999998
seller,74871d19219c7d518d0090283e03c137,5,0.0,0.24179085959504618,0.0,0.0,0.0,15.256488439191244,-0.24179085959504618,1.0,,False,0.0,0.6370420624151968,0.9999999999999998
seller,3a4127e1ba7208ea37044c5092aae170,5,0.0,0.24196275773583234,0.0,0.0,0.0,15.245649738135912,-0.24196275773583234,1.0,,False,0.0,0.6373812754409769,0.9999999999999998
seller,edc518ba25576a0188a0e8f2c3af186f,6,0.0,0.24245998570041444,0.0,0.0,0.0,15.2143845239352,-0.24245998570041444,1.0,,False,0.0,0.6377204884667571,0.9999999999999998
seller,079d295dcbf06ee8bb1b65ba964eb2b6,5,0.0,0.24327344299084547,0.0,0.0,0.0,15.163510692997223,-0.24327344299084547,1.0,,False,0.0,0.6380597014925373,0.9999999999999998
seller,7d456afc660226829370f3173d14520c,52,3.0,3.2439408458617316,0.057692307692307696,0.9248010807062266,0.19071621595222252,2.7026612032480988,-0.2439408458617316,0.6291911150725271,,False,0.0,0.6383989145183175,0.9999999999999998
seller,556a6409838156ea299c9d1f9e2dde43,4,0.0,0.24625486704933938,0.0,0.0,0.0,14.979925060221593,-0.24625486704933938,1.0,,False,0.0,0.6387381275440976,0.9999999999999998
seller,33ab10be054370c254ddfcf0a6253422,4,0.0,0.2462697452640297,0.0,0.0,0.0,14.979020058509539,-0.2462697452640297,1.0,,False,0.0,0.6390773405698779,0.9999999999999998
seller,458d868c9642f55f18f04e951a3fdde6,2,0.0,0.24644042191162918,0.0,0.0,0.0,14.96864607477716,-0.24644042191162918,1.0,,False,0.0,0.6394165535956581,0.9999999999999998
seller,97e4a63591ca439a2b8b7efd20e6e19e,5,0.0,0.246478085063919,0.0,0.0,0.0,14.966358786653592,-0.246478085063919,1.0,,False,0.0,0.6397557666214383,0.9999999999999998
seller,9b1585752613ec342d03bbab9997ec48,3,0.0,0.24676797688881502,0.0,0.0,0.0,14.94877698728314,-0.24676797688881502,1.0,,False,0.0,0.6400949796472184,0.9999999999999998
seller,bff9deb0ec77d437f3305a79cf25529e,5,0.0,0.24684319928426257,0.0,0.0,0.0,14.944221533386676,-0.24684319928426257,1.0,,False,0.0,0.6404341926729986,0.9999999999999998
seller,aa1eb17b9fdf6dfd546e25c45c7b9235,3,0.0,0.2470487999165689,0.0,0.0,0.0,14.931784551714927,-0.2470487999165689,1.0,,False,0.0,0.6407734056987788,0.9999999999999998
seller,b29d3380981c51df13fc6fbe87e1763d,6,0.0,0.24759151792560163,0.0,0.0,0.0,14.899054236673813,-0.24759151792560163,1.0,,False,0.0,0.641112618724559,0.9999999999999998
seller,1354d51653f645349064725ed204e85e,17,1.0,1.248362605714831,0.058823529411764705,0.8010493068457343,0.020280812536668802,4.463161076303221,-0.24836260571483093,0.7130256975447662,,False,0.0,0.6414518317503393,0.9999999999999998
seller,cb32766839f443db85c82a43c4a6c19e,2,0.0,0.2484332573339862,0.0,0.0,0.0,14.848573390295796,-0.2484332573339862,1.0,,False,0.0,0.6417910447761194,0.9999999999999998
seller,e73bf2cea7fe4b0b4d287a7568ed1099,3,0.0,0.2488824929161494,0.0,0.0,0.0,14.821771555288745,-0.2488824929161494,1.0,,False,0.0,0.6421302578018996,0.9999999999999998
seller,dfc475d54e1b6dbeeb7d7d9bdaa63827,17,1.0,1.249892498611531,0.058823529411764705,0.800068806806082,0.020255988424936297,4.457698079737477,-0.24989249861153096,0.7134644018207819,,False,0.0,0.6424694708276798,0.9999999999999998
seller,0d4c8269e7f0401201794deef160edd6,3,0.0,0.25093848134324914,0.0,0.0,0.0,14.700333860186467,-0.25093848134324914,1.0,,False,0.0,0.64280868385346,0.9999999999999998
seller,1cd9e0cc1839d55516843def5600816d,5,0.0,0.2509657495511094,0.0,0.0,0.0,14.698736623272538,-0.2509657495511094,1.0,,False,0.0,0.6431478968792401,0.9999999999999998
seller,cbbd5ae8f53de5f5097cd8217b529e24,1,0.0,0.2513807895689973,0.0,0.0,0.0,14.674468404839809,-0.2513807895689973,1.0,,False,0.0,0.6434871099050203,0.9999999999999998
seller,73b8eb4a9a729d4019b24ed1be748cbf,6,0.0,0.2517050721196271,0.0,0.0,0.0,14.655562651358622,-0.2517050721196271,1.0,,False,0.0,0.6438263229308006,0.9999999999999998
seller,c3251e13f1bbda6c74e37c160f991e19,2,0.0,0.2518837409516698,0.0,0.0,0.0,14.64516701306949,-0.2518837409516698,1.0,,False,0.0,0.6441655359565808,0.9999999999999998
seller,a7b7354cc588f7566a848bcbb1ce3d96,2,0.0,0.2526506105515125,0.0,0.0,0.0,14.600714583912774,-0.2526506105515125,1.0,,False,0.0,0.6445047489823609,0.9999999999999998
seller,20a7efa9721046319bdde5d60b6b5365,3,0.0,0.252905493354052,0.0,0.0,0.0,14.58599971551323,-0.252905493354052,1.0,,False,0.0,0.6448439620081411,0.9999999999999998
seller,c747d5b92c7648417faea95d36d763e8,1,0.0,0.25314994860037454,0.0,0.0,0.0,14.571914687358849,-0.25314994860037454,1.0,,False,0.0,0.6451831750339213,0.9999999999999998
seller,8b87cd0d43d49b9bdf40f56229364d59,2,0.0,0.2545641257443663,0.0,0.0,0.0,14.490963498204431,-0.2545641257443663,1.0,,False,0.0,0.6455223880597015,0.9999999999999998
seller,1bc2e21de46adfea6b98cc96b00f3b40,3,0.0,0.255600050437698,0.0,0.0,0.0,14.432232888049027,-0.255600050437698,1.0,,False,0.0,0.6458616010854816,0.9999999999999998
seller,515d781150feed28a6ac091bb0e3cb8c,5,0.0,0.2556785216142975,0.0,0.0,0.0,14.427803441693767,-0.2556785216142975,1.0,,False,0.0,0.6462008141112618,0.9999999999999998
seller,dc64d75cc406bb0697be983831430e60,4,0.0,0.25620300222894643,0.0,0.0,0.0,14.398267865797697,-0.25620300222894643,1.0,,False,0.0,0.6465400271370421,0.9999999999999998
seller,353e21e8bf8de2722b4fae1636664b76,3,0.0,0.2562480909658964,0.0,0.0,0.0,14.395734384631501,-0.2562480909658964,1.0,,False,0.0,0.6468792401628223,0.9999999999999998
seller,c3aad7dc65449ae90a5e9c3c6c1e78e0,6,0.0,0.2568975049325679,0.0,0.0,0.0,14.35934325279732,-0.2568975049325679,1.0,,False,0.0,0.6472184531886025,0.9999999999999998
seller,4e0d109ccfba9a1151c103049880c857,2,0.0,0.2569117304699299,0.0,0.0,0.0,14.358548157246165,-0.2569117304699299,1.0,,False,0.0,0.6475576662143826,0.9999999999999998
seller,979e9f8b5b39dd243a2550c8b05aecf0,3,0.0,0.2574282517146303,0.0,0.0,0.0,14.329738206835232,-0.2574282517146303,1.0,,False,0.0,0.6478968792401628,0.9999999999999998
seller,bb5d956dece964a06c12bceb66b923ae,2,0.0,0.2574777466075121,0.0,0.0,0.0,14.326983604284463,-0.2574777466075121,1.0,,False,0.0,0.648236092265943,0.9999999999999998
seller,c3fe93ba3085f92855c97e57f38c8c05,6,0.0,0.2581500958148473,0.0,0.0,0.0,14.289669126288862,-0.2581500958148473,1.0,,False,0.0,0.6485753052917232,0.9999999999999998
seller,7402d13c03a7e91366337cd1de471144,3,0.0,0.2582558112913234,0.0,0.0,0.0,14.283819735435593,-0.2582558112913234,1.0,,False,0.0,0.6489145183175034,0.9999999999999998
seller,1b8b75e227c9a9c100d0c210fb6176ce,15,1.0,1.2583335903654425,0.06666666666666667,0.7947018244260509,0.020120108195583603,4.4277951678304905,-0.25833359036544246,0.7158728956363092,,False,0.0,0.6492537313432836,0.9999999999999998
seller,8f2b51a30523cdecddc2f179f351c7d6,7,0.0,0.2587947518113367,0.0,0.0,0.0,14.2540736560344,-0.2587947518113367,1.0,,False,0.0,0.6495929443690638,0.9999999999999998
seller,6c17baf138731a4aaacc3210adf2037b,4,0.0,0.25969401301533834,0.0,0.0,0.0,14.204715046303583,-0.25969401301533834,1.0,,False,0.0,0.649932157394844,0.9999999999999998
seller,2dd1fb6f0e42a2243b8a01e40cd41216,3,0.0,0.26042317487062544,0.0,0.0,0.0,14.164943100576663,-0.26042317487062544,1.0,,False,0.0,0.6502713704206241,0.9999999999999998
seller,c4f7fee5b0db50e87766f5a4d1b1b758,5,0.0,0.26081335081560986,0.0,0.0,0.0,14.143752390658499,-0.26081335081560986,1.0,,False,0.0,0.6506105834464043,0.9999999999999998
seller,8ca5b19e0263150d2c57afdde2b3d011,3,0.0,0.2611907005641517,0.0,0.0,0.0,14.123318503094639,-0.2611907005641517,1.0,,False,0.0,0.6509497964721845,0.9999999999999998
seller,8fdca8e349553f99bc738833a62c8802,22,1.0,1.2619042520858017,0.045454545454545456,0.7924531503456779,0.02006317669699747,4.415266357752205,-0.2619042520858017,0.7168856083084156,,False,0.0,0.6512890094979648,0.9999999999999998
seller,918f6fbcf3ab724d805867303e593a1b,2,0.0,0.262224399140939,0.0,0.0,0.0,14.067643843207954,-0.262224399140939,1.0,,False,0.0,0.6516282225237449,0.9999999999999998
seller,954e95f20808d7e5d11f0de292d078e0,3,0.0,0.26236855328462116,0.0,0.0,0.0,14.059914604598921,-0.26236855328462116,1.0,,False,0.0,0.6519674355495251,0.9999999999999998
seller,d2f3e277560ed4c6361284429b00f037,6,0.0,0.26253139513498674,0.0,0.0,0.0,14.051193580932331,-0.26253139513498674,1.0,,False,0.0,0.6523066485753053,0.9999999999999998
seller,c3e1abd72a42fe690fcd89cf5720fe29,10,0.0,0.2629395784650466,0.0,0.0,0.0,14.029380725596278,-0.2629395784650466,1.0,,False,0.0,0.6526458616010855,0.9999999999999998
seller,b8555308bfdb4ca1ed54325a58da9a97,26,2.0,2.262960996119772,0.07692307692307693,0.8837978221583743,0.10703201644185367,3.1925816132544504,-0.2629609961197721,0.6605151413545503,,False,0.0,0.6529850746268657,0.9999999999999998
seller,385799a1cddbd26dfeb9157356a42282,4,0.0,0.26345573448978965,0.0,0.0,0.0,14.001894706364418,-0.26345573448978965,1.0,,False,0.0,0.6533242876526458,0.9999999999999998
seller,3d01d1c414c44b5943a09619ff3853cb,4,0.0,0.2638535813560351,0.0,0.0,0.0,13.980782201839006,-0.2638535813560351,1.0,,False,0.0,0.653663500678426,0.9999999999999998
seller,cac4e0bc1a3269fa2b6ea5e763f6115b,2,0.0,0.264716289732137,0.0,0.0,0.0,13.935218938912541,-0.264716289732137,1.0,,False,0.0,0.6540027137042063,0.9999999999999998
seller,5f06030071324cc52bf0304014ac7234,3,0.0,0.26477550226846835,0.0,0.0,0.0,13.932102564283333,-0.26477550226846835,1.0,,False,0.0,0.6543419267299865,0.9999999999999998
seller,2493dc3f20131696a0ecdb9948051a8d,4,0.0,0.2655164474759038,0.0,0.0,0.0,13.893223900748028,-0.2655164474759038,1.0,,False,0.0,0.6546811397557666,0.9999999999999998
seller,55029529919c0123526150bd26ca8f20,6,0.0,0.26575035363172944,0.0,0.0,0.0,13.880995466993422,-0.26575035363172944,1.0,,False,0.0,0.6550203527815468,0.9999999999999998
seller,b8a0adc91af209270c2c725168eb00fd,5,0.0,0.2661947685766833,0.0,0.0,0.0,13.857821000157154,-0.2661947685766833,1.0,,False,0.0,0.655359565807327,0.9999999999999998
seller,e5c84227854980f1db19a58958c551d9,4,0.0,0.2674252292211625,0.0,0.0,0.0,13.794059239875256,-0.2674252292211625,1.0,,False,0.0,0.6556987788331072,0.9999999999999998
seller,29fe9f200d3fa0c668d2aa1ec7e08dfb,5,0.0,0.2696773187297482,0.0,0.0,0.0,13.67886432381313,-0.2696773187297482,1.0,,False,0.0,0.6560379918588873,0.9999999999999998
seller,c353f8fc0ce8344999f17d578eb69a5e,2,0.0,0.26989306870346086,0.0,0.0,0.0,13.667929568680444,-0.26989306870346086,1.0,,False,0.0,0.6563772048846676,0.9999999999999998
seller,0761743cbffb25d7148189e9f1a5f03a,3,0.0,0.2711341294558132,0.0,0.0,0.0,13.605367430200678,-0.2711341294558132,1.0,,False,0.0,0.6567164179104478,0.9999999999999998
seller,55c26bcb609f480eb7868594245febb5,4,0.0,0.27165695228342934,0.0,0.0,0.0,13.579182947856959,-0.27165695228342934,1.0,,False,0.0,0.657055630936228,0.9999999999999998
seller,d9d43faf741ceaa8da52fdbb81d9e0e3,4,0.0,0.2717796908900299,0.0,0.0,0.0,13.573050444032498,-0.2717796908900299,1.0,,False,0.0,0.6573948439620081,0.9999999999999998
seller,83c8aafbefb034674a70de0eac5b8954,2,0.0,0.27222799824468374,0.0,0.0,0.0,13.550698230526237,-0.27222799824468374,1.0,,False,0.0,0.6577340569877883,0.9999999999999998
seller,866558b3bccef2dbc6d29a2b5995016f,5,0.0,0.2726761333595638,0.0,0.0,0.0,13.528428061027263,-0.2726761333595638,1.0,,False,0.0,0.6580732700135685,0.9999999999999998
seller,9cea4682e16655f7da87f406902e989e,4,0.0,0.27268573510696487,0.0,0.0,0.0,13.527951701129213,-0.27268573510696487,1.0,,False,0.0,0.6584124830393487,0.9999999999999998
seller,68f86ba270525243e68ae74044f992b9,10,1.0,1.2733955839264974,0.1,0.785301922373968,0.019882123280357836,4.375422265686531,-0.27339558392649743,0.7201203484005803,,False,0.0,0.658751696065129,0.9999999999999998
seller,b9c0ffa92f3ff9a5a3d45ef7213c0842,3,0.0,0.27376823721096677,0.0,0.0,0.0,13.474461068583613,-0.27376823721096677,1.0,,False,0.0,0.6590909090909091,0.9999999999999998
seller,76de363de16dacc923eec8daf91df504,2,0.0,0.27471984478371697,0.0,0.0,0.0,13.427786613006198,-0.27471984478371697,1.0,,False,0.0,0.6594301221166893,0.9999999999999998
seller,152ee17e4c8aaf53dac99f3462e4999b,6,0.0,0.2749268918721195,0.0,0.0,0.0,13.417674164191236,-0.2749268918721195,1.0,,False,0.0,0.6597693351424695,0.9999999999999998
seller,52a52b9f656520e99716f5bc40f661c8,7,0.0,0.27562581703630973,0.0,0.0,0.0,13.383649956230256,-0.27562581703630973,1.0,,False,0.0,0.6601085481682497,0.9999999999999998
seller,7df1fc11cc5cbc518b39faa60cf5d67c,5,0.0,0.2761197707549592,0.0,0.0,0.0,13.35970779646782,-0.2761197707549592,1.0,,False,0.0,0.6604477611940298,0.9999999999999998
seller,ed9eef5be0992d413d251fadba1a410d,3,0.0,0.2763503549850034,0.0,0.0,0.0,13.348560577438443,-0.2763503549850034,1.0,,False,0.0,0.66078697421981,0.9999999999999998
seller,9c1c0c36cd23c20897e473901a8fb149,6,0.0,0.2764695747913173,0.0,0.0,0.0,13.342804382356894,-0.2764695747913173,1.0,,False,0.0,0.6611261872455902,0.9999999999999998
seller,ad8b531ae67582f096925cff5630d0d1,2,0.0,0.27665920581794917,0.0,0.0,0.0,13.333658799488274,-0.27665920581794917,1.0,,False,0.0,0.6614654002713705,0.9999999999999998
seller,bede56095ba33c42038fb85f707b8a42,2,0.0,0.27701817993174205,0.0,0.0,0.0,13.31638037266321,-0.27701817993174205,1.0,,False,0.0,0.6618046132971506,0.9999999999999998
seller,4dbd95a08b31ede5c82d3f861cb1ce1a,4,0.0,0.2771886481492825,0.0,0.0,0.0,13.308190933299892,-0.2771886481492825,1.0,,False,0.0,0.6621438263229308,0.9999999999999998
seller,80cfd480be3eb6d6267139f5cb793555,1,0.0,0.2775657247991769,0.0,0.0,0.0,13.290111582699545,-0.2775657247991769,1.0,,False,0.0,0.662483039348711,0.9999999999999998
seller,f626e15b7314c267e4429010866f70e9,5,0.0,0.2776199207793501,0.0,0.0,0.0,13.287517134066992,-0.2776199207793501,1.0,,False,0.0,0.6628222523744912,0.9999999999999998
seller,70bf57d811208f8923b41bbd499a67a4,7,0.0,0.2793918302792659,0.0,0.0,0.0,13.203247390686832,-0.2793918302792659,1.0,,False,0.0,0.6631614654002713,0.9999999999999998
seller,f7496d659ca9fdaf323c0aae84176632,24,2.0,2.280030309508927,0.08333333333333333,0.8771813215196951,0.10623072751876358,3.1686805379705736,-0.28003030950892693,0.6645148703325943,,False,0.0,0.6635006784260515,0.9999999999999998
seller,412a4720f3e9431b4afa1476a1acddbe,21,1.0,1.2824796789704973,0.047619047619047616,0.779739450376901,0.019741293682418105,4.34443015534679,-0.2824796789704973,0.7226512887008976,,False,0.0,0.6638398914518318,0.9999999999999998
seller,762ed976527cddf02787edba70fffa2a,3,0.0,0.28297544936378266,0.0,0.0,0.0,13.036040626166299,-0.28297544936378266,1.0,,False,0.0,0.664179104477612,0.9999999999999998
seller,b274baf5bbd142410eb2958cf685d684,7,0.0,0.2837366930335387,0.0,0.0,0.0,13.00106593431642,-0.2837366930335387,1.0,,False,0.0,0.6645183175033921,0.9999999999999998
seller,b3e2faf2c1004d674f16a3aa3197f0e1,3,0.0,0.284979659171493,0.0,0.0,0.0,12.944360537304412,-0.284979659171493,1.0,,False,0.0,0.6648575305291723,0.9999999999999998
seller,fe49ee029e61e789a1f3a5525f57ba8d,16,1.0,1.2866803551032908,0.0625,0.7771938042216577,0.01967684350186371,4.330246722770259,-0.2866803551032908,0.7238138972323735,,False,0.0,0.6651967435549525,0.9999999999999998
seller,a21c11ec5c3f03e7cc9f9203bff9e1c6,3,0.0,0.28704665060637047,0.0,0.0,0.0,12.851149617392775,-0.28704665060637047,1.0,,False,0.0,0.6655359565807327,0.9999999999999998
seller,b7e1750c1157341d2abd0251e07c186b,3,0.0,0.28781533415152055,0.0,0.0,0.0,12.816827376445213,-0.28781533415152055,1.0,,False,0.0,0.6658751696065129,0.9999999999999998
seller,4ea2f12dbe91deeacd2c1e74f069a6e6,4,0.0,0.28827250574228575,0.0,0.0,0.0,12.796501159953756,-0.28827250574228575,1.0,,False,0.0,0.666214382632293,0.9999999999999998
seller,800214c63934acd05d47e84214db8ba8,3,0.0,0.2885074084677018,0.0,0.0,0.0,12.786082249000213,-0.2885074084677018,1.0,,False,0.0,0.6665535956580733,0.9999999999999998
seller,458c6fa920810ce2492da71bc26d9eec,2,0.0,0.288577812875662,0.0,0.0,0.0,12.782962825015739,-0.288577812875662,1.0,,False,0.0,0.6668928086838535,0.9999999999999998
seller,8fbd63429be6d3e5e6d1a709b6464802,5,0.0,0.28865642479376863,0.0,0.0,0.0,12.779481547135026,-0.28865642479376863,1.0,,False,0.0,0.6672320217096337,0.9999999999999998
seller,186cdd1b2df32caa72cfb410bba768d3,6,0.0,0.29062600608116457,0.0,0.0,0.0,12.69287461179136,-0.29062600608116457,1.0,,False,0.0,0.6675712347354138,0.9999999999999998
seller,6da1992f915d77be95d7fa48b36904af,7,0.0,0.2911448809999772,0.0,0.0,0.0,12.67025352272714,-0.2911448809999772,1.0,,False,0.0,0.667910447761194,0.9999999999999998
seller,b0f2a6122a90a93eb03e68653dd960e3,6,0.0,0.29126164819651623,0.0,0.0,0.0,12.665174000612065,-0.29126164819651623,1.0,,False,0.0,0.6682496607869742,0.9999999999999998
seller,5d76d80a2f5f39c891b996a1bf4c9853,4,0.0,0.293681158716367,0.0,0.0,0.0,12.560831175678523,-0.293681158716367,1.0,,False,0.0,0.6685888738127544,0.9999999999999998
seller,ef0ace09169ac090589d85746e3e036f,127,11.0,11.29413274140421,0.08661417322834646,0.9739570316607028,0.4861958410588077,1.742678164313382,-0.2941327414042103,0.574718569911111,1.0,False,0.0,0.6689280868385346,0.9999999999999998
seller,cd843d4cf8ef32827de0396605163ba3,5,0.0,0.29490848251176704,0.0,0.0,0.0,12.508556629824124,-0.29490848251176704,1.0,,False,0.0,0.6692672998643148,0.9999999999999998
seller,0a82f5fb06a4fe4ac2cf7cb412ec71b8,2,0.0,0.29584924050309114,0.0,0.0,0.0,12.468781220600743,-0.29584924050309114,1.0,,False,0.0,0.669606512890095,0.9999999999999998
seller,b67d6c666e8dce1d078c882825e12704,7,0.0,0.29601258676604203,0.0,0.0,0.0,12.461900672586927,-0.29601258676604203,1.0,,False,0.0,0.6699457259158752,0.9999999999999998
seller,5def4c3732941a971cba8fdee992ede1,5,0.0,0.2968766148369231,0.0,0.0,0.0,12.425631625246968,-0.2968766148369231,1.0,,False,0.0,0.6702849389416553,0.9999999999999998
seller,117cfc326c6d50da67ca858ff5c0c852,5,0.0,0.297940728614293,0.0,0.0,0.0,12.381252711808568,-0.297940728614293,1.0,,False,0.0,0.6706241519674355,0.9999999999999998
seller,7c51de0ab286204ce75ff42bf7c10d92,4,0.0,0.2979747975283594,0.0,0.0,0.0,12.379837102709502,-0.2979747975283594,1.0,,False,0.0,0.6709633649932157,0.9999999999999998
seller,3cfa1358a6caa965278721344c8d76f2,5,0.0,0.2979971562985174,0.0,0.0,0.0,12.378908241723675,-0.2979971562985174,1.0,,False,0.0,0.671302578018996,0.9999999999999998
seller,1284de4ae8aa26997e748c851557cf0e,3,0.0,0.298977479933354,0.0,0.0,0.0,12.33831877550187,-0.298977479933354,1.0,,False,0.0,0.6716417910447762,0.9999999999999998
seller,328acb143b4a73aad6bee8e734f5d20d,2,0.0,0.2999530578251348,0.0,0.0,0.0,12.29818919287184,-0.2999530578251348,1.0,,False,0.0,0.6719810040705563,0.9999999999999998
seller,0887a9f087bcd5d9f6642b52f897fc6c,12,1.0,1.3000430809971464,0.08333333333333333,0.7692052783612292,0.019474591538051846,4.285737505456658,-0.3000430809971464,0.7274799476544833,,False,0.0,0.6723202170963365,0.9999999999999998
seller,2eeb6531ee027a48d401e72bebdd87d3,3,0.0,0.30071015177143434,0.0,0.0,0.0,12.267226205644704,-0.30071015177143434,1.0,,False,0.0,0.6726594301221167,0.9999999999999998
seller,11fb6f6d341adbe19e81733701704635,3,0.0,0.3023362303971439,0.0,0.0,0.0,12.20124842222278,-0.3023362303971439,1.0,,False,0.0,0.6729986431478969,0.9999999999999998
seller,d52cbce9845184537284a23c3bc3da0e,2,0.0,0.30319826728567656,0.0,0.0,0.0,12.166558493681084,-0.30319826728567656,1.0,,False,0.0,0.673337856173677,0.9999999999999998
seller,a080fc8a850289b27500f6b49cca2553,4,0.0,0.30432654999399333,0.0,0.0,0.0,12.121451296926756,-0.30432654999399333,1.0,,False,0.0,0.6736770691994572,0.9999999999999998
seller,a37c340b91cb0169e8b029db6440fba2,5,0.0,0.30446531483582,0.0,0.0,0.0,12.115926755410968,-0.30446531483582,1.0,,False,0.0,0.6740162822252375,0.9999999999999998
seller,b88e7c57cb2d8b973b7dd4a2bfa14b36,4,0.0,0.30510246793857865,0.0,0.0,0.0,12.090624763010956,-0.30510246793857865,1.0,,False,0.0,0.6743554952510177,0.9999999999999998
seller,2f73e04d12cdf0c945ded66bb3fcf6c7,3,0.0,0.30629216398386455,0.0,0.0,0.0,12.04366251533704,-0.30629216398386455,1.0,,False,0.0,0.6746947082767978,0.9999999999999998
seller,270d3ef21830ad0ecf3a6c53d08a533a,5,0.0,0.30739476526752063,0.0,0.0,0.0,12.000462827997621,-0.30739476526752063,1.0,,False,0.0,0.675033921302578,0.9999999999999998
seller,e644cbadf7eeb30d0d29f335ce7d52ec,6,0.0,0.3076057604244963,0.0,0.0,0.0,11.992231384169392,-0.3076057604244963,1.0,,False,0.0,0.6753731343283582,0.9999999999999998
seller,ed46f1eb4a638113deb2a1137b5f22e9,4,0.0,0.3077200572622856,0.0,0.0,0.0,11.987777094977316,-0.3077200572622856,1.0,,False,0.0,0.6757123473541384,0.9999999999999998
seller,0743a0239d764b9a0f959a57d07e36ab,4,0.0,0.30834151698724627,0.0,0.0,0.0,11.963615831424077,-0.30834151698724627,1.0,,False,0.0,0.6760515603799185,0.9999999999999998
seller,28405831a29823802aa22c084cfd0649,6,0.0,0.3086145653141301,0.0,0.0,0.0,11.953030960671374,-0.3086145653141301,1.0,,False,0.0,0.6763907734056988,0.9999999999999998
seller,bdf0d02d36a1d839d0c39c4a887cdd49,5,0.0,0.3087400913364104,0.0,0.0,0.0,11.948171156347966,-0.3087400913364104,1.0,,False,0.0,0.676729986431479,0.9999999999999998
seller,fac35d150712afb921ec59ac5f39bb11,5,0.0,0.3092785855284548,0.0,0.0,0.0,11.9273678383224,-0.3092785855284548,1.0,,False,0.0,0.6770691994572592,0.9999999999999998
seller,4e326052e5dbba8adcd512f3450a307e,3,0.0,0.30933261323707595,0.0,0.0,0.0,11.925284616810634,-0.30933261323707595,1.0,,False,0.0,0.6774084124830394,0.9999999999999998
seller,f4c4daa86e30c7e5a553a8d518ac03a5,18,1.0,1.3097673369685476,0.05555555555555555,0.7634943793257944,0.019330004092855044,4.253918412589559,-0.30976733696854764,0.7301171591595204,,False,0.0,0.6777476255088195,0.9999999999999998
seller,5b33b527da3c5b969cc99dc435cad09a,16,1.0,1.3129455828447147,0.0625,0.7616461893518343,0.01928321197397583,4.243620957135944,-0.31294558284471474,0.7309735515517894,,False,0.0,0.6780868385345997,0.9999999999999998
seller,d197aa8fbc64087f61984deef05f6227,6,0.0,0.3131979714933243,0.0,0.0,0.0,11.778107746117898,-0.3131979714933243,1.0,,False,0.0,0.6784260515603799,0.9999999999999998
seller,33dd941c27854f7625b968cc6195a552,5,0.0,0.31350757052331985,0.0,0.0,0.0,11.766476477605643,-0.31350757052331985,1.0,,False,0.0,0.6787652645861602,0.9999999999999998
seller,9ac4f14370b1e24ddc58be041b7f99df,5,0.0,0.31370887898403116,0.0,0.0,0.0,11.758925874398702,-0.31370887898403116,1.0,,False,0.0,0.6791044776119403,0.9999999999999998
seller,f12d3c2a14729ae461b920c11fe20fdc,8,0.0,0.31374963426841396,0.0,0.0,0.0,11.757398419652294,-0.31374963426841396,1.0,,False,0.0,0.6794436906377205,0.9999999999999998
seller,7aa538dd6e114e503a2e6154ea352253,5,0.0,0.31394619224294495,0.0,0.0,0.0,11.75003725243249,-0.31394619224294495,1.0,,False,0.0,0.6797829036635007,0.9999999999999998
seller,83a75eea11694e36e56dd0cb2240229a,3,0.0,0.31428376145820314,0.0,0.0,0.0,11.737416648567516,-0.31428376145820314,1.0,,False,0.0,0.6801221166892809,0.9999999999999998
seller,533d46c1b06970e99f09523a61df4972,2,0.0,0.3152900053470453,0.0,0.0,0.0,11.699956838319439,-0.3152900053470453,1.0,,False,0.0,0.680461329715061,0.9999999999999998
seller,2a7c6c0b0d5efde2bf75ec1e1cec2d41,3,0.0,0.31720470229678227,0.0,0.0,0.0,11.629334077975159,-0.31720470229678227,1.0,,False,0.0,0.6808005427408412,0.9999999999999998
seller,30829ded4523ab9224b93bc49a62c95f,18,1.0,1.3176137866223432,0.05555555555555555,0.7589477357879391,0.019214893044790606,4.228586136170912,-0.3176137866223432,0.7322264950615469,,False,0.0,0.6811397557666214,0.9999999999999998
seller,c714262700f93defc16bf17a51a4cb23,4,0.0,0.31816762844353896,0.0,0.0,0.0,11.594138197401664,-0.31816762844353896,1.0,,False,0.0,0.6814789687924017,0.9999999999999998
seller,f266295f49a28eee21f413e0cbb0521d,2,0.0,0.31826015938752844,0.0,0.0,0.0,11.590767318199521,-0.31826015938752844,1.0,,False,0.0,0.6818181818181818,0.9999999999999998
seller,fcba71d4d5db057f43249145e4eb1e27,3,0.0,0.3187097309051285,0.0,0.0,0.0,11.57441739741551,-0.3187097309051285,1.0,,False,0.0,0.682157394843962,0.9999999999999998
seller,b01c2b7b8599b325103ebcddc67413e1,4,0.0,0.3189874333840732,0.0,0.0,0.0,11.56434099920288,-0.3189874333840732,1.0,,False,0.0,0.6824966078697422,0.9999999999999998
seller,cc80e2f693fa6e2408f47ccf62413fc1,2,0.0,0.3215116062091667,0.0,0.0,0.0,11.473549890183595,-0.3215116062091667,1.0,,False,0.0,0.6828358208955224,0.9999999999999998
seller,41b14765bd56c8ad10971074380f9c0c,7,0.0,0.3224808505483127,0.0,0.0,0.0,11.439065134694822,-0.3224808505483127,1.0,,False,0.0,0.6831750339213026,0.9999999999999998
seller,df47da4ae86fa4db890d05aaf24e21d8,5,0.0,0.32270550052213737,0.0,0.0,0.0,11.431101881267379,-0.32270550052213737,1.0,,False,0.0,0.6835142469470827,0.9999999999999998
seller,86ff3eaef0267069cc891a2ed9d10a17,6,0.0,0.3235007360782453,0.0,0.0,0.0,11.403001732959593,-0.3235007360782453,1.0,,False,0.0,0.683853459972863,0.9999999999999998
seller,918717417d88a9f9ae9735567e6c7682,4,0.0,0.3246110188153417,0.0,0.0,0.0,11.363999495693005,-0.3246110188153417,1.0,,False,0.0,0.6841926729986432,0.9999999999999998
seller,abe021b01ba992245271b9aa422032df,2,0.0,0.3247238193704116,0.0,0.0,0.0,11.360051939725555,-0.3247238193704116,1.0,,False,0.0,0.6845318860244234,0.9999999999999998
seller,b12cfd255810394b60caef18ae163547,2,0.0,0.32492204828124377,0.0,0.0,0.0,11.353121382889169,-0.32492204828124377,1.0,,False,0.0,0.6848710990502035,0.9999999999999998
seller,e7d5b006eb624f13074497221eb37807,28,2.0,2.3256391541357373,0.07142857142857142,0.8599786413310742,0.10414740314000936,3.106538542265309,-0.3256391541357373,0.6750153315266847,,False,0.0,0.6852103120759837,0.9999999999999998
seller,dbbcfe2c8d026742134ac3e28ccde274,4,0.0,0.32574106426424243,0.0,0.0,0.0,11.324576047684003,-0.32574106426424243,1.0,,False,0.0,0.6855495251017639,0.9999999999999998
seller,5c030029b5916fed0986310385ec9009,6,0.0,0.32780482575383485,0.0,0.0,0.0,11.253279891871088,-0.32780482575383485,1.0,,False,0.0,0.6858887381275441,0.9999999999999998
seller,eddd1991bd6d9309995a480c39b95137,2,0.0,0.3278894754835857,0.0,0.0,0.0,11.250374683949264,-0.3278894754835857,1.0,,False,0.0,0.6862279511533242,0.9999999999999998
seller,5566627eab3fe93fd6ee08798226101a,5,0.0,0.33001179893785804,0.0,0.0,0.0,11.178022925200198,-0.33001179893785804,1.0,,False,0.0,0.6865671641791045,0.9999999999999998
seller,606ce7768feac12c5e8bd58db8b08f0f,5,0.0,0.3301974126451969,0.0,0.0,0.0,11.171739428732904,-0.3301974126451969,1.0,,False,0.0,0.6869063772048847,0.9999999999999998
seller,822b63912576852aea9a8436d72317b7,6,0.0,0.33038517364441905,0.0,0.0,0.0,11.165390424220838,-0.33038517364441905,1.0,,False,0.0,0.6872455902306649,0.9999999999999998
seller,fc38b5dceee1a730fad8853453437fbd,5,0.0,0.3312272529707654,0.0,0.0,0.0,11.137004642669066,-0.3312272529707654,1.0,,False,0.0,0.687584803256445,0.9999999999999998
seller,51f108f62cb87d61918159902c8f8583,3,0.0,0.33141526580763037,0.0,0.0,0.0,11.13068658779026,-0.33141526580763037,1.0,,False,0.0,0.6879240162822252,0.9999999999999998
seller,2cb4700db635baa1c0d4f90ed27b6669,2,0.0,0.3320668864722251,0.0,0.0,0.0,11.108844646641641,-0.3320668864722251,1.0,,False,0.0,0.6882632293080054,0.9999999999999998
seller,ae7ab174effdead6c241e547e4ca13f0,6,0.0,0.33260716153722464,0.0,0.0,0.0,11.090799840463099,-0.33260716153722464,1.0,,False,0.0,0.6886024423337856,0.9999999999999998
seller,7d294cf9a6a69dc6a0c3e540fff0e039,5,0.0,0.33345000198513214,0.0,0.0,0.0,11.062766328243763,-0.33345000198513214,1.0,,False,0.0,0.6889416553595658,0.9999999999999998
seller,0b3f27369a4d8df98f7eb91077e438ac,2,0.0,0.33390945540721406,0.0,0.0,0.0,11.047544160183245,-0.33390945540721406,1.0,,False,0.0,0.689280868385346,0.9999999999999998
seller,fe4cd9461203cee790d36792420b310f,3,0.0,0.3347546257770913,0.0,0.0,0.0,11.019651918328716,-0.3347546257770913,1.0,,False,0.0,0.6896200814111262,0.9999999999999998
seller,cfd7ddab722b902f7ac5b5f3ba6d723d,11,0.0,0.33627969860285306,0.0,0.0,0.0,10.96967634216453,-0.33627969860285306,1.0,,False,0.0,0.6899592944369064,0.9999999999999998
seller,a08692680c77d30a0b4280da5df01c5a,6,0.0,0.3366250981835397,0.0,0.0,0.0,10.958420729825173,-0.3366250981835397,1.0,,False,0.0,0.6902985074626866,0.9999999999999998
seller,6c99c983ce3b6ba0ab813e6790e81691,8,0.0,0.33717029052176656,0.0,0.0,0.0,10.94070135421909,-0.33717029052176656,1.0,,False,0.0,0.6906377204884667,0.9999999999999998
seller,0570350b23eda5444f8d1d9544932058,6,0.0,0.3384911470987102,0.0,0.0,0.0,10.898008665018914,-0.3384911470987102,1.0,,False,0.0,0.6909769335142469,0.9999999999999998
seller,a35124e2d763d7ca3fbe3b97d143200f,4,0.0,0.3404886091606003,0.0,0.0,0.0,10.834075956925712,-0.3404886091606003,1.0,,False,0.0,0.6913161465400272,0.9999999999999998
seller,525e75a6fb1454a2325ab1734bcec221,9,0.0,0.34051689710015776,0.0,0.0,0.0,10.833175932026975,-0.34051689710015776,1.0,,False,0.0,0.6916553595658074,0.9999999999999998
seller,3076499bbc033a927bf4a8a41bcf7fd4,6,0.0,0.34154161445540077,0.0,0.0,0.0,10.800673469896118,-0.34154161445540077,1.0,,False,0.0,0.6919945725915875,0.9999999999999998
seller,c4af86330efa7a2620772227d2d670c9,4,0.0,0.3416548707693484,0.0,0.0,0.0,10.79709311858253,-0.3416548707693484,1.0,,False,0.0,0.6923337856173677,0.9999999999999998
seller,aae5e7b457a3c72ee230a47d98fceda5,5,0.0,0.3422485471199688,0.0,0.0,0.0,10.778364101633038,-0.3422485471199688,1.0,,False,0.0,0.6926729986431479,0.9999999999999998
seller,575df70bde3f9f2b30bf8d2e9910d725,26,2.0,2.342312048287269,0.07692307692307693,0.8538571969786979,0.10340606782989131,3.0844257805046733,-0.342312048287269,0.6787864944906694,,False,0.0,0.6930122116689281,0.9999999999999998
seller,939e6227d6964a11a70aa91243e418f2,4,0.0,0.3429470091776297,0.0,0.0,0.0,10.75641237682664,-0.3429470091776297,1.0,,False,0.0,0.6933514246947082,0.9999999999999998
seller,bfd938b22bc99bce1ae60dc602889f52,4,0.0,0.3433521064747294,0.0,0.0,0.0,10.743721633131834,-0.3433521064747294,1.0,,False,0.0,0.6936906377204884,0.9999999999999998
seller,119d1aef1b4144adba89163f6cd9f5d4,4,0.0,0.3433674888375689,0.0,0.0,0.0,10.743240330067975,-0.3433674888375689,1.0,,False,0.0,0.6940298507462687,0.9999999999999998
seller,c54679b132454625907c773d273d4126,7,0.0,0.34397719467153254,0.0,0.0,0.0,10.724197741180154,-0.34397719467153254,1.0,,False,0.0,0.6943690637720489,0.9999999999999998
seller,d73cbd89533ce8b041a9190241453ac8,3,0.0,0.344219895796056,0.0,0.0,0.0,10.71663636868779,-0.344219895796056,1.0,,False,0.0,0.694708276797829,0.9999999999999998
seller,0bfd0b434243adc5c2e1aa6baf19c6aa,5,0.0,0.3452771626484611,0.0,0.0,0.0,10.683821153470594,-0.3452771626484611,1.0,,False,0.0,0.6950474898236092,0.9999999999999998
seller,fec8cd45395b3cb0c2b173d7739706a1,4,0.0,0.3452871925046812,0.0,0.0,0.0,10.683510811261625,-0.3452871925046812,1.0,,False,0.0,0.6953867028493894,0.9999999999999998
seller,c3f5668699a1b04c0fa61ecea1e2bff6,3,0.0,0.3457008531757402,0.0,0.0,0.0,10.67072707581274,-0.3457008531757402,1.0,,False,0.0,0.6957259158751696,0.9999999999999998
seller,d2e753bb80b7d4faa77483ed00edc8ca,13,1.0,1.3459701134544033,0.07692307692307693,0.7429585471504427,0.018810081837041883,4.13950007897233,-0.3459701134544033,0.7397129226560815,,False,0.0,0.6960651289009498,0.9999999999999998
seller,38af8acfd46ac4a7bf754e8ca6736664,5,0.0,0.34686457965368395,0.0,0.0,0.0,10.634926915273336,-0.34686457965368395,1.0,,False,0.0,0.69640434192673,0.9999999999999998
seller,044668ccd5316b12a7cf0d54a156e3e9,3,0.0,0.34939301102239484,0.0,0.0,0.0,10.55796577990935,-0.34939301102239484,1.0,,False,0.0,0.6967435549525102,0.9999999999999998
seller,77714512e8d4dda9c234da8e3faf16e4,4,0.0,0.3497385369503907,0.0,0.0,0.0,10.547534985077126,-0.3497385369503907,1.0,,False,0.0,0.6970827679782904,0.9999999999999998
seller,8c91bfea4263b8fba54081460693e2a1,2,0.0,0.3501230148061034,0.0,0.0,0.0,10.535952502741988,-0.3501230148061034,1.0,,False,0.0,0.6974219810040706,0.9999999999999998
seller,4bcec44888b30ba9001234c534716d3f,5,0.0,0.3510430384421044,0.0,0.0,0.0,10.508339577063916,-0.3510430384421044,1.0,,False,0.0,0.6977611940298507,0.9999999999999998
seller,777a0c55737f34ffeb78010f7542ab41,5,0.0,0.3519897592237142,0.0,0.0,0.0,10.480076074512706,-0.3519897592237142,1.0,,False,0.0,0.6981004070556309,0.9999999999999998
seller,262237171f48e85819065498cac80d7b,3,0.0,0.35205775962870306,0.0,0.0,0.0,10.478051834461493,-0.35205775962870306,1.0,,False,0.0,0.6984396200814111,0.9999999999999998
seller,dc7192adf8ba09569261f4a8d576afe0,5,0.0,0.3523399942667077,0.0,0.0,0.0,10.469658608558632,-0.3523399942667077,1.0,,False,0.0,0.6987788331071914,0.9999999999999998
seller,112453736dbe3889cfb74e1aaa0ba0c1,7,0.0,0.3544204735328506,0.0,0.0,0.0,10.408200794224207,-0.3544204735328506,1.0,,False,0.0,0.6991180461329715,0.9999999999999998
seller,4eb61f060e7dcc1d5a80d806c35cc541,7,0.0,0.3548556126206552,0.0,0.0,0.0,10.395437814470728,-0.3548556126206552,1.0,,False,0.0,0.6994572591587517,0.9999999999999998
seller,bb3dca718920a4d7ec3cc9ffb025108b,2,0.0,0.3572079185898045,0.0,0.0,0.0,10.326981184171386,-0.3572079185898045,1.0,,False,0.0,0.6997964721845319,0.9999999999999998
seller,ba6b68b55fe8704377a7d43c8e5c0185,5,0.0,0.3584386295433626,0.0,0.0,0.0,10.291523150876428,-0.3584386295433626,1.0,,False,0.0,0.7001356852103121,0.9999999999999998
seller,6824a69c9ea0313eba299dd4a2dba09a,5,0.0,0.3588323003805225,0.0,0.0,0.0,10.280232437832591,-0.3588323003805225,1.0,,False,0.0,0.7004748982360922,0.9999999999999998
seller,c458e2045a8aa8964f8879af03fdcce6,4,0.0,0.36219171177847587,0.0,0.0,0.0,10.184880918451642,-0.36219171177847587,1.0,,False,0.0,0.7008141112618724,0.9999999999999998
seller,d94ba08b99bedd6a5f6c875ecc4a6fac,8,0.0,0.3623861612832372,0.0,0.0,0.0,10.179415905539356,-0.3623861612832372,1.0,,False,0.0,0.7011533242876526,0.9999999999999998
seller,c8cc60ffd415254af5d9b9f34f32c369,8,0.0,0.36287208573752655,0.0,0.0,0.0,10.165784581132494,-0.36287208573752655,1.0,,False,0.0,0.7014925373134329,0.9999999999999998
seller,f021c962aaba8ef6eb527a9c2c8394d1,5,0.0,0.36457645413481254,0.0,0.0,0.0,10.118260277856196,-0.36457645413481254,1.0,,False,0.0,0.7018317503392131,0.9999999999999998
seller,70f84699be677ec988d1fa824aef7d90,5,0.0,0.36519131865544263,0.0,0.0,0.0,10.101224387522713,-0.36519131865544263,1.0,,False,0.0,0.7021709633649932,0.9999999999999998
seller,5f0057b677eb963672bf05dfa3f16c34,4,0.0,0.36575034503980786,0.0,0.0,0.0,10.085785301753965,-0.36575034503980786,1.0,,False,0.0,0.7025101763907734,0.9999999999999998
seller,ad420dd0c4f92f8af951ac24b86d0cf5,41,3.0,3.366189152790755,0.07317073170731707,0.8912155151806712,0.18379006491144098,2.6045099285266766,-0.36618915279075503,0.653692690587897,,False,0.0,0.7028493894165536,0.9999999999999998
seller,18e694e0e48ed6f7aa3f24aade5fd697,31,1.0,1.3668992071595352,0.03225806451612903,0.7315828370974297,0.018522073794234744,4.076118679238222,-0.36689920715953517,0.7451038845341089,,False,0.0,0.7031886024423338,0.9999999999999998
seller,228e4c1a0be164f613d41c24345f9d2c,5,0.0,0.3678531781286062,0.0,0.0,0.0,10.028129899218257,-0.3678531781286062,1.0,,False,0.0,0.7035278154681139,0.9999999999999998
seller,a9b533a26e898b12e8b8d4c07279bf4d,4,0.0,0.3681222437585925,0.0,0.0,0.0,10.020800200633982,-0.3681222437585925,1.0,,False,0.0,0.7038670284938942,0.9999999999999998
seller,20d83f3ef0e6925fd74bfd59170babf7,39,2.0,2.369274340575983,0.05128205128205128,0.8441403199908837,0.10222930894743185,3.049325079833347,-0.36927434057598285,0.6848091493685875,,False,0.0,0.7042062415196744,0.9999999999999998
seller,71dc18fd8cbf5fd77f45dd8b427abb34,4,0.0,0.3701136157713977,0.0,0.0,0.0,9.966883942990059,-0.3701136157713977,1.0,,False,0.0,0.7045454545454546,0.9999999999999998
seller,fdb9095204a334cd8872252ffec6f2db,45,3.0,3.3701383840787074,0.06666666666666667,0.8901711615679272,0.18357469408922428,2.6014578840919103,-0.37013838407870736,0.654464471496065,,False,0.0,0.7048846675712347,0.9999999999999998
seller,392353362d22cc2c236e1ee81ff19890,5,0.0,0.3712084858297408,0.0,0.0,0.0,9.93748687039952,-0.3712084858297408,1.0,,False,0.0,0.7052238805970149,0.9999999999999998
seller,883dd81e82754ac2c65e9790a7db8c9a,4,0.0,0.37175132777885167,0.0,0.0,0.0,9.922975867105402,-0.37175132777885167,1.0,,False,0.0,0.7055630936227951,0.9999999999999998
seller,5721089ba9214e80074f27d5a03fc0eb,5,0.0,0.37290581377442406,0.0,0.0,0.0,9.89225514286401,-0.37290581377442406,1.0,,False,0.0,0.7059023066485753,0.9999999999999998
seller,4049512728d969bec69f84088b012416,7,0.0,0.3735885413941812,0.0,0.0,0.0,9.874177190626733,-0.3735885413941812,1.0,,False,0.0,0.7062415196743554,0.9999999999999998
seller,8c5e007d7bd5693fa1386ffefbc99f6c,8,0.0,0.37373712323090413,0.0,0.0,0.0,9.870251641646135,-0.37373712323090413,1.0,,False,0.0,0.7065807327001357,0.9999999999999998
seller,ad87df7699e83b8a91822a4a0b765c3a,5,0.0,0.37483224162988465,0.0,0.0,0.0,9.841414490049107,-0.37483224162988465,1.0,,False,0.0,0.7069199457259159,0.9999999999999998
seller,bf0045791395e66460eb04749c68672a,2,0.0,0.37588917472856254,0.0,0.0,0.0,9.813742193500923,-0.37588917472856254,1.0,,False,0.0,0.7072591587516961,0.9999999999999998
seller,df560393f3a51e74553ab94004ba5c87,26,2.0,2.376328876632405,0.07692307692307693,0.8416343460145481,0.10192582387300277,3.040272640192113,-0.3763288766324049,0.68636954735732,,False,0.0,0.7075983717774763,0.9999999999999998
seller,59cea8e446d3834393058e7e0666b6fb,10,0.0,0.37756144813105574,0.0,0.0,0.0,9.770275732265665,-0.37756144813105574,1.0,,False,0.0,0.7079375848032564,0.9999999999999998
seller,6d1b9c9579132c87d2703ec38c30f2c5,4,0.0,0.3783304151013799,0.0,0.0,0.0,9.750417378220673,-0.3783304151013799,1.0,,False,0.0,0.7082767978290366,0.9999999999999998
seller,eec3469d83e142f9a104886655338c37,4,0.0,0.3787783787383232,0.0,0.0,0.0,9.738886011396062,-0.3787783787383232,1.0,,False,0.0,0.7086160108548168,0.9999999999999998
seller,034b9387752bfa309f350a70cd45ffa3,8,0.0,0.3793227622028311,0.0,0.0,0.0,9.724909290155967,-0.3793227622028311,1.0,,False,0.0,0.7089552238805971,0.9999999999999998
seller,33d677f27a69b84051204ee4ae76eaca,9,0.0,0.3795911814481121,0.0,0.0,0.0,9.718032542381872,-0.3795911814481121,1.0,,False,0.0,0.7092944369063772,0.9999999999999998
seller,10076e5788b8ee532724bcd460baf762,21,1.0,1.379845303785314,0.047619047619047616,0.7247189212129151,0.01834829448985029,4.0378753876643065,-0.379845303785314,0.7483825256799808,,False,0.0,0.7096336499321574,0.9999999999999998
seller,b76a1f8356322f12529c37b67d5c96c2,5,0.0,0.37987119435195993,0.0,0.0,0.0,9.710869128697604,-0.37987119435195993,1.0,,False,0.0,0.7099728629579376,0.9999999999999998
seller,f2336e113377dd21c744d9c4fc8293a9,4,0.0,0.38132156090187364,0.0,0.0,0.0,9.67393358348075,-0.38132156090187364,1.0,,False,0.0,0.7103120759837178,0.9999999999999998
seller,b8114f2f589a6804810f04f99b36b498,7,0.0,0.3813971993589645,0.0,0.0,0.0,9.672015054945449,-0.3813971993589645,1.0,,False,0.0,0.7106512890094979,0.9999999999999998
seller,b26741d31a563d769b4af0465ab20c56,2,0.0,0.38170689638791055,0.0,0.0,0.0,9.664167687358477,-0.38170689638791055,1.0,,False,0.0,0.7109905020352781,0.9999999999999998
seller,ead2bab70821ea148476ae9bc08548ac,7,0.0,0.3827103422806898,0.0,0.0,0.0,9.638828760494835,-0.3827103422806898,1.0,,False,0.0,0.7113297150610584,0.9999999999999998
seller,9c3c24eca51c52b91c1de727d2a2ae06,5,0.0,0.38444278827276557,0.0,0.0,0.0,9.595392517798103,-0.38444278827276557,1.0,,False,0.0,0.7116689280868386,0.9999999999999998
seller,d558ebe531605a1285ab2b1bc3256dfb,3,0.0,0.3846782142069359,0.0,0.0,0.0,9.58952006606103,-0.3846782142069359,1.0,,False,0.0,0.7120081411126187,0.9999999999999998
seller,9a1aea68d3efa00862ec88c0768037d0,7,0.0,0.3855994600144623,0.0,0.0,0.0,9.566609491557847,-0.3855994600144623,1.0,,False,0.0,0.7123473541383989,0.9999999999999998
seller,dcf3755cefcdc158ad0b7bdde51e871b,3,0.0,0.3856621973672479,0.0,0.0,0.0,9.565053249440442,-0.3856621973672479,1.0,,False,0.0,0.7126865671641791,0.9999999999999998
seller,ddd51ae8cda92f3995a51fc0f0f3eec7,7,0.0,0.3862298040964514,0.0,0.0,0.0,9.550996362757981,-0.3862298040964514,1.0,,False,0.0,0.7130257801899593,0.9999999999999998
seller,2d42ebcda99fd55f6f4bc2f1ca035d50,10,0.0,0.38694232724909305,0.0,0.0,0.0,9.533408971666285,-0.38694232724909305,1.0,,False,0.0,0.7133649932157394,0.9999999999999998
seller,9ed65337433adfbedefd23dd76eaa494,6,0.0,0.38797103245908693,0.0,0.0,0.0,9.508131137349649,-0.38797103245908693,1.0,,False,0.0,0.7137042062415196,0.9999999999999998
seller,cb9fb4ca75d7ba8437480e8dde64fe98,9,0.0,0.3881377802063639,0.0,0.0,0.0,9.50404635218103,-0.3881377802063639,1.0,,False,0.0,0.7140434192672999,0.9999999999999998
seller,b1204cfda1d4948679db3cfc0d3cb95c,6,0.0,0.389763150802443,0.0,0.0,0.0,9.464413058338849,-0.389763150802443,1.0,,False,0.0,0.7143826322930801,0.9999999999999998
seller,fa14641f57b655e933124a9ea49cd7a5,7,0.0,0.38998809903654963,0.0,0.0,0.0,9.458953909688956,-0.38998809903654963,1.0,,False,0.0,0.7147218453188603,0.9999999999999998
seller,05730013efda596306417c3b09302475,4,0.0,0.39003100410166425,0.0,0.0,0.0,9.457913384630325,-0.39003100410166425,1.0,,False,0.0,0.7150610583446404,0.9999999999999998
seller,3bfba5a77604f6dfae7e6dd7aaf65821,4,0.0,0.3922911581690148,0.0,0.0,0.0,9.403422374675644,-0.3922911581690148,1.0,,False,0.0,0.7154002713704206,0.9999999999999998
seller,365e4bce19bda0082c3d15d83fdb8bcd,6,0.0,0.3929871561784365,0.0,0.0,0.0,9.386768488787439,-0.3929871561784365,1.0,,False,0.0,0.7157394843962008,0.9999999999999998
seller,2ee0a0689f2f6a72f35a7cb6033f6e7e,4,0.0,0.3935416027865468,0.0,0.0,0.0,9.373543808314334,-0.3935416027865468,1.0,,False,0.0,0.716078697421981,0.9999999999999998
seller,eb5b6204dde3a6e03b5f1bb8479f055b,19,1.0,1.3945413026628914,0.05263157894736842,0.7170816655558996,0.018154935917599035,3.9953233226579847,-0.39454130266289145,0.7520532572025175,,False,0.0,0.7164179104477612,0.9999999999999998
seller,52f976b17ea7f2f087f56dcc419328f6,6,0.0,0.39533579429568566,0.0,0.0,0.0,9.331002927994149,-0.39533579429568566,1.0,,False,0.0,0.7167571234735414,0.9999999999999998
seller,e88c9b79e592e370d6bd852eeefbf057,8,0.0,0.39575751181879304,0.0,0.0,0.0,9.32105985091946,-0.39575751181879304,1.0,,False,0.0,0.7170963364993216,0.9999999999999998
seller,ae45df84722b1d15c5f32b23a095746c,9,0.0,0.3957859771665678,0.0,0.0,0.0,9.32038947039667,-0.3957859771665678,1.0,,False,0.0,0.7174355495251018,0.9999999999999998
seller,6c6e3d67f969468f3bfd33f827a31222,5,0.0,0.3962274632428382,0.0,0.0,0.0,9.310004470470313,-0.3962274632428382,1.0,,False,0.0,0.7177747625508819,0.9999999999999998
seller,75745ef7bc7d4f3ea3380f6f5303f514,3,0.0,0.39694558786028755,0.0,0.0,0.0,9.293161498528372,-0.39694558786028755,1.0,,False,0.0,0.7181139755766621,0.9999999999999998
seller,5962468f885ea01a1b6a97a218797b0a,6,0.0,0.3971609012601744,0.0,0.0,0.0,9.288123383770357,-0.3971609012601744,1.0,,False,0.0,0.7184531886024423,0.9999999999999998
seller,bd4431c1a8dfa744b59e1e2a8bc99b9e,6,0.0,0.3973828074251304,0.0,0.0,0.0,9.282936717912602,-0.3973828074251304,1.0,,False,0.0,0.7187924016282226,0.9999999999999998
seller,31eec405c9bb71dec8e2629a92e764fa,5,0.0,0.3976464641505078,0.0,0.0,0.0,9.276781731215664,-0.3976464641505078,1.0,,False,0.0,0.7191316146540027,0.9999999999999998
seller,1b45169b635ef59425637e9a33eb5fb3,7,0.0,0.39909274444624315,0.0,0.0,0.0,9.243163413638102,-0.39909274444624315,1.0,,False,0.0,0.7194708276797829,0.9999999999999998
seller,09bad886111255c5b5030314fc7f1a4a,5,0.0,0.3995142425480075,0.0,0.0,0.0,9.233411631553192,-0.3995142425480075,1.0,,False,0.0,0.7198100407055631,0.9999999999999998
seller,334cab711dee080b079fa5779b584783,9,0.0,0.4001652342784878,0.0,0.0,0.0,9.218390649965174,-0.4001652342784878,1.0,,False,0.0,0.7201492537313433,0.9999999999999998
seller,efff9341f3f8f5237b44ff67ed36a7bf,5,0.0,0.4003428697268006,0.0,0.0,0.0,9.214300373655403,-0.4003428697268006,1.0,,False,0.0,0.7204884667571235,0.9999999999999998
seller,431050a06a317f2b38168dec3dcd2b46,9,0.0,0.4019727049647831,0.0,0.0,0.0,9.176940146812004,-0.4019727049647831,1.0,,False,0.0,0.7208276797829036,0.9999999999999998
seller,33c51922b6e3c16b24a8f28e5833c99d,18,1.0,1.4022220796164466,0.05555555555555555,0.7131537967748536,0.01805549089001303,3.973438638523595,-0.4022220796164466,0.753950385792884,,False,0.0,0.7211668928086838,0.9999999999999998
seller,0951a6e282947e09cd47969f4ed0b47f,7,0.0,0.40237427047207014,0.0,0.0,0.0,9.167781652107376,-0.40237427047207014,1.0,,False,0.0,0.7215061058344641,0.9999999999999998
seller,cbf09e831b0c11f6f23ffb51004db972,9,0.0,0.4026830973485258,0.0,0.0,0.0,9.160750670697205,-0.4026830973485258,1.0,,False,0.0,0.7218453188602443,0.9999999999999998
seller,160e4f13fd3a64b1b86807be88b5ffb0,4,0.0,0.40396236954513665,0.0,0.0,0.0,9.131740311028548,-0.40396236954513665,1.0,,False,0.0,0.7221845318860244,0.9999999999999998
seller,9dc79dd988ac42f4d56c340d7048420a,4,0.0,0.4083718706547429,0.0,0.0,0.0,9.033137978381205,-0.4083718706547429,1.0,,False,0.0,0.7225237449118046,0.9999999999999998
seller,e58a5b390e28abc0b216cfb0e07d27d7,7,0.0,0.4091610068690693,0.0,0.0,0.0,9.015716043768485,-0.4091610068690693,1.0,,False,0.0,0.7228629579375848,0.9999999999999998
seller,0bebbb2cea103a4a020c95d43fd7d754,6,0.0,0.40933113426500906,0.0,0.0,0.0,9.011968905657888,-0.40933113426500906,1.0,,False,0.0,0.723202170963365,0.9999999999999998
seller,22c32ec35d0116ef02c281798a25bf8b,4,0.0,0.41054230097333866,0.0,0.0,0.0,8.985382128389976,-0.41054230097333866,1.0,,False,0.0,0.7235413839891451,0.9999999999999998
seller,6a0cbc8af2e8abd1bdfb777943d174c6,34,3.0,3.4108773336041867,0.08823529411764706,0.8795391058024291,0.18138210858549592,2.5703865053622934,-0.41087733360418666,0.6623536233116278,,False,0.0,0.7238805970149254,0.9999999999999998
seller,7b98de631987e26dd6d803490c43a13c,8,0.0,0.41154869205223565,0.0,0.0,0.0,8.963409495286953,-0.41154869205223565,1.0,,False,0.0,0.7242198100407056,0.9999999999999998
seller,89a51f50b8095ea78d5768f34c13a76f,8,0.0,0.4125463295445756,0.0,0.0,0.0,8.941733788266204,-0.4125463295445756,1.0,,False,0.0,0.7245590230664858,0.9999999999999998
seller,e250d617a0ad591ba9bd663e584a895d,8,0.0,0.4160051123159465,0.0,0.0,0.0,8.867389714461765,-0.4160051123159465,1.0,,False,0.0,0.7248982360922659,0.9999999999999998
seller,725af026f869236a8dd0ceb98564d156,5,0.0,0.4179202458754571,0.0,0.0,0.0,8.826754603348997,-0.4179202458754571,1.0,,False,0.0,0.7252374491180461,0.9999999999999998
seller,4c8545742faaf58fafd5fd14d25d75cf,4,0.0,0.41803318427566294,0.0,0.0,0.0,8.824369913373632,-0.41803318427566294,1.0,,False,0.0,0.7255766621438263,0.9999999999999998
seller,b8578d2d823bd8e251f6fdd02b40902d,8,0.0,0.4188276785368797,0.0,0.0,0.0,8.807630543904258,-0.4188276785368797,1.0,,False,0.0,0.7259158751696065,0.9999999999999998
seller,52d76513f0c4d97f3b99570e2c94ee31,17,1.0,1.4209834889294286,0.058823529411764705,0.7037379447338982,0.017817102156031633,3.920976868729547,-0.4209834889294286,0.7585235893019844,,False,0.0,0.7262550881953868,0.9999999999999998
seller,c5f7e746b7e6d07def6c0dae9903279b,9,0.0,0.421373231659578,0.0,0.0,0.0,8.754422865413845,-0.421373231659578,1.0,,False,0.0,0.7265943012211669,0.9999999999999998
seller,9bcdfa7b615b3abb9461d9e3ad9886ae,14,1.0,1.4232279334480737,0.07142857142857142,0.7026281430391029,0.01778900440982217,3.9147934494514884,-0.42322793344807375,0.7590649619406667,,False,0.0,0.7269335142469471,0.9999999999999998
seller,6989574bd97d9773f10d232b6c07da59,7,0.0,0.4239699291636815,0.0,0.0,0.0,8.70080446835128,-0.4239699291636815,1.0,,False,0.0,0.7272727272727273,0.9999999999999998
seller,365e445f796710c3431557e85caa25db,4,0.0,0.4239833391999206,0.0,0.0,0.0,8.700529273331941,-0.4239833391999206,1.0,,False,0.0,0.7276119402985075,0.9999999999999998
seller,2063dd1b9f568df1c16741ea7d3e6adb,3,0.0,0.42612939059230787,0.0,0.0,0.0,8.656712105650579,-0.42612939059230787,1.0,,False,0.0,0.7279511533242876,0.9999999999999998
seller,4d0041cdbe51b4617d95c70b19decc74,8,0.0,0.4266856335838045,0.0,0.0,0.0,8.645426899261677,-0.4266856335838045,1.0,,False,0.0,0.7282903663500678,0.9999999999999998
seller,53b0300ca793f9834cd69c0678d35ee8,5,0.0,0.4267451044429258,0.0,0.0,0.0,8.644222079429378,-0.4267451044429258,1.0,,False,0.0,0.728629579375848,0.9999999999999998
seller,a90a5da8b09e44264a177c0374a5ac87,3,0.0,0.4279046078949783,0.0,0.0,0.0,8.62079862205949,-0.4279046078949783,1.0,,False,0.0,0.7289687924016283,0.9999999999999998
seller,4d232b78ab7ef10393dc3807d827bc0d,5,0.0,0.4282781808401812,0.0,0.0,0.0,8.613278983480363,-0.4282781808401812,1.0,,False,0.0,0.7293080054274084,0.9999999999999998
seller,d9e8c084b68fe958861d8f2c21202e6b,9,0.0,0.4284039050842761,0.0,0.0,0.0,8.610751233437647,-0.4284039050842761,1.0,,False,0.0,0.7296472184531886,0.9999999999999998
seller,c157bdeedcbc9a8e3c8bf0d87ff24428,7,0.0,0.42898632882405147,0.0,0.0,0.0,8.599060637260838,-0.42898632882405147,1.0,,False,0.0,0.7299864314789688,0.9999999999999998
seller,33cbda8716511e27e556dff9d8418bf2,5,0.0,0.42938143305824533,0.0,0.0,0.0,8.591148033206972,-0.42938143305824533,1.0,,False,0.0,0.730325644504749,0.9999999999999998
seller,5f1dc28029d2c244352a68107ec2b542,60,4.0,4.429965132731578,0.06666666666666667,0.9029416440425897,0.24602120806181127,2.3118892290442448,-0.4299651327315779,0.6457503739649153,,False,0.0,0.7306648575305291,0.9999999999999998
seller,bdae679a9b282249bc23b9b69dae9a99,6,0.0,0.4304876474606962,0.0,0.0,0.0,8.569071553791176,-0.4304876474606962,1.0,,False,0.0,0.7310040705563093,0.9999999999999998
seller,6288c69c4ce638e59925e59193f98b16,20,1.0,1.4307840104311282,0.05,0.6989175114549099,0.01769505935187313,3.8941191335092102,-0.43078401043112824,0.7608786249184742,,False,0.0,0.7313432835820896,0.9999999999999998
seller,0e982cff76cc0579f632cea8a0e38c9d,5,0.0,0.4308420511693731,0.0,0.0,0.0,8.56202277401135,-0.4308420511693731,1.0,,False,0.0,0.7316824966078698,0.9999999999999998
seller,81783131d2a97c8d44d406a4be81b5d9,7,0.0,0.4310715838634398,0.0,0.0,0.0,8.557463753589808,-0.4310715838634398,1.0,,False,0.0,0.73202170963365,0.9999999999999998
seller,bf961104a38e01b9062ee026bb657dee,4,0.0,0.4358057699042996,0.0,0.0,0.0,8.46450347576626,-0.4358057699042996,1.0,,False,0.0,0.7323609226594301,0.9999999999999998
seller,0b0ddbc7b9d9584f442c7ac92b0ff6c9,3,0.0,0.43696703137016907,0.0,0.0,0.0,8.442008639752423,-0.43696703137016907,1.0,,False,0.0,0.7327001356852103,0.9999999999999998
seller,da03c298e3999e9d828591fc2179d109,4,0.0,0.43721299847471384,0.0,0.0,0.0,8.437259338087317,-0.43721299847471384,1.0,,False,0.0,0.7330393487109905,0.9999999999999998
seller,01ed254b9ff8407dfb9d99ba1e17d923,5,0.0,0.43730028572882196,0.0,0.0,0.0,8.435575220276618,-0.43730028572882196,1.0,,False,0.0,0.7333785617367707,0.9999999999999998
seller,ffff564a4f9085cd26170f4732393726,8,0.0,0.4378813857618907,0.0,0.0,0.0,8.42438060639522,-0.4378813857618907,1.0,,False,0.0,0.7337177747625508,0.9999999999999998
seller,6426d21aca402a131fc0a5d0960a3c90,23,1.0,1.4398683839466029,0.043478260869565216,0.6945079224943137,0.01758341822527911,3.8695504763201476,-0.4398683839466029,0.7630410557691258,,False,0.0,0.7340569877883311,0.9999999999999998
seller,39d61be7a92eb77b7da367bd4845bc0e,7,0.0,0.4407577557014496,0.0,0.0,0.0,8.369403388587504,-0.4407577557014496,1.0,,False,0.0,0.7343962008141113,0.9999999999999998
seller,70b52a4cfc823994561b00bad161b4ed,8,0.0,0.44153850330943756,0.0,0.0,0.0,8.354604245076917,-0.44153850330943756,1.0,,False,0.0,0.7347354138398915,0.9999999999999998
seller,ff82e8873fba613f2261a9acc896fd84,4,0.0,0.44400942849321884,0.0,0.0,0.0,8.308110633218849,-0.44400942849321884,1.0,,False,0.0,0.7350746268656716,0.9999999999999998
seller,0ddefe3c7a032b91f4e25b9c3a08fca1,9,0.0,0.44424761440481697,0.0,0.0,0.0,8.303656191955314,-0.44424761440481697,1.0,,False,0.0,0.7354138398914518,0.9999999999999998
seller,be9a160a9011f627c3e121d076c1ec7b,5,0.0,0.4461655984605023,0.0,0.0,0.0,8.267960297347983,-0.4461655984605023,1.0,,False,0.0,0.735753052917232,0.9999999999999998
seller,b81e3a6c866a764974fe849821abeebd,8,0.0,0.4465093772835615,0.0,0.0,0.0,8.261594586335564,-0.4465093772835615,1.0,,False,0.0,0.7360922659430122,0.9999999999999998
seller,253f95b3a0e6983ae18aed49fbc2b845,5,0.0,0.4475091060227429,0.0,0.0,0.0,8.243138305942008,-0.4475091060227429,1.0,,False,0.0,0.7364314789687924,0.9999999999999998
seller,b2ac621f0d0322434d04a12b078b9369,29,3.0,3.4483257140707417,0.10344827586206896,0.8699874225217855,0.17941232186134184,2.542472433496595,-0.44832571407074173,0.6694892718184153,,False,0.0,0.7367706919945726,0.9999999999999998
seller,52092ddbd3a58c450a4459bf051b2287,5,0.0,0.4503429015335707,0.0,0.0,0.0,8.191268123805319,-0.4503429015335707,1.0,,False,0.0,0.7371099050203528,0.9999999999999998
seller,5795aebfe331fbcd02a2c4b679fb7952,5,0.0,0.4508792318769202,0.0,0.0,0.0,8.181524437836417,-0.4508792318769202,1.0,,False,0.0,0.737449118046133,0.9999999999999998
seller,6750d71153f00fc58829af2a8ef1bcf1,6,0.0,0.4510841197024722,0.0,0.0,0.0,8.177808291160995,-0.4510841197024722,1.0,,False,0.0,0.7377883310719131,0.9999999999999998
seller,b0398568231ba5e6734af1881671a317,4,0.0,0.45157609494149165,0.0,0.0,0.0,8.168898875375332,-0.45157609494149165,1.0,,False,0.0,0.7381275440976933,0.9999999999999998
seller,a5bff0f43eb51f0cad7c37fac7244c8a,4,0.0,0.45185812517861945,0.0,0.0,0.0,8.16380020311845,-0.45185812517861945,1.0,,False,0.0,0.7384667571234735,0.9999999999999998
seller,5882820ef11c4c068eea0677a7a879b4,14,1.0,1.4533697789248132,0.07142857142857142,0.6880561399451892,0.017420073233543984,3.833603444720543,-0.4533697789248132,0.7662188315932317,,False,0.0,0.7388059701492538,0.9999999999999998
seller,acf974e4d5950ad143a247471b831eb9,5,0.0,0.4566569951041666,0.0,0.0,0.0,8.078009301647677,-0.4566569951041666,1.0,,False,0.0,0.739145183175034,0.9999999999999998
seller,ea65d8b58316a6f2362f2a9e4b3e86ad,9,0.0,0.4566783223987164,0.0,0.0,0.0,8.077632051239014,-0.4566783223987164,1.0,,False,0.0,0.7394843962008141,0.9999999999999998
seller,63a79f5a7eb5cb48a7e5787b141c7993,10,0.0,0.45695864333181224,0.0,0.0,0.0,8.072676833985001,-0.45695864333181224,1.0,,False,0.0,0.7398236092265943,0.9999999999999998
seller,c70a353f02429c00775a46a75fb787da,6,0.0,0.45961728546427444,0.0,0.0,0.0,8.025980681704949,-0.45961728546427444,1.0,,False,0.0,0.7401628222523745,0.9999999999999998
seller,f80edd2c5aaa505cc4b0a3b219abf4b8,112,6.0,6.460930499261714,0.05357142857142857,0.9286588055212196,0.3408014145551418,2.021299257747933,-0.46093049926171403,0.6252543197040072,1.0,False,0.0,0.7405020352781547,0.9999999999999998
seller,ade45994b717ccee333492330fbf037b,10,0.0,0.4627950640597217,0.0,0.0,0.0,7.970870349727631,-0.4627950640597217,1.0,,False,0.0,0.7408412483039348,0.9999999999999998
seller,3f2af2670e104d1bcb54022274daeac5,5,0.0,0.46298260147734066,0.0,0.0,0.0,7.96764163997311,-0.46298260147734066,1.0,,False,0.0,0.741180461329715,0.9999999999999998
seller,49383af7ab774e4e8f3000f49c83dc4b,8,0.0,0.4649545290881912,0.0,0.0,0.0,7.933849921514024,-0.4649545290881912,1.0,,False,0.0,0.7415196743554953,0.9999999999999998
seller,7354220fb240bde543b3c40c060d41e7,7,0.0,0.46746907920555825,0.0,0.0,0.0,7.891173166753645,-0.46746907920555825,1.0,,False,0.0,0.7418588873812755,0.9999999999999998
seller,02b72cdeb9cfcc429f1af6f4e3f3b737,4,0.0,0.4691549140885589,0.0,0.0,0.0,7.862817468896026,-0.4691549140885589,1.0,,False,0.0,0.7421981004070556,0.9999999999999998
seller,485452467ff670447e84a8370c3fc898,3,0.0,0.4692510374388549,0.0,0.0,0.0,7.861206816393262,-0.4692510374388549,1.0,,False,0.0,0.7425373134328358,0.9999999999999998
seller,a72c2f59332659e361d647515c698798,5,0.0,0.47013037813329395,0.0,0.0,0.0,7.846503067427912,-0.47013037813329395,1.0,,False,0.0,0.742876526458616,0.9999999999999998
seller,fb3cfbc8a86f5d7fbb4d36b8df63f60d,8,0.0,0.4706716541535002,0.0,0.0,0.0,7.837479528586356,-0.4706716541535002,1.0,,False,0.0,0.7432157394843962,0.9999999999999998
seller,17908cf9b444ee34047cadd5c0f4a516,11,1.0,1.4709940245584041,0.09090909090909091,0.6798124148058333,0.01721136018339051,3.787672348031134,-0.4709940245584041,0.7703029528368424,,False,0.0,0.7435549525101763,0.9999999999999998
seller,b586cd24c010a13916af621b0325fbba,6,0.0,0.47240161062041425,0.0,0.0,0.0,7.808778317392394,-0.47240161062041425,1.0,,False,0.0,0.7438941655359566,0.9999999999999998
seller,1f867308a0ce13133a4e639ff4de0c02,6,0.0,0.47446974399122394,0.0,0.0,0.0,7.774741173342693,-0.47446974399122394,1.0,,False,0.0,0.7442333785617368,0.9999999999999998
seller,7dc8c42cc750eeafea6c85712ffee9bf,39,2.0,2.4753833889302372,0.05128205128205128,0.8079556520189468,0.09784717778551398,2.9186136176045783,-0.47538338893023724,0.7076134609507351,,False,0.0,0.744572591587517,0.9999999999999998
seller,6061155addc1e54b4cfb51c1c2a32ad8,27,1.0,1.4760668819859366,0.037037037037037035,0.677476076595239,0.017152209221188323,3.774655104681078,-0.4760668819859366,0.7714652227014931,,False,0.0,0.7449118046132972,0.9999999999999998
seller,9bade61a92bed55a25d2b67b9f4ed739,2,0.0,0.4767076557339489,0.0,0.0,0.0,7.738242526091721,-0.4767076557339489,1.0,,False,0.0,0.7452510176390773,0.9999999999999998
seller,d4ffeb15b67e81ff9af2b4252d99fb7e,10,0.0,0.4767600854161629,0.0,0.0,0.0,7.737391545464466,-0.4767600854161629,1.0,,False,0.0,0.7455902306648575,0.9999999999999998
seller,92d14edfb62ee5ae7fdff70b0f4e7233,7,0.0,0.47911823779905366,0.0,0.0,0.0,7.699309195700213,-0.47911823779905366,1.0,,False,0.0,0.7459294436906377,0.9999999999999998
seller,651fe66032c9520ee5587f694908040d,7,0.0,0.481087652594704,0.0,0.0,0.0,7.66779075334461,-0.481087652594704,1.0,,False,0.0,0.746268656716418,0.9999999999999998
seller,8476243f92442881ddd5b578975cf115,12,1.0,1.4814740003060207,0.08333333333333333,0.6750034086277822,0.017089606688379347,3.7608782805422107,-0.4814740003060207,0.7726976024684108,,False,0.0,0.7466078697421981,0.9999999999999998
seller,2f4b9d112bfa44a214bc6cef085d17c8,5,0.0,0.48215173657555993,0.0,0.0,0.0,7.65086833517157,-0.48215173657555993,1.0,,False,0.0,0.7469470827679783,0.9999999999999998
seller,b3f19518fcec265b2e97af287725f981,8,0.0,0.48271308196603774,0.0,0.0,0.0,7.641971166576907,-0.48271308196603774,1.0,,False,0.0,0.7472862957937585,0.9999999999999998
seller,8b2d4ab22f42c5cfc338b846decfda60,6,0.0,0.4842300608265213,0.0,0.0,0.0,7.61803066876408,-0.4842300608265213,1.0,,False,0.0,0.7476255088195387,0.9999999999999998
seller,392e0502231ae2f8b29994ef6398cd77,17,2.0,2.484377492260263,0.11764705882352941,0.8050306389551207,0.09749294513355349,2.9080474646995,-0.48437749226026305,0.7094815196039941,,False,0.0,0.7479647218453188,0.9999999999999998
seller,4221a7df464f1fe2955934e30ff3a5a1,5,0.0,0.48493975220735563,0.0,0.0,0.0,7.606881962806393,-0.48493975220735563,1.0,,False,0.0,0.748303934871099,0.9999999999999998
seller,ff1e15b778c700abdd4d239b81ac466d,7,0.0,0.4858279577117558,0.0,0.0,0.0,7.592974828967266,-0.4858279577117558,1.0,,False,0.0,0.7486431478968792,0.9999999999999998
seller,f650a9708fa1bab22bdd8d3a818cc415,4,0.0,0.48592536237973344,0.0,0.0,0.0,7.591452802645042,-0.48592536237973344,1.0,,False,0.0,0.7489823609226595,0.9999999999999998
seller,9803a40e82e45418ab7fb84091af5231,11,0.0,0.48694523479387525,0.0,0.0,0.0,7.575553040734539,-0.48694523479387525,1.0,,False,0.0,0.7493215739484396,0.9999999999999998
seller,23ca5f678e0b3ea6c630b30fa8bf51ea,6,0.0,0.48697352713770015,0.0,0.0,0.0,7.575112913829587,-0.48697352713770015,1.0,,False,0.0,0.7496607869742198,0.9999999999999998
seller,f789d2c4f2c2eb38fc4373e7a4b35264,40,2.0,2.4873497256292647,0.05,0.8040686757444323,0.09737644692593014,2.904572522826968,-0.4873497256292647,0.7100966446144736,,False,0.0,0.75,0.9999999999999998
seller,e0eabded302882513ced4ea3eb0c7059,8,0.0,0.4912025250813283,0.0,0.0,0.0,7.509895136437192,-0.4912025250813283,1.0,,False,0.0,0.7503392130257802,0.9999999999999998
seller,c53bcd3be457a342a97e39e5a9f0be22,5,0.0,0.49232997128289907,0.0,0.0,0.0,7.492697315382935,-0.49232997128289907,1.0,,False,0.0,0.7506784260515604,0.9999999999999998
seller,e439f7176d763f92de325271111b2fd5,6,0.0,0.49447263600068003,0.0,0.0,0.0,7.460229718574078,-0.49447263600068003,1.0,,False,0.0,0.7510176390773405,0.9999999999999998
seller,141440cad9341e553f8401c574a2aa38,10,0.0,0.49508123687293454,0.0,0.0,0.0,7.451058895735747,-0.49508123687293454,1.0,,False,0.0,0.7513568521031208,0.9999999999999998
seller,7a425d299613df3e613bcf9d2eaf5c49,18,1.0,1.496141477403245,0.05555555555555555,0.6683859882927881,0.016922068110986628,3.7240083742676764,-0.4961414774032451,0.7760072239453694,,False,0.0,0.751696065128901,0.9999999999999998
seller,4b5f66b7adcf57f1ecc0d3c07dd6b177,23,1.0,1.4974054423735639,0.043478260869565216,0.6678218014320038,0.016907784136378036,3.720864926273533,-0.4974054423735639,0.7762901641170051,,False,0.0,0.7520352781546812,0.9999999999999998
seller,1996942dc085d7773ba77a529b163cd0,9,0.0,0.4975567327539874,0.0,0.0,0.0,7.413987614429227,-0.4975567327539874,1.0,,False,0.0,0.7523744911804613,0.9999999999999998
seller,b6e1504972665f739dec4facb9943775,14,1.0,1.4975584216153384,0.07142857142857142,0.6677535818077481,0.016906056965030367,3.7204848308549168,-0.49755842161533836,0.7763243844605081,,False,0.0,0.7527137042062415,0.9999999999999998
seller,8a87611c08849ffeeccab52aa798b6c7,5,0.0,0.4977042949203069,0.0,0.0,0.0,7.411789473716726,-0.4977042949203069,1.0,,False,0.0,0.7530529172320217,0.9999999999999998
seller,de0c78824586e9a5f5f04fd84e25df39,13,0.0,0.49771543293997333,0.0,0.0,0.0,7.411623610551836,-0.49771543293997333,1.0,,False,0.0,0.7533921302578019,0.9999999999999998
seller,f5b44895715ddfe3087dc414f30268f3,19,1.0,1.5014196381836211,0.05263157894736842,0.6660363129456428,0.016862579481722186,3.7109168211489023,-0.5014196381836211,0.7771863792079938,,False,0.0,0.753731343283582,0.9999999999999998
seller,3d0cd21d41671c46f82cd11176bf7277,9,0.0,0.5018960112555588,0.0,0.0,0.0,7.349887967600536,-0.5018960112555588,1.0,,False,0.0,0.7540705563093623,0.9999999999999998
seller,8fe8786ee000001ab51d030dfd4a7bf1,5,0.0,0.5033552901928406,0.0,0.0,0.0,7.3285798838047125,-0.5033552901928406,1.0,,False,0.0,0.7544097693351425,0.9999999999999998
seller,2cb6eb1b7185064167657fa09f541105,6,0.0,0.5033848834987003,0.0,0.0,0.0,7.328149046659761,-0.5033848834987003,1.0,,False,0.0,0.7547489823609227,0.9999999999999998
seller,ef30892870c278497523264be1be2241,9,0.0,0.503409173659165,0.0,0.0,0.0,7.327795453746546,-0.503409173659165,1.0,,False,0.0,0.7550881953867028,0.9999999999999998
seller,3a490ba60afa30ece0e7d50cfe74a4f0,8,0.0,0.5055314292802193,0.0,0.0,0.0,7.2970328657235,-0.5055314292802193,1.0,,False,0.0,0.755427408412483,0.9999999999999998
seller,297d5eccd19fa9a83b2630071ff105e4,8,0.0,0.5067767933126615,0.0,0.0,0.0,7.279100982506989,-0.5067767933126615,1.0,,False,0.0,0.7557666214382632,0.9999999999999998
seller,6c1b6d0c604b776f844125f911eb7377,4,0.0,0.5103189285736259,0.0,0.0,0.0,7.228576577444598,-0.5103189285736259,1.0,,False,0.0,0.7561058344640434,0.9999999999999998
seller,e70053bf73d1b5863932e53a9fa47496,7,0.0,0.5111293660632072,0.0,0.0,0.0,7.217115077003346,-0.5111293660632072,1.0,,False,0.0,0.7564450474898237,0.9999999999999998
seller,9fc70243fb26800cba56e8f014797004,6,0.0,0.512398864719282,0.0,0.0,0.0,7.199234245249333,-0.512398864719282,1.0,,False,0.0,0.7567842605156038,0.9999999999999998
seller,fe1b067411b8c5066e962aa146ccee03,8,0.0,0.5137454295925841,0.0,0.0,0.0,7.18036451835558,-0.5137454295925841,1.0,,False,0.0,0.757123473541384,0.9999999999999998
seller,e883aa812c37a7413226856f4579fe91,25,1.0,1.5137865519602483,0.04,0.660595114089942,0.016724820253889213,3.6806004015057523,-0.5137865519602483,0.7799249274467803,,False,0.0,0.7574626865671642,0.9999999999999998
seller,82cb9f452fe8334df74b22d37824b431,13,0.0,0.5155253197343558,0.0,0.0,0.0,7.155573766997074,-0.5155253197343558,1.0,,False,0.0,0.7578018995929444,0.9999999999999998
seller,89de2d6f23e9746ff309705b23581faa,7,0.0,0.5155283536402382,0.0,0.0,0.0,7.1555316561467395,-0.5155283536402382,1.0,,False,0.0,0.7581411126187245,0.9999999999999998
seller,2bd05d410a8fd26dc4184a15f4f2f588,6,0.0,0.5162872491016846,0.0,0.0,0.0,7.145013673168205,-0.5162872491016846,1.0,,False,0.0,0.7584803256445047,0.9999999999999998
seller,d29ba1220fb8634fa3a107e54497b8a4,9,0.0,0.517676406179163,0.0,0.0,0.0,7.125840409341059,-0.517676406179163,1.0,,False,0.0,0.758819538670285,0.9999999999999998
seller,f8d5c7085db9a4ad2b8c1ffbeb2798c8,6,0.0,0.5182231526807898,0.0,0.0,0.0,7.1183223579093475,-0.5182231526807898,1.0,,False,0.0,0.7591587516960652,0.9999999999999998
seller,f35becee938e982bd615edf8ef12bcfb,6,0.0,0.5196647395454935,0.0,0.0,0.0,7.0985756265477695,-0.5196647395454935,1.0,,False,0.0,0.7594979647218453,0.9999999999999998
seller,8b2492b7ff4468839593fafeed55bad9,28,2.0,2.5198309921067406,0.07142857142857142,0.793704024700431,0.0961212396000664,2.8671318395380387,-0.5198309921067406,0.7167479147572181,,False,0.0,0.7598371777476255,0.9999999999999998
seller,ffad1e7127fb622cb64a900751590acd,10,0.0,0.5208733069805861,0.0,0.0,0.0,7.082105004569617,-0.5208733069805861,1.0,,False,0.0,0.7601763907734057,0.9999999999999998
seller,c7a0a13cbcf29d5ce51c8f80afdc0b89,8,0.0,0.5224510970655607,0.0,0.0,0.0,7.060717213215134,-0.5224510970655607,1.0,,False,0.0,0.7605156037991859,0.9999999999999998
seller,a806a4bb063ea7ca6d374eafa50a6058,5,0.0,0.5235693548851424,0.0,0.0,0.0,7.045636685369372,-0.5235693548851424,1.0,,False,0.0,0.760854816824966,0.9999999999999998
seller,55dedd83e501d8248880557d9073cbfd,7,0.0,0.5243479496059681,0.0,0.0,0.0,7.035174747772007,-0.5243479496059681,1.0,,False,0.0,0.7611940298507462,0.9999999999999998
seller,a414555ce331b8c8aea4a9cb8395194d,7,0.0,0.5252975660606805,0.0,0.0,0.0,7.022456779645176,-0.5252975660606805,1.0,,False,0.0,0.7615332428765265,0.9999999999999998
seller,a2fa0bdc798ee84cdb08281337cf4fb6,8,0.0,0.5254010319232918,0.0,0.0,0.0,7.021073865444005,-0.5254010319232918,1.0,,False,0.0,0.7618724559023067,0.9999999999999998
seller,3be5841cdcc46de4ed3f9116f104b2c5,4,0.0,0.526637066424864,0.0,0.0,0.0,7.004595174350936,-0.526637066424864,1.0,,False,0.0,0.7622116689280869,0.9999999999999998
seller,fac1a9017ade7bdc94058fc1c969f355,9,0.0,0.5272520235078109,0.0,0.0,0.0,6.996425408805068,-0.5272520235078109,1.0,,False,0.0,0.762550881953867,0.9999999999999998
seller,404e1ba01358af4cd63f679b2c4d1fa1,8,0.0,0.5290251243559305,0.0,0.0,0.0,6.972975921710743,-0.5290251243559305,1.0,,False,0.0,0.7628900949796472,0.9999999999999998
seller,818d28f936e791926d33bcb6ee94ef79,4,0.0,0.5306047843105386,0.0,0.0,0.0,6.952216721730507,-0.5306047843105386,1.0,,False,0.0,0.7632293080054274,0.9999999999999998
seller,5b85809efd0d0e4dea1a9544e1280ed9,10,0.0,0.5331330652547098,0.0,0.0,0.0,6.919247172094898,-0.5331330652547098,1.0,,False,0.0,0.7635685210312076,0.9999999999999998
seller,085f6f7e049c996695fb2074fe38d45e,6,0.0,0.5340552034280555,0.0,0.0,0.0,6.907299901649358,-0.5340552034280555,1.0,,False,0.0,0.7639077340569878,0.9999999999999998
seller,31561f325664a8a7aba4c8d0c3a9b3db,34,1.0,1.534718170395482,0.029411764705882353,0.651585430660738,0.01649671481882939,3.6304016583729766,-0.534718170395482,0.7844835784806212,,False,0.0,0.764246947082768,0.9999999999999998
seller,2ff6b7bff164ef05590a52734e1296da,7,0.0,0.5349934770160697,0.0,0.0,0.0,6.895185852898038,-0.5349934770160697,1.0,,False,0.0,0.7645861601085482,0.9999999999999998
seller,e256a62e0ac58c0edfba09966142d561,11,0.0,0.5361361652018949,0.0,0.0,0.0,6.880489870935678,-0.5361361652018949,1.0,,False,0.0,0.7649253731343284,0.9999999999999998
seller,e601b04acf48b4576e73ddca9481f0dc,13,0.0,0.5393408184046465,0.0,0.0,0.0,6.83960740265409,-0.5393408184046465,1.0,,False,0.0,0.7652645861601085,0.9999999999999998
seller,b7ed9fb14c8eadb37adb9c45d67ab0fb,7,0.0,0.540395717173198,0.0,0.0,0.0,6.82625590263818,-0.540395717173198,1.0,,False,0.0,0.7656037991858887,0.9999999999999998
seller,901b460cdce0c64e471230d7f2f9f3a3,5,0.0,0.5421655738843361,0.0,0.0,0.0,6.803972129187438,-0.5421655738843361,1.0,,False,0.0,0.7659430122116689,0.9999999999999998
seller,a36ac007a4d18f865c8d32c3b2402c2d,8,0.0,0.5432401684236364,0.0,0.0,0.0,6.790513052115149,-0.5432401684236364,1.0,,False,0.0,0.7662822252374492,0.9999999999999998
seller,5145090ab595c0d0b8557199f5701fbf,4,0.0,0.5434882480544063,0.0,0.0,0.0,6.7874134672083235,-0.5434882480544063,1.0,,False,0.0,0.7666214382632293,0.9999999999999998
seller,3f9be91358837bff69df67edfa3e42e8,7,0.0,0.5437042090549012,0.0,0.0,0.0,6.784717485498527,-0.5437042090549012,1.0,,False,0.0,0.7669606512890095,0.9999999999999998
seller,34f563c82a85b99ae9e6d60db5fc2e28,7,0.0,0.5458226807268035,0.0,0.0,0.0,6.758384333171934,-0.5458226807268035,1.0,,False,0.0,0.7672998643147897,0.9999999999999998
seller,63b9ae557efed31d1f7687917d248a8d,5,0.0,0.5463267271567742,0.0,0.0,0.0,6.752148981090161,-0.5463267271567742,1.0,,False,0.0,0.7676390773405699,0.9999999999999998
seller,0ad80de75c811326389cfb1daba7d45e,6,0.0,0.5488945829765832,0.0,0.0,0.0,6.720560866368231,-0.5488945829765832,1.0,,False,0.0,0.76797829036635,0.9999999999999998
seller,5ef131ac72773e5b3f6c0d63cf424657,9,0.0,0.5502558482459429,0.0,0.0,0.0,6.703935025630387,-0.5502558482459429,1.0,,False,0.0,0.7683175033921302,0.9999999999999998
seller,ef9952469137ff190bacafe117f51537,5,0.0,0.5511300873880793,0.0,0.0,0.0,6.693300798721235,-0.5511300873880793,1.0,,False,0.0,0.7686567164179104,0.9999999999999998
seller,8f54d64f28a993550aa7943f12572959,15,1.0,1.5543704367225895,0.06666666666666667,0.6433472847749943,0.01628814302314756,3.584501647295082,-0.5543704367225895,0.7886776184179073,,False,0.0,0.7689959294436907,0.9999999999999998
seller,dfa0c4c6229ab200a4a1336b4d7128ff,66,3.0,3.554966357321918,0.045454545454545456,0.843889842676319,0.17403037348619776,2.466204230508392,-0.5549663573219181,0.6891996957767479,,False,0.0,0.7693351424694709,0.9999999999999998
seller,e63e8bfa530fb16910dd6956e592bb81,38,2.0,2.5572893178383973,0.05263157894736842,0.7820781114006069,0.09471328756368384,2.8251350433164046,-0.5572893178383973,0.724258236455761,,False,0.0,0.769674355495251,0.9999999999999998
seller,6b803197e03abd5056b4313306b4f29d,7,0.0,0.557830395626776,0.0,0.0,0.0,6.612905074792715,-0.557830395626776,1.0,,False,0.0,0.7700135685210312,0.9999999999999998
seller,508808d438fe2ff972ed13bb8f4a82e2,8,0.0,0.5591822004382148,0.0,0.0,0.0,6.59691859151287,-0.5591822004382148,1.0,,False,0.0,0.7703527815468114,0.9999999999999998
seller,557f22c76691849db52d2abccf0015d0,12,0.0,0.5608292235158572,0.0,0.0,0.0,6.577544998436826,-0.5608292235158572,1.0,,False,0.0,0.7706919945725916,0.9999999999999998
seller,2fdde51ad3e12f297da656d4fbd5d0b5,9,0.0,0.5611761370587168,0.0,0.0,0.0,6.573478825112554,-0.5611761370587168,1.0,,False,0.0,0.7710312075983717,0.9999999999999998
seller,a1544b9ea0b2390e020537d4daa89049,8,0.0,0.561551402814908,0.0,0.0,0.0,6.569085992168415,-0.561551402814908,1.0,,False,0.0,0.771370420624152,0.9999999999999998
seller,41c9d3997dd3c072c31139dc5bb5761f,3,0.0,0.561951867066953,0.0,0.0,0.0,6.564404658654562,-0.561951867066953,1.0,,False,0.0,0.7717096336499322,0.9999999999999998
seller,c03121937e54a93fcc1825c3098bbb6e,7,0.0,0.5640184591006858,0.0,0.0,0.0,6.54035234945283,-0.5640184591006858,1.0,,False,0.0,0.7720488466757124,0.9999999999999998
seller,8d46553a36e68f95350a200c12f8f2e2,9,0.0,0.5642213425764308,0.0,0.0,0.0,6.5380005606828515,-0.5642213425764308,1.0,,False,0.0,0.7723880597014925,0.9999999999999998
seller,75a4764c108403a7a0575140cb22287c,5,0.0,0.5655820040455621,0.0,0.0,0.0,6.522271620609708,-0.5655820040455621,1.0,,False,0.0,0.7727272727272727,0.9999999999999998
seller,3f0e48d209018b466fcd3bb4ccfeb520,9,0.0,0.5660502887222426,0.0,0.0,0.0,6.516875845856243,-0.5660502887222426,1.0,,False,0.0,0.7730664857530529,0.9999999999999998
seller,f9903dd0f812c7e771fcad47b6fff231,8,0.0,0.5661394474940613,0.0,0.0,0.0,6.515849532199629,-0.5661394474940613,1.0,,False,0.0,0.7734056987788331,0.9999999999999998
seller,91543f9849d68d023e17194926598543,4,0.0,0.5667000662494619,0.0,0.0,0.0,6.509403604851684,-0.5667000662494619,1.0,,False,0.0,0.7737449118046132,0.9999999999999998
seller,8f119a0aee85c0c8fc534629734e94fd,72,4.0,4.56973467073831,0.05555555555555555,0.8753243433614363,0.2384964231304573,2.241177970568915,-0.5697346707383097,0.6693324624895257,,False,0.0,0.7740841248303935,0.9999999999999998
seller,7a9c12e235c36247c3c81f50d6ea9cea,5,0.0,0.5698772967327239,0.0,0.0,0.0,6.473111800142555,-0.5698772967327239,1.0,,False,0.0,0.7744233378561737,0.9999999999999998
seller,c2d70ce2c5d0a2eb75e78668236e6dc8,12,0.0,0.5699517258137647,0.0,0.0,0.0,6.472266486862607,-0.5699517258137647,1.0,,False,0.0,0.7747625508819539,0.9999999999999998
seller,26af45f5dfd967225a832838aa4e24a3,8,0.0,0.5703224655879775,0.0,0.0,0.0,6.468059171245976,-0.5703224655879775,1.0,,False,0.0,0.7751017639077341,0.9999999999999998
seller,ff4e2d38692ce827b1a4f4b8196e680d,10,0.0,0.5732325818106302,0.0,0.0,0.0,6.435222928993545,-0.5732325818106302,1.0,,False,0.0,0.7754409769335142,0.9999999999999998
seller,13c2ed7698b3ca92dad49e849219da59,8,0.0,0.5735459959830206,0.0,0.0,0.0,6.431706401840423,-0.5735459959830206,1.0,,False,0.0,0.7757801899592944,0.9999999999999998
seller,26bad72add1f86e08a776ce4ffdaf1ca,7,0.0,0.5741393154313891,0.0,0.0,0.0,6.425059832981886,-0.5741393154313891,1.0,,False,0.0,0.7761194029850746,0.9999999999999998
seller,41ab63a91b8b264e8c8780368bf1dd5b,11,0.0,0.57481729376743,0.0,0.0,0.0,6.417481683504201,-0.57481729376743,1.0,,False,0.0,0.7764586160108549,0.9999999999999998
seller,a2deecd5398f5df4987110c80a1972a3,12,0.0,0.5756556792152558,0.0,0.0,0.0,6.408135257421037,-0.5756556792152558,1.0,,False,0.0,0.776797829036635,0.9999999999999998
seller,5151aea44289d6c6b090ee31c2132508,7,0.0,0.5759747825098549,0.0,0.0,0.0,6.404585002904739,-0.5759747825098549,1.0,,False,0.0,0.7771370420624152,0.9999999999999998
seller,9aa388272ee334b6ae07bc73706e254a,6,0.0,0.5764127364010738,0.0,0.0,0.0,6.3997188492850645,-0.5764127364010738,1.0,,False,0.0,0.7774762550881954,0.9999999999999998
seller,3d39fbf22a665714baf62fae36029e23,8,0.0,0.5769539660945752,0.0,0.0,0.0,6.393715393073923,-0.5769539660945752,1.0,,False,0.0,0.7778154681139756,0.9999999999999998
seller,1fe5540d7c1c37a595fefbacd5570d9e,20,1.0,1.5771638596554596,0.05,0.6340495274970704,0.01605274418970055,3.5326978594069836,-0.5771638596554596,0.793439898325288,,False,0.0,0.7781546811397557,0.9999999999999998
seller,de66a66f2dd06bb9ec37aa96987466a3,7,0.0,0.5780029008451364,0.0,0.0,0.0,6.38211235396947,-0.5780029008451364,1.0,,False,0.0,0.7784938941655359,0.9999999999999998
seller,78ef7e885d17f35e2382a47aae8b8cce,3,0.0,0.5780242601895786,0.0,0.0,0.0,6.381876520034069,-0.5780242601895786,1.0,,False,0.0,0.7788331071913162,0.9999999999999998
seller,e2a1ac9bf33e5549a2a4f834e70df2f8,5,0.0,0.5799145807375434,0.0,0.0,0.0,6.361073814392401,-0.5799145807375434,1.0,,False,0.0,0.7791723202170964,0.9999999999999998
seller,6e4f5ff6b086632ba8dcb558fb10249e,5,0.0,0.5799452048528911,0.0,0.0,0.0,6.36073791669621,-0.5799452048528911,1.0,,False,0.0,0.7795115332428765,0.9999999999999998
seller,5c3460cd3e8a984382ae254e7dd20d9f,9,0.0,0.5803724973310012,0.0,0.0,0.0,6.356054897635981,-0.5803724973310012,1.0,,False,0.0,0.7798507462686567,0.9999999999999998
seller,56642bcb79900e777d68e91915cb4267,48,4.0,4.581502909701107,0.08333333333333333,0.8730759488398877,0.23788381129663555,2.235421187601482,-0.5815029097011069,0.6712677419111666,,False,0.0,0.7801899592944369,0.9999999999999998
seller,f4a04f7be452aa3bb31760bf00055dd0,18,1.0,1.5824616063350134,0.05555555555555555,0.6319268638156748,0.015999002998199754,3.5208711343353496,-0.5824616063350134,0.79453130785981,,False,0.0,0.7805291723202171,0.9999999999999998
seller,d1c7fa84e48cfa21a0e595167c1c500e,9,0.0,0.5844894663029029,0.0,0.0,0.0,6.31128474811936,-0.5844894663029029,1.0,,False,0.0,0.7808683853459973,0.9999999999999998
seller,5f26c1408a65b42a7224cd463bdf3292,8,0.0,0.5848511373888997,0.0,0.0,0.0,6.307381858883171,-0.5848511373888997,1.0,,False,0.0,0.7812075983717774,0.9999999999999998
seller,2e0dba2da448400b1c11d7b4b22f32a4,7,0.0,0.5849402479389613,0.0,0.0,0.0,6.306420984214564,-0.5849402479389613,1.0,,False,0.0,0.7815468113975577,0.9999999999999998
seller,d0d70d21e2234dd7cd3cf63fe414148a,7,0.0,0.5854895707704149,0.0,0.0,0.0,6.300504122148467,-0.5854895707704149,1.0,,False,0.0,0.7818860244233379,0.9999999999999998
seller,77fccaae319668a8ab6cd0fd16aec48c,10,0.0,0.5876079964143893,0.0,0.0,0.0,6.277789745244526,-0.5876079964143893,1.0,,False,0.0,0.7822252374491181,0.9999999999999998
seller,2009a095de2a2a41626f6c6d7722678d,7,0.0,0.5883556645674877,0.0,0.0,0.0,6.269812081822492,-0.5883556645674877,1.0,,False,0.0,0.7825644504748982,0.9999999999999998
seller,54219883e72aad869adfb2a54b7bfa0f,5,0.0,0.5914968759022103,0.0,0.0,0.0,6.2365155327106105,-0.5914968759022103,1.0,,False,0.0,0.7829036635006784,0.9999999999999998
seller,058fd0aa2bfdb2274e05e1ae971dabb6,59,4.0,4.593753051986989,0.06779661016949153,0.870747720813994,0.2372494475198036,2.229459999155545,-0.5937530519869894,0.6732739357045704,,False,0.0,0.7832428765264586,0.9999999999999998
seller,05feb94f19d094d4b0f9281f0b1d4c99,6,0.0,0.5946013560249761,0.0,0.0,0.0,6.203953988222968,-0.5946013560249761,1.0,,False,0.0,0.7835820895522388,0.9999999999999998
seller,89c127985a8b130cfa45c1d36764017a,6,0.0,0.5951715328522297,0.0,0.0,0.0,6.198010574255434,-0.5951715328522297,1.0,,False,0.0,0.783921302578019,0.9999999999999998
seller,4b39558c138930b9e5489c93b6df5fe3,4,0.0,0.5960242213880699,0.0,0.0,0.0,6.189143530984314,-0.5960242213880699,1.0,,False,0.0,0.7842605156037992,0.9999999999999998
seller,2ff97219cb8622eaf3cd89b7d9c09824,79,5.0,5.59823718988649,0.06329113924050633,0.8931382916452277,0.2899995721959288,2.0842868359350915,-0.5982371898864898,0.6575828009622313,,False,0.0,0.7845997286295794,0.9999999999999998
seller,d4910f1cdcfdabd48d6b316e395d4a23,10,0.0,0.5992790891521174,0.0,0.0,0.0,6.155528402189206,-0.5992790891521174,1.0,,False,0.0,0.7849389416553596,0.9999999999999998
seller,3985a3c45be355a4c57fde108bfabd1c,7,0.0,0.5997720587942622,0.0,0.0,0.0,6.150468999055722,-0.5997720587942622,1.0,,False,0.0,0.7852781546811397,0.9999999999999998
seller,94ca168e8bcb407ab85c5da308863027,5,0.0,0.6002168680152351,0.0,0.0,0.0,6.145911004321028,-0.6002168680152351,1.0,,False,0.0,0.7856173677069199,0.9999999999999998
seller,da6a60cc8cc724fe51be021ff8be779c,12,0.0,0.6016186128133834,0.0,0.0,0.0,6.13159130310716,-0.6016186128133834,1.0,,False,0.0,0.7859565807327001,0.9999999999999998
seller,bba3293d6f5d5af2f415e004e8b93ae3,17,1.0,1.6023247918522623,0.058823529411764705,0.6240931957646463,0.015800671694671146,3.4772247295120273,-0.6023247918522623,0.7985723042171977,,False,0.0,0.7862957937584804,0.9999999999999998
seller,02c988090b766852e088c69d7fb3b551,11,0.0,0.6024050859500013,0.0,0.0,0.0,6.123586171747737,-0.6024050859500013,1.0,,False,0.0,0.7866350067842606,0.9999999999999998
seller,f25e239052084705e17a982bc600ab2a,7,0.0,0.6040282394679575,0.0,0.0,0.0,6.107130781440266,-0.6040282394679575,1.0,,False,0.0,0.7869742198100407,0.9999999999999998
seller,26785a546900236d66f2e4197c211158,14,0.0,0.6050825918150537,0.0,0.0,0.0,6.096489147123668,-0.6050825918150537,1.0,,False,0.0,0.7873134328358209,0.9999999999999998
seller,972d0f9cf61b499a4812cf0bfa3ad3c4,79,9.0,9.606300166726786,0.11392405063291139,0.9368851528472096,0.4284035503733994,1.778499854771931,-0.6063001667267862,0.621157074862789,,False,0.0,0.7876526458616011,0.9999999999999998
seller,04aba03279157f6d4e0fe8ccaf21963c,15,1.0,1.6102303463182521,0.06666666666666667,0.6210291603847069,0.015723097035264772,3.4601530170377854,-0.6102303463182521,0.800158423998268,,False,0.0,0.7879918588873813,0.9999999999999998
seller,e2c92f9c1c7746d899d18f2e158bbff7,11,0.0,0.6108724329273874,0.0,0.0,0.0,6.038706700900385,-0.6108724329273874,1.0,,False,0.0,0.7883310719131614,0.9999999999999998
seller,a7c88262832dfc683781d6a421edefae,5,0.0,0.6109610246737083,0.0,0.0,0.0,6.037831064729587,-0.6109610246737083,1.0,,False,0.0,0.7886702849389416,0.9999999999999998
seller,713e3a23ca5e47786eb6f0d99f94cfac,4,0.0,0.6135522174665684,0.0,0.0,0.0,6.012331712116968,-0.6135522174665684,1.0,,False,0.0,0.7890094979647219,0.9999999999999998
seller,039b29ff3b3473435d0cd59040575de9,9,0.0,0.6135880134458584,0.0,0.0,0.0,6.011980959988935,-0.6135880134458584,1.0,,False,0.0,0.7893487109905021,0.9999999999999998
seller,c4fabeea6e569d42d02993bb1f4f1cbc,11,1.0,1.6140931201712183,0.09090909090909091,0.6195429417937938,0.015685469238357348,3.451872337048233,-0.6140931201712183,0.8009288778103666,,False,0.0,0.7896879240162822,0.9999999999999998
seller,c840d3fdbba0790404fdae73d253b253,9,0.0,0.6148804927124898,0.0,0.0,0.0,5.999343771406338,-0.6148804927124898,1.0,,False,0.0,0.7900271370420624,0.9999999999999998
seller,db46ca7bce82b11f7e247539271fc390,14,0.0,0.6191595015022417,0.0,0.0,0.0,5.957882331069387,-0.6191595015022417,1.0,,False,0.0,0.7903663500678426,0.9999999999999998
seller,747e73c01a4593d4cf60dcf970fd2689,3,0.0,0.619444932061249,0.0,0.0,0.0,5.955137031856755,-0.619444932061249,1.0,,False,0.0,0.7907055630936228,0.9999999999999998
seller,b2eecf5ea250510da76590ca79d60e5d,9,0.0,0.6198174128729176,0.0,0.0,0.0,5.951558277486266,-0.6198174128729176,1.0,,False,0.0,0.7910447761194029,0.9999999999999998
seller,c510bc1718f0f2961eaa42a23330681a,10,0.0,0.6229083172415733,0.0,0.0,0.0,5.922026327163861,-0.6229083172415733,1.0,,False,0.0,0.7913839891451832,0.9999999999999998
seller,7ff588a03c2aeae4fbd23f9ae64b760d,10,0.0,0.6233482125458066,0.0,0.0,0.0,5.917847167714239,-0.6233482125458066,1.0,,False,0.0,0.7917232021709634,0.9999999999999998
seller,1acde099eb406aa220b1169b188b42da,9,0.0,0.6236742137856164,0.0,0.0,0.0,5.914753845157308,-0.6236742137856164,1.0,,False,0.0,0.7920624151967436,0.9999999999999998
seller,9d681c7e12db302cb261e721040dde65,13,0.0,0.623836124988607,0.0,0.0,0.0,5.913218722595305,-0.623836124988607,1.0,,False,0.0,0.7924016282225237,0.9999999999999998
seller,788e857f317e53de488d393e65a80f45,11,0.0,0.6272562991107765,0.0,0.0,0.0,5.88097633988441,-0.6272562991107765,1.0,,False,0.0,0.7927408412483039,0.9999999999999998
seller,82bd0703a4aefd6b599e5bfdaed378fb,19,1.0,1.627608651782077,0.05263157894736842,0.61439830693029,0.015555218360733878,3.4232082662121988,-0.6276086517820769,0.8036013293721689,,False,0.0,0.7930800542740841,0.9999999999999998
seller,b7cc6c5e001441ae8cdd5c69a480cbe4,5,0.0,0.6281995492910353,0.0,0.0,0.0,5.872145973802559,-0.6281995492910353,1.0,,False,0.0,0.7934192672998643,0.9999999999999998
seller,0c7f30ae9b147eca07affbef92832a6a,5,0.0,0.6288188029768779,0.0,0.0,0.0,5.866363150482283,-0.6288188029768779,1.0,,False,0.0,0.7937584803256446,0.9999999999999998
seller,4de6e4ba574aa9dfdc824bc44dc47fdd,14,1.0,1.6296856802027648,0.07142857142857142,0.6136152585421137,0.015535393291999624,3.418845399835431,-0.6296856802027648,0.8040088316494438,,False,0.0,0.7940976933514247,0.9999999999999998
seller,0b18d63d0cd1d723567903fd34a07df2,9,0.0,0.6297774515201878,0.0,0.0,0.0,5.857433360323613,-0.6297774515201878,1.0,,False,0.0,0.7944369063772049,0.9999999999999998
seller,430315b7bb4b6e4b3c978f9dfa9b0558,19,1.0,1.6307760156685553,0.05263157894736842,0.6132049958988626,0.015525006341174664,3.416559562690612,-0.6307760156685553,0.8042224113133778,,False,0.0,0.7947761194029851,0.9999999999999998
seller,f326006815956455b2859abd58fe7e39,9,0.0,0.6322510954709739,0.0,0.0,0.0,5.834516508612817,-0.6322510954709739,1.0,,False,0.0,0.7951153324287653,0.9999999999999998
seller,3d4b1ae7539303b5704493798893e82c,6,0.0,0.6328840042848489,0.0,0.0,0.0,5.8286817633862045,-0.6328840042848489,1.0,,False,0.0,0.7954545454545454,0.9999999999999998
seller,a06c8ff043abea0528ee44171e2140a2,8,0.0,0.6348898618286286,0.0,0.0,0.0,5.810266750029864,-0.6348898618286286,1.0,,False,0.0,0.7957937584803256,0.9999999999999998
seller,8185694b58b2ba6de20fd41ae608bbea,8,0.0,0.6375060424700634,0.0,0.0,0.0,5.786422729141679,-0.6375060424700634,1.0,,False,0.0,0.7961329715061058,0.9999999999999998
seller,71592660bbcb6a4664e97b6f8b68babc,6,0.0,0.637796317111107,0.0,0.0,0.0,5.783789205341736,-0.637796317111107,1.0,,False,0.0,0.7964721845318861,0.9999999999999998
seller,4371b634e0efc0e22b09b52907d9d469,98,8.0,8.638286083375776,0.08163265306122448,0.9261096382760295,0.3998284084843333,1.8248051833487295,-0.6382860833757764,0.6320777899368373,,False,0.0,0.7968113975576662,0.9999999999999998
seller,3f9c56764fabca627406093dcb3ef0b4,7,0.0,0.6387834162296586,0.0,0.0,0.0,5.774851632634888,-0.6387834162296586,1.0,,False,0.0,0.7971506105834464,0.9999999999999998
seller,670a9dda115b5a88b18cfadee8de2332,10,0.0,0.6388704084898341,0.0,0.0,0.0,5.774065295704855,-0.6388704084898341,1.0,,False,0.0,0.7974898236092266,0.9999999999999998
seller,8c0de775f52fe41590b376a3b7c50f68,8,0.0,0.6401793931810734,0.0,0.0,0.0,5.762258975228438,-0.6401793931810734,1.0,,False,0.0,0.7978290366350068,0.9999999999999998
seller,3d2531eccfbde1d7c8db7a3a12fb267a,10,0.0,0.641181807131349,0.0,0.0,0.0,5.753250346602944,-0.641181807131349,1.0,,False,0.0,0.7981682496607869,0.9999999999999998
seller,abbf6046bbdf1028606a5bc7f00c99e7,6,0.0,0.6411916947401032,0.0,0.0,0.0,5.753161627599003,-0.6411916947401032,1.0,,False,0.0,0.7985074626865671,0.9999999999999998
seller,2bf6a2c1e71bbd29a4ad64e6d3c3629f,30,3.0,3.641701445096782,0.1,0.8237907596843849,0.1698854593719062,2.4074661808278255,-0.641701445096782,0.7045683917072072,,False,0.0,0.7988466757123474,0.9999999999999998
seller,97e995629983723d11830a829bc2b246,5,0.0,0.6424672099497384,0.0,0.0,0.0,5.741739651432988,-0.6424672099497384,1.0,,False,0.0,0.7991858887381276,0.9999999999999998
seller,f44b6f775a2b390380e0e30b5c9d3eee,10,0.0,0.6436351595551935,0.0,0.0,0.0,5.731320608189373,-0.6436351595551935,1.0,,False,0.0,0.7995251017639078,0.9999999999999998
seller,0eaa7e33d73809f1f925f7d07c506cbd,15,0.0,0.6437833681597016,0.0,0.0,0.0,5.730001172069492,-0.6437833681597016,1.0,,False,0.0,0.7998643147896879,0.9999999999999998
seller,ad273c9eb54ecb4532de4bf75bae9e4e,9,0.0,0.6444427358932368,0.0,0.0,0.0,5.724138466703212,-0.6444427358932368,1.0,,False,0.0,0.8002035278154681,0.9999999999999998
seller,48fb026ed7455a42f5d3e9390ed5088e,9,0.0,0.6447106126048949,0.0,0.0,0.0,5.721760092034706,-0.6447106126048949,1.0,,False,0.0,0.8005427408412483,0.9999999999999998
seller,10ff823eda2b032e2c93d17a7d294736,8,0.0,0.6449011103715345,0.0,0.0,0.0,5.7200699375269055,-0.6449011103715345,1.0,,False,0.0,0.8008819538670285,0.9999999999999998
seller,e84ad2127668df3aafc6b73531a0beb8,19,1.0,1.647388629029797,0.05263157894736842,0.6070213077705495,0.0153684489125073,3.3821062575988687,-0.647388629029797,0.8074479224337084,,False,0.0,0.8012211668928086,0.9999999999999998
seller,e627629ba868740e287800f1a9be81c2,10,0.0,0.650662788874653,0.0,0.0,0.0,5.6694181950899605,-0.650662788874653,1.0,,False,0.0,0.8015603799185889,0.9999999999999998
seller,9198786624eaeb375793215cad26cfa6,8,0.0,0.6534296793136554,0.0,0.0,0.0,5.645411542966082,-0.6534296793136554,1.0,,False,0.0,0.8018995929443691,0.9999999999999998
seller,6a38087bc8ad4f89ff453561005f6dea,13,0.0,0.6540079805848656,0.0,0.0,0.0,5.640419633434821,-0.6540079805848656,1.0,,False,0.0,0.8022388059701493,0.9999999999999998
seller,5fd924b4836098a5be0ecf81ba054ce0,6,0.0,0.6566817428594977,0.0,0.0,0.0,5.617453955779004,-0.6566817428594977,1.0,,False,0.0,0.8025780189959294,0.9999999999999998
seller,1fdc574883ef3b33ad41562d93f3a74a,18,1.0,1.663276286825912,0.05555555555555555,0.6012230246535497,0.01522164909391255,3.3498002917912446,-0.6632762868259121,0.8104829503664595,,False,0.0,0.8029172320217096,0.9999999999999998
seller,25c5c91f63607446a97b143d2d535d31,154,11.0,11.664020005246469,0.07142857142857142,0.9430710848448653,0.47077768768974304,1.6874146738816451,-0.6640200052464689,0.6165911249705035,1.0,False,0.0,0.8032564450474898,0.9999999999999998
seller,293dee954235e4e4e43f129313625ebe,8,0.0,0.66503966231443,0.0,0.0,0.0,5.546856320232277,-0.66503966231443,1.0,,False,0.0,0.80359565807327,0.9999999999999998
seller,fb89df7f89fd1b8f03fa2acca1ba7364,22,2.0,2.6656827576261546,0.09090909090909091,0.7502768265572012,0.09086200443433763,2.7102578681034397,-0.6656827576261546,0.7450449817324015,,False,0.0,0.8039348710990502,0.9999999999999998
seller,dace965ca58120f92f8d742a9fa1864b,8,0.0,0.6657777094239564,0.0,0.0,0.0,5.540707359075785,-0.6657777094239564,1.0,,False,0.0,0.8042740841248304,0.9999999999999998
seller,debe6615cd90cc0c2eac2b8988e1f628,5,0.0,0.6666419991679986,0.0,0.0,0.0,5.533523928462106,-0.6666419991679986,1.0,,False,0.0,0.8046132971506106,0.9999999999999998
seller,08084d990eb3f53af056ccbc1730c8a7,11,0.0,0.6667372146204682,0.0,0.0,0.0,5.532733696609066,-0.6667372146204682,1.0,,False,0.0,0.8049525101763908,0.9999999999999998
seller,02f5837340d7eb4f653d676c7256523a,30,1.0,1.6692989488378087,0.03333333333333333,0.5990538727027985,0.015166730921334684,3.337714550660899,-0.6692989488378087,0.8116209172671464,,False,0.0,0.805291723202171,0.9999999999999998
seller,596849622429351f47b32e6cae1055ff,11,0.0,0.6703531925251079,0.0,0.0,0.0,5.502889365259149,-0.6703531925251079,1.0,,False,0.0,0.8056309362279511,0.9999999999999998
seller,25e47381a6c510ddeb36084e33b89f0c,16,0.0,0.6724381020784624,0.0,0.0,0.0,5.485827532246981,-0.6724381020784624,1.0,,False,0.0,0.8059701492537313,0.9999999999999998
seller,8603f0038fe0e52fedd3382d266723de,10,0.0,0.6733958999682236,0.0,0.0,0.0,5.478024820596632,-0.6733958999682236,1.0,,False,0.0,0.8063093622795116,0.9999999999999998
seller,e1dc0754bada9ee4cfe9713f22f61292,11,0.0,0.6745752813833326,0.0,0.0,0.0,5.4684474156083125,-0.6745752813833326,1.0,,False,0.0,0.8066485753052918,0.9999999999999998
seller,0ffa40d54288e4f3499b8780dd0f144f,33,5.0,5.6760065602983465,0.15151515151515152,0.8809010255508207,0.2860261652046233,2.055729139028576,-0.6760065602983465,0.6692415396531717,,False,0.0,0.8069877883310719,0.9999999999999998
seller,f0e103c63864d5405b958d984b6e94c9,11,0.0,0.677863284616881,0.0,0.0,0.0,5.4419224906078805,-0.677863284616881,1.0,,False,0.0,0.8073270013568521,0.9999999999999998
seller,2c4c47cb51acd5ea5db5e0ae0e26542a,12,0.0,0.6779934681343119,0.0,0.0,0.0,5.440877571084742,-0.6779934681343119,1.0,,False,0.0,0.8076662143826323,0.9999999999999998
seller,05a940b4ecae36cadfd8e93bd9c43257,9,0.0,0.678333882871808,0.0,0.0,0.0,5.438147123797828,-0.678333882871808,1.0,,False,0.0,0.8080054274084125,0.9999999999999998
seller,07bf9669d84d1f11be443a9dd938f698,18,0.0,0.6792890762516354,0.0,0.0,0.0,5.430500184795301,-0.6792890762516354,1.0,,False,0.0,0.8083446404341926,0.9999999999999998
seller,2199e7fe213c16213bf5d6a7eadc9a5d,24,1.0,1.680808333432583,0.041666666666666664,0.5949518336559996,0.015062876284403769,3.314859451916429,-0.680808333432583,0.813776615404137,,False,0.0,0.8086838534599728,0.9999999999999998
seller,01fd077212124329bac32490e8ef80d9,30,1.0,1.6808334447293187,0.03333333333333333,0.5949429452012361,0.01506265124821279,3.31480992861619,-0.6808334447293187,0.8137812916560931,,False,0.0,0.8090230664857531,0.9999999999999998
seller,abc015ebac1d283a323ca9db35ede4b9,11,0.0,0.6826130345723032,0.0,0.0,0.0,5.404056569803466,-0.6826130345723032,1.0,,False,0.0,0.8093622795115333,0.9999999999999998
seller,5d0363b33554b373851fc1622e4d5f3c,93,8.0,8.68434919020712,0.08602150537634409,0.9211974121240053,0.3977076578914175,1.815126139557887,-0.6843491902071204,0.6378646879012957,,False,0.0,0.8097014925373134,0.9999999999999998
seller,2a6fbeaa7ab9e5d59a35841a8da71ce4,30,2.0,2.6873803252147335,0.06666666666666667,0.7442191867056224,0.0901283961452726,2.6883755901378326,-0.6873803252147335,0.7490405880374358,,False,0.0,0.8100407055630936,0.9999999999999998
seller,45ba18c210d42734ec52c0c1c574e9ee,29,1.0,1.6890048976701821,0.034482758620689655,0.5920645945902245,0.014989777720131735,3.298772785457542,-0.6890048976701821,0.815296768810218,,False,0.0,0.8103799185888738,0.9999999999999998
seller,c0f783394e37cd9c9d7f5f81141450fa,6,0.0,0.6903628385307293,0.0,0.0,0.0,5.343392268860857,-0.6903628385307293,1.0,,False,0.0,0.810719131614654,0.9999999999999998
seller,38102b031c2a15e54623d711bfc753d3,6,0.0,0.694103621517543,0.0,0.0,0.0,5.314594737380579,-0.694103621517543,1.0,,False,0.0,0.8110583446404342,0.9999999999999998
seller,4200ddf1967c5e41e48db62bc6d4b5ac,20,1.0,1.6984549778421503,0.05,0.5887703901757102,0.014906375685304061,3.2804186532030117,-0.6984549778421503,0.81703400770107,,False,0.0,0.8113975576662144,0.9999999999999998
seller,968268a686aa05d1f529fb07dff08130,12,0.0,0.698898349901063,0.0,0.0,0.0,5.278134444924842,-0.698898349901063,1.0,,False,0.0,0.8117367706919946,0.9999999999999998
seller,aac51c486b672a9850d59f3e84b1cf88,10,0.0,0.6996790455493521,0.0,0.0,0.0,5.272245149513684,-0.6996790455493521,1.0,,False,0.0,0.8120759837177748,0.9999999999999998
seller,638cba8be1fb599bbb76fd6948351eb3,16,0.0,0.7005457252881312,0.0,0.0,0.0,5.265722594476922,-0.7005457252881312,1.0,,False,0.0,0.812415196743555,0.9999999999999998
seller,88cf19ec1fc2c58f161aee259d57142c,14,0.0,0.7008498136788932,0.0,0.0,0.0,5.263437875156604,-0.7008498136788932,1.0,,False,0.0,0.8127544097693351,0.9999999999999998
seller,54583ab379489add547fe47b628db589,10,0.0,0.7029773991770448,0.0,0.0,0.0,5.247507897739528,-0.7029773991770448,1.0,,False,0.0,0.8130936227951153,0.9999999999999998
seller,cc3d14116804f7209f3884f6367f1152,26,1.0,1.7034049210443793,0.038461538461538464,0.5870594757862313,0.014863059083313675,3.2708860483524096,-0.7034049210443793,0.8179374411540944,,False,0.0,0.8134328358208955,0.9999999999999998
seller,33cbbec1e7e1044aaf11d152172c776f,14,0.0,0.7050020343646293,0.0,0.0,0.0,5.232438027556152,-0.7050020343646293,1.0,,False,0.0,0.8137720488466758,0.9999999999999998
seller,232a6014e7b10cba61c6c2b2ea6bb4b0,31,2.0,2.7054213659102118,0.06451612903225806,0.7392563780271323,0.08952737699048818,2.6704482188094523,-0.7054213659102118,0.7523216584739512,,False,0.0,0.8141112618724559,0.9999999999999998
seller,0307f7565ff85b299b6e5ef162b1b1a9,6,0.0,0.706281995739046,0.0,0.0,0.0,5.222955528200787,-0.706281995739046,1.0,,False,0.0,0.8144504748982361,0.9999999999999998
seller,402916f742e5c740cc751493d9cf5053,8,0.0,0.7115053872831965,0.0,0.0,0.0,5.184612119662941,-0.7115053872831965,1.0,,False,0.0,0.8147896879240163,0.9999999999999998
seller,d9a84e1403de8da0c3aa531d6d108ba6,51,3.0,3.713075037353818,0.058823529411764705,0.8079556620374679,0.16661988154608043,2.361189305775641,-0.7130750373538182,0.7167729663938915,,False,0.0,0.8151289009497965,0.9999999999999998
seller,26d6bbee02420494d471c9f6436929c0,11,0.0,0.7141934071336915,0.0,0.0,0.0,5.165098721533571,-0.7141934071336915,1.0,,False,0.0,0.8154681139755766,0.9999999999999998
seller,ca7c6bd577e559472af1c699de9e764e,6,0.0,0.7159754912417006,0.0,0.0,0.0,5.15224263852439,-0.7159754912417006,1.0,,False,0.0,0.8158073270013568,0.9999999999999998
seller,4d600e08ecbe08258c79e536c5a42fee,7,0.0,0.7187639430673002,0.0,0.0,0.0,5.13225446225331,-0.7187639430673002,1.0,,False,0.0,0.816146540027137,0.9999999999999998
seller,bd149ed516d4c5d418d5781f8e18919f,8,0.0,0.7200475451370612,0.0,0.0,0.0,5.123105382453261,-0.7200475451370612,1.0,,False,0.0,0.8164857530529173,0.9999999999999998
seller,cb3dd9ce66268c7a3ca7241ac70ab58c,47,3.0,3.721441579119663,0.06382978723404255,0.8061392168111569,0.16624528687131862,2.355880882003875,-0.7214415791196629,0.7181776444089765,,False,0.0,0.8168249660786974,0.9999999999999998
seller,2059c39f76271d4ca3f15b5ffaccc8b8,11,0.0,0.721588312044288,0.0,0.0,0.0,5.1121663038903655,-0.721588312044288,1.0,,False,0.0,0.8171641791044776,0.9999999999999998
seller,ca77545ca4d2dfd1431bf61334e2fa3c,6,0.0,0.7291154828986183,0.0,0.0,0.0,5.059389823198782,-0.7291154828986183,1.0,,False,0.0,0.8175033921302578,0.9999999999999998
seller,c9a06ece156bb057372c68718ec8909b,11,0.0,0.7294898698667714,0.0,0.0,0.0,5.056793255796197,-0.7294898698667714,1.0,,False,0.0,0.817842605156038,0.9999999999999998
seller,f1ed6bd0a9b11b581f16c851c6a5a527,17,1.0,1.7299692410304517,0.058823529411764705,0.5780449595764793,0.014634831292843906,3.2206603786898333,-0.7299692410304517,0.822710136860488,,False,0.0,0.8181818181818182,0.9999999999999998
seller,cac63f48c38cd7d002a7e846dcd99a23,10,0.0,0.7351252367036536,0.0,0.0,0.0,5.018028588781819,-0.7351252367036536,1.0,,False,0.0,0.8185210312075983,0.9999999999999998
seller,91f5779a8731baca4809fdeade81803f,6,0.0,0.7365524442790204,0.0,0.0,0.0,5.008305223567374,-0.7365524442790204,1.0,,False,0.0,0.8188602442333786,0.9999999999999998
seller,1bb3812d5f0747a3ab7348f199001a10,9,0.0,0.7372203111578369,0.0,0.0,0.0,5.00376807079608,-0.7372203111578369,1.0,,False,0.0,0.8191994572591588,0.9999999999999998
seller,30a81d8cf85fb2ada1b1b094c9583a95,16,0.0,0.7374751831717384,0.0,0.0,0.0,5.00203876454361,-0.7374751831717384,1.0,,False,0.0,0.819538670284939,0.9999999999999998
seller,a3f0b55de503387383c7b1de3ad7f678,23,1.0,1.738883023859173,0.043478260869565216,0.5750818118752231,0.014559810888314411,3.2041507763837536,-0.738883023859173,0.8242834377497483,,False,0.0,0.8198778833107191,0.9999999999999998
seller,57fe6232e67823593374a2281d7a8af8,8,0.0,0.7413559500163623,0.0,0.0,0.0,4.975854653938528,-0.7413559500163623,1.0,,False,0.0,0.8202170963364993,0.9999999999999998
seller,3364a91ec4d56c98e44174de954b94f6,6,0.0,0.742361046278422,0.0,0.0,0.0,4.969117752887081,-0.742361046278422,1.0,,False,0.0,0.8205563093622795,0.9999999999999998
seller,5160d23075764e18e07c1f4a87fad743,30,1.0,1.742604221716501,0.03333333333333333,0.5738537687088692,0.014528719527232245,3.1973085577921503,-0.742604221716501,0.8249360987511977,,False,0.0,0.8208955223880597,0.9999999999999998
seller,5f7300535881cef3b625fd683cf7d145,9,0.0,0.7458389336683052,0.0,0.0,0.0,4.945946487361144,-0.7458389336683052,1.0,,False,0.0,0.8212347354138398,0.9999999999999998
seller,b335c59ab742f751a85db9c411a86739,30,1.0,1.7470894033228483,0.03333333333333333,0.5723805536786304,0.014491420951977089,3.1891003290054885,-0.7470894033228483,0.8257195339031937,,False,0.0,0.8215739484396201,0.9999999999999998
seller,184a67a8f9f63234d3a92340bbdb727f,7,0.0,0.7479233818970079,0.0,0.0,0.0,4.932162228646448,-0.7479233818970079,1.0,,False,0.0,0.8219131614654003,0.9999999999999998
seller,e9c6969d40e6a3d2d0f90013165c2b98,9,0.0,0.7512552406840874,0.0,0.0,0.0,4.910287814771008,-0.7512552406840874,1.0,,False,0.0,0.8222523744911805,0.9999999999999998
seller,f805b96fa705ba7995a221f1749dc141,7,0.0,0.7535190873665978,0.0,0.0,0.0,4.895535515902921,-0.7535190873665978,1.0,,False,0.0,0.8225915875169606,0.9999999999999998
seller,c33a5c3c983090c8b78a28e65052a20d,8,0.0,0.7557415255557888,0.0,0.0,0.0,4.8811390262048295,-0.7557415255557888,1.0,,False,0.0,0.8229308005427408,0.9999999999999998
seller,52ac6f920b7280e4c6d30dd94de6259b,6,0.0,0.7561944372175096,0.0,0.0,0.0,4.878215538965776,-0.7561944372175096,1.0,,False,0.0,0.823270013568521,0.9999999999999998
seller,ec933281fb017b5020d06df29c3f77e8,8,0.0,0.7566950578877417,0.0,0.0,0.0,4.8749881681679925,-0.7566950578877417,1.0,,False,0.0,0.8236092265943012,0.9999999999999998
seller,4cf490a58259286ada5ba8525ba9e84a,7,0.0,0.761463585849081,0.0,0.0,0.0,4.844459436626371,-0.761463585849081,1.0,,False,0.0,0.8239484396200815,0.9999999999999998
seller,a478c7961d6a992065b24e63b366f90b,8,0.0,0.7630783610214529,0.0,0.0,0.0,4.83420791696415,-0.7630783610214529,1.0,,False,0.0,0.8242876526458616,0.9999999999999998
seller,4978a02ea9c8be7a9b5480680f40334e,14,0.0,0.7631009452482928,0.0,0.0,0.0,4.834064846969456,-0.7631009452482928,1.0,,False,0.0,0.8246268656716418,0.9999999999999998
seller,2f74af7a0ee5636f12c2336f9fffed47,13,0.0,0.7663289093443653,0.0,0.0,0.0,4.813702587926594,-0.7663289093443653,1.0,,False,0.0,0.824966078697422,0.9999999999999998
seller,c35672b10ad50968f567ea3f4b91e877,18,1.0,1.7681682977676942,0.05555555555555555,0.5655570237643647,0.01431866413183265,3.1510820536557955,-0.7681682977676942,0.8293547259392556,,False,0.0,0.8253052917232022,0.9999999999999998
seller,4e06067cc08b3f41d837768d392c3ee3,28,1.0,1.7684931666004828,0.03571428571428571,0.5654531320142263,0.014316033820451497,3.1505032058727642,-0.7684931666004828,0.8294101542663052,,False,0.0,0.8256445047489823,0.9999999999999998
seller,f0837c8d71434931d9e38e7b79234797,20,1.0,1.7736758458579565,0.05,0.5638008784611279,0.014274202382252792,3.1412974382834884,-0.7736758458579565,0.830291979638462,,False,0.0,0.8259837177747625,0.9999999999999998
seller,d673a59aac7a70d8b01e6902bf090a11,70,8.0,8.778063037274931,0.11428571428571428,0.9113627876706986,0.3934617650935339,1.7957480087870104,-0.7780630372749311,0.6494783699822024,,False,0.0,0.8263229308005428,0.9999999999999998
seller,c447f8dd3ed213f291d65ef074a268eb,7,0.0,0.7800937622710924,0.0,0.0,0.0,4.728764198004193,-0.7800937622710924,1.0,,False,0.0,0.826662143826323,0.9999999999999998
seller,df91910b6a03bb2e3358fa6a35e32f6f,12,0.0,0.7807827015117674,0.0,0.0,0.0,4.724591678288276,-0.7807827015117674,1.0,,False,0.0,0.8270013568521031,0.9999999999999998
seller,3d8fa2f5b647373c8620330c4e077a9f,41,1.0,1.7849703595607083,0.024390243902439025,0.5602333924727501,0.014183881457012394,3.1214206785540757,-0.7849703595607083,0.832197965347504,,False,0.0,0.8273405698778833,0.9999999999999998
seller,32fdd5d44ecb43dfd6a24b9369eca144,8,0.0,0.7859704145131041,0.0,0.0,0.0,4.693407520178907,-0.7859704145131041,1.0,,False,0.0,0.8276797829036635,0.9999999999999998
seller,a0415d9b25ede3c4b1e477e9916ffc03,9,0.0,0.7878078197944186,0.0,0.0,0.0,4.682461079247172,-0.7878078197944186,1.0,,False,0.0,0.8280189959294437,0.9999999999999998
seller,d03698c2efd04a549382afa6623e27fb,17,1.0,1.7896132592436724,0.058823529411764705,0.5587799457982451,0.014147083373191875,3.113322591995988,-0.7896132592436724,0.8329752475430722,,False,0.0,0.8283582089552238,0.9999999999999998
seller,3ea00e1dea2b0659dbaf654735929220,7,0.0,0.7901627577730372,0.0,0.0,0.0,4.668505846201261,-0.7901627577730372,1.0,,False,0.0,0.828697421981004,0.9999999999999998
seller,3c010235b7345c92f125d14ee232a76b,15,0.0,0.7903234519368956,0.0,0.0,0.0,4.66755661251525,-0.7903234519368956,1.0,,False,0.0,0.8290366350067843,0.9999999999999998
seller,c8e135e7b21ecbc36c1153a29d2f5a06,7,0.0,0.7923747124357802,0.0,0.0,0.0,4.655473472612756,-0.7923747124357802,1.0,,False,0.0,0.8293758480325645,0.9999999999999998
seller,f205b1a3ca9a34e0f8a228bae6e4c7b3,8,0.0,0.793052113015247,0.0,0.0,0.0,4.651496911203632,-0.793052113015247,1.0,,False,0.0,0.8297150610583447,0.9999999999999998
seller,1e483cc5c76fef08d3ca05f9a8af7d01,9,0.0,0.7935713960651128,0.0,0.0,0.0,4.648453147889495,-0.7935713960651128,1.0,,False,0.0,0.8300542740841248,0.9999999999999998
seller,0885aaf116795758dfeb5f1032487bcd,23,1.0,1.7938364515465512,0.043478260869565216,0.5574644216521817,0.014113777185463144,3.105992960581953,-0.7938364515465512,0.8336791378138744,,False,0.0,0.830393487109905,0.9999999999999998
seller,cc5a78bbad32776dc4e3af205218368c,32,1.0,1.7944883402411376,0.03125,0.5572619100247947,0.014108650034966374,3.1048646380116343,-0.7944883402411376,0.8337875251715224,,False,0.0,0.8307327001356852,0.9999999999999998
seller,ea6b12bf9ffe2bac34602ec631d97a47,9,0.0,0.7947079795185693,0.0,0.0,0.0,4.641804976399813,-0.7947079795185693,1.0,,False,0.0,0.8310719131614654,0.9999999999999998
seller,3faf68a3b0af94b10bac70d86077be49,7,0.0,0.79617545069418,0.0,0.0,0.0,4.633249431262451,-0.79617545069418,1.0,,False,0.0,0.8314111261872456,0.9999999999999998
seller,2d518637f53161b973e01f56ea4bb88e,13,0.0,0.7967540440014182,0.0,0.0,0.0,4.629884820650335,-0.7967540440014182,1.0,,False,0.0,0.8317503392130258,0.9999999999999998
seller,1da366cade6d8276e7d8beea7af5d4bf,41,5.0,5.7973932910138135,0.12195121951219512,0.8624565816071502,0.2800373044614531,2.012685959637936,-0.7973932910138135,0.6869093776847901,,False,0.0,0.832089552238806,0.9999999999999998
seller,6f83d9e4da896daae20b9b6b2d3ff8d2,10,0.0,0.7979271204294806,0.0,0.0,0.0,4.623078173014615,-0.7979271204294806,1.0,,False,0.0,0.8324287652645862,0.9999999999999998
seller,134a288e7de827ec5ec62e3ec9c3a295,9,0.0,0.7979709265682351,0.0,0.0,0.0,4.6228243803046585,-0.7979709265682351,1.0,,False,0.0,0.8327679782903663,0.9999999999999998
seller,f12ff17ad8bbf01ec5c33b17e506649b,28,3.0,3.8008938369932634,0.10714285714285714,0.7892880276743486,0.16277016655245713,2.3066345564331168,-0.8008938369932634,0.7312476615730295,,False,0.0,0.8331071913161465,0.9999999999999998
seller,01c97ebb5cdac52891c0ed1c37ba0012,9,0.0,0.8013355699915911,0.0,0.0,0.0,4.603414090494754,-0.8013355699915911,1.0,,False,0.0,0.8334464043419267,0.9999999999999998
seller,455c5640e8c5bd1b2ee85c0158f85727,6,0.0,0.8067900633933184,0.0,0.0,0.0,4.5722916301158865,-0.8067900633933184,1.0,,False,0.0,0.833785617367707,0.9999999999999998
seller,e24d3429d294b2eb200b064ebb035879,16,0.0,0.8084125875115595,0.0,0.0,0.0,4.563114814267025,-0.8084125875115595,1.0,,False,0.0,0.8341248303934871,0.9999999999999998
seller,3969863bb8af7f72580b3b1ffd3a17b3,10,0.0,0.8086182208887372,0.0,0.0,0.0,4.561954404217551,-0.8086182208887372,1.0,,False,0.0,0.8344640434192673,0.9999999999999998
seller,9c690ceacd5c66731bf443ea810195cb,10,0.0,0.8092884007487704,0.0,0.0,0.0,4.558176603916364,-0.8092884007487704,1.0,,False,0.0,0.8348032564450475,0.9999999999999998
seller,49e7217cfe4e427191c378ec626d8737,12,0.0,0.8126676430161028,0.0,0.0,0.0,4.539222750918411,-0.8126676430161028,1.0,,False,0.0,0.8351424694708277,0.9999999999999998
seller,58f1a6197ed863543e0136bdedb3fce2,41,1.0,1.813380679186346,0.024390243902439025,0.5514561897994272,0.013961661925090013,3.0725172352883257,-0.813380679186346,0.836898191183435,,False,0.0,0.8354816824966079,0.9999999999999998
seller,6bbcb8924baf70b7fe2fe2097e8cd407,10,0.0,0.8155203314144452,0.0,0.0,0.0,4.523344559314557,-0.8155203314144452,1.0,,False,0.0,0.835820895522388,0.9999999999999998
seller,113e3a788b935f48aad63e1c41dac1bd,38,2.0,2.8162647506784597,0.05263157894736842,0.7101605058679887,0.08600373188835139,2.5653439244245333,-0.8162647506784597,0.7716766882256196,,False,0.0,0.8361601085481682,0.9999999999999998
seller,d650b663c3b5f6fb392b6326366efa9a,55,4.0,4.820055856416681,0.07272727272727272,0.8298659017975933,0.2261105277805953,2.1247863054884766,-0.8200558564166807,0.708800932191834,,False,0.0,0.8364993215739485,0.9999999999999998
seller,5b51032eddd242adc84c38acab88f23d,12,0.0,0.8203237434688155,0.0,0.0,0.0,4.496858080097943,-0.8203237434688155,1.0,,False,0.0,0.8368385345997287,0.9999999999999998
seller,5075aaa8404020ae6aa8bf4792099b41,10,0.0,0.8214771188944269,0.0,0.0,0.0,4.490544373382622,-0.8214771188944269,1.0,,False,0.0,0.8371777476255088,0.9999999999999998
seller,54aa8463e87776b5612f4bdc4bd5d4de,7,0.0,0.8222962096195752,0.0,0.0,0.0,4.486071334100577,-0.8222962096195752,1.0,,False,0.0,0.837516960651289,0.9999999999999998
seller,d624126b9206f595fb3fbb6ba03b28a8,21,1.0,1.8356684813978115,0.047619047619047616,0.5447606744538792,0.013792146153215562,3.0352122114643727,-0.8356684813978115,0.8404931612335653,,False,0.0,0.8378561736770692,0.9999999999999998
seller,1b1ae47a313a825a7ccceb8e2e30fa9d,10,0.0,0.8370622580501786,0.0,0.0,0.0,4.406935587690541,-0.8370622580501786,1.0,,False,0.0,0.8381953867028494,0.9999999999999998
seller,d66c11a9572221d92fbb8c4897db5f9b,15,0.0,0.8408163652866935,0.0,0.0,0.0,4.387259342717642,-0.8408163652866935,1.0,,False,0.0,0.8385345997286295,0.9999999999999998
seller,1464afc72f696af775557a821c2e253f,27,1.0,1.8413114400281083,0.037037037037037035,0.5430911785269388,0.013749878175906729,3.0259103755168355,-0.8413114400281083,0.8413907169094638,,False,0.0,0.8388738127544098,0.9999999999999998
seller,b080809eaacb49e5ca07290981472431,11,0.0,0.8418566352973805,0.0,0.0,0.0,4.381838070101879,-0.8418566352973805,1.0,,False,0.0,0.83921302578019,0.9999999999999998
seller,bf84056e679dbe9c69929847a40e338f,35,3.0,3.843921374223716,0.08571428571428572,0.7804530082527646,0.16094817314533205,2.2808148804846153,-0.8439213742237159,0.7381237742527351,,False,0.0,0.8395522388059702,0.9999999999999998
seller,70eea00b476a314817cefde4aad4f89a,103,8.0,8.848459645699046,0.07766990291262135,0.9041121641876442,0.39033146050762624,1.7814613900460399,-0.8484596456990463,0.6580590693325608,1.0,False,0.0,0.8398914518317503,0.9999999999999998
seller,f1fd5ab1181f827ffad998c1a5de7d74,14,0.0,0.8487319655628786,0.0,0.0,0.0,4.3463420771096715,-0.8487319655628786,1.0,,False,0.0,0.8402306648575305,0.9999999999999998
seller,a23266650e7c84bb93fbbba502137478,11,0.0,0.8506161307221459,0.0,0.0,0.0,4.336714671731177,-0.8506161307221459,1.0,,False,0.0,0.8405698778833107,0.9999999999999998
seller,a5dd1946fb63ada8bcaa0c9cd8f11e22,6,0.0,0.8563080721104631,0.0,0.0,0.0,4.307888217172,-0.8563080721104631,1.0,,False,0.0,0.8409090909090909,0.9999999999999998
seller,3d621842b2ed28e2b474132480edac3c,8,0.0,0.8592116894537842,0.0,0.0,0.0,4.293330152967332,-0.8592116894537842,1.0,,False,0.0,0.841248303934871,0.9999999999999998
seller,624f4ece8da4aafb77699233d480f8ef,51,4.0,4.863355736279707,0.0784313725490196,0.8224773627314084,0.22409739955811517,2.105868710981472,-0.8633557362797069,0.7152664764127032,,False,0.0,0.8415875169606513,0.9999999999999998
seller,ff4ea69c2a729e83e63c7579e4ef8170,8,0.0,0.8743363883757215,0.0,0.0,0.0,4.219062025963334,-0.8743363883757215,1.0,,False,0.0,0.8419267299864315,0.9999999999999998
seller,01bcc9d254a0143f0ce9791b960b2a47,10,0.0,0.8782643587426763,0.0,0.0,0.0,4.200192592803079,-0.8782643587426763,1.0,,False,0.0,0.8422659430122117,0.9999999999999998
seller,48985c61529077fa4f1e38bcff0f2ed3,7,0.0,0.8799517894572904,0.0,0.0,0.0,4.1921381356461005,-0.8799517894572904,1.0,,False,0.0,0.8426051560379919,0.9999999999999998
seller,834f3294fba9f932f56edc879193f925,66,4.0,4.882547580113367,0.06060606060606061,0.8192444485931921,0.22321653926432797,2.097591166774845,-0.8825475801133669,0.7180981675826614,,False,0.0,0.842944369063772,0.9999999999999998
seller,1d4587203296c8f4ad134dc286fa6db0,37,2.0,2.883873468549187,0.05405405405405406,0.693511702857808,0.08398748460549317,2.5052027235295244,-0.8838734685491869,0.7828225453500783,,False,0.0,0.8432835820895522,0.9999999999999998
seller,2f4b0d3b9634b647d4edee577d7ebb7e,10,0.0,0.8984168060893819,0.0,0.0,0.0,4.105977792391092,-0.8984168060893819,1.0,,False,0.0,0.8436227951153324,0.9999999999999998
seller,17f51e7198701186712e53a39c564617,56,5.0,5.899644797044501,0.08928571428571429,0.8475086504368553,0.2751837518983729,1.9778024746791645,-0.899644797044501,0.7012860816538784,,False,0.0,0.8439620081411127,0.9999999999999998
seller,0509040ea3fe50071181bbc359eb7738,87,6.0,6.904161173106592,0.06896551724137931,0.869041126005499,0.31892277689978776,1.8915366682615335,-0.9041611731065924,0.6868843489631885,,False,0.0,0.8443012211668928,0.9999999999999998
seller,51e4e89242cbb846c2deff3dc015650e,15,0.0,0.9045958594990748,0.0,0.0,0.0,4.077930951570654,-0.9045958594990748,1.0,,False,0.0,0.844640434192673,0.9999999999999998
seller,4736e9d642ef4257cd7622516931eb51,16,0.0,0.9075231690736295,0.0,0.0,0.0,4.064777164730048,-0.9075231690736295,1.0,,False,0.0,0.8449796472184532,0.9999999999999998
seller,8d79c8a04e42d722a75097ce5cbcf2ef,25,4.0,4.91004863940402,0.16,0.8146558809823763,0.2219663090259351,2.085842611255031,-0.9100486394040201,0.7221194707588383,,False,0.0,0.8453188602442334,0.9999999999999998
seller,6d803cb79cc31c41c4c789a75933b3c7,58,4.0,4.910570282261112,0.06896551724137931,0.8145693412534089,0.22194272986242394,2.0856210351779896,-0.9105702822611121,0.7221953334599038,,False,0.0,0.8456580732700135,0.9999999999999998
seller,acb6c2ca5c82411c1fdb88d5fd5eb95e,10,0.0,0.9137775319510577,0.0,0.0,0.0,4.03695574155517,-0.9137775319510577,1.0,,False,0.0,0.8459972862957937,0.9999999999999998
seller,1dcfa3835714681d4ba4a93bc1e0fd41,12,0.0,0.9145490654917677,0.0,0.0,0.0,4.033550077633468,-0.9145490654917677,1.0,,False,0.0,0.846336499321574,0.9999999999999998
seller,3ca08eeb8d5595949fed424bd3677742,13,0.0,0.9265273851999384,0.0,0.0,0.0,3.9814035861637267,-0.9265273851999384,1.0,,False,0.0,0.8466757123473542,0.9999999999999998
seller,974cf2cb8f4b7add98709c30df02fe10,28,1.0,1.9270159646701892,0.03571428571428571,0.5189370603741474,0.013138348850484509,2.891332242746879,-0.9270159646701892,0.8544180272871074,,False,0.0,0.8470149253731343,0.9999999999999998
seller,817f85dbb65aa3e70831d90fe75cdf89,11,0.0,0.9283576457634525,0.0,0.0,0.0,3.9735542341338888,-0.9283576457634525,1.0,,False,0.0,0.8473541383989145,0.9999999999999998
seller,f435898e493ba0356019a0b1cb8b55b1,10,0.0,0.9410705676436673,0.0,0.0,0.0,3.91987549175028,-0.9410705676436673,1.0,,False,0.0,0.8476933514246947,0.9999999999999998
seller,bc2ac6b95e1accce9858528ee566c17e,18,0.0,0.944461386520372,0.0,0.0,0.0,3.905802298286301,-0.944461386520372,1.0,,False,0.0,0.8480325644504749,0.9999999999999998
seller,403aa86912527d730337ffcb0fb096ab,11,0.0,0.9461329533553735,0.0,0.0,0.0,3.898901778055255,-0.9461329533553735,1.0,,False,0.0,0.8483717774762551,0.9999999999999998
seller,6b89abe95848c850399130d149a39b63,8,0.0,0.953212676370155,0.0,0.0,0.0,3.869943765499669,-0.953212676370155,1.0,,False,0.0,0.8487109905020352,0.9999999999999998
seller,4ebdc7e6cd6102a022dadc49156d4ea8,28,1.0,1.954945067224666,0.03571428571428571,0.5115233244991626,0.012950649309155399,2.8500255502568526,-0.954945067224666,0.8584277465626753,,False,0.0,0.8490502035278155,0.9999999999999998
seller,094ced053e257ae8cae57205592d6712,18,0.0,0.9553039431248438,0.0,0.0,0.0,3.8614720274758194,-0.9553039431248438,1.0,,False,0.0,0.8493894165535957,0.9999999999999998
seller,7a2d2949aea47fab95fd98d6c9f618b1,11,0.0,0.9590302781096833,0.0,0.0,0.0,3.846468185952354,-0.9590302781096833,1.0,,False,0.0,0.8497286295793759,0.9999999999999998
seller,093805f8f2aeb63881444571e1f48f30,22,1.0,1.9592473720333645,0.045454545454545456,0.510400072126763,0.012922211021273087,2.8437671885998155,-0.9592473720333645,0.8590355251874775,,False,0.0,0.850067842605156,0.9999999999999998
seller,72c5da29406b4234927b81855e7b64f6,27,1.0,1.9593635682194321,0.037037037037037035,0.5103698038586826,0.012921444695073812,2.8435985446040104,-0.9593635682194321,0.8590519037702389,,False,0.0,0.8504070556309362,0.9999999999999998
seller,8a130737016f838139d31878787a39c9,54,4.0,4.9688462965424165,0.07407407407407407,0.8050158449826491,0.21933972366678162,2.0611602903737087,-0.9688462965424165,0.7305736423259104,,False,0.0,0.8507462686567164,0.9999999999999998
seller,0d33a55da925bbf1ff02af5f6059fc7f,19,1.0,1.97066667241162,0.05263157894736842,0.5074424883718369,0.012847331483668416,2.8272885866185336,-0.97066667241162,0.860636084839538,,False,0.0,0.8510854816824966,0.9999999999999998
seller,512d298ac2a96d1931b6bd30aa21f61d,10,0.0,0.9764368267294529,0.0,0.0,0.0,3.7778987366440604,-0.9764368267294529,1.0,,False,0.0,0.8514246947082768,0.9999999999999998
seller,659e8466eb3ff1b0e8740d74fb7bbedd,11,0.0,0.9768948761516241,0.0,0.0,0.0,3.7761273440658147,-0.9768948761516241,1.0,,False,0.0,0.851763907734057,0.9999999999999998
seller,ea67327e24487bdfac5fbfa37ea124df,30,1.0,1.9786676880606922,0.03333333333333333,0.505390574695293,0.012795381527205338,2.8158560553438408,-0.9786676880606922,0.8617466888010958,,False,0.0,0.8521031207598372,0.9999999999999998
seller,014d9a685fd57276679edd00e07089e5,11,0.0,0.9797540928798818,0.0,0.0,0.0,3.76510747025396,-0.9797540928798818,1.0,,False,0.0,0.8524423337856174,0.9999999999999998
seller,4e17c65a516f69d023a2ae78b84f28d6,60,4.0,4.982999298240593,0.06666666666666667,0.8027293925994186,0.21871674234654953,2.0553060641649727,-0.9829992982405926,0.7325795111485522,,False,0.0,0.8527815468113975,0.9999999999999998
seller,15cd6eefe58588619aaed41dfa6621b1,15,1.0,1.984438870652863,0.06666666666666667,0.5039207882835961,0.012758169757056079,2.8076669295970182,-0.9844388706528631,0.862542275956439,,False,0.0,0.8531207598371777,0.9999999999999998
seller,8cbac7e12637ed9cffa18c7875207478,64,4.0,4.985541867477394,0.0625,0.8023200098054611,0.21860519931362637,2.054257881618348,-0.9855418674773944,0.7329386688343813,,False,0.0,0.8534599728629579,0.9999999999999998
seller,8a432f4e5b471f8da497d7dc517666e2,80,4.0,4.999287178896343,0.05,0.8001140676385491,0.21800415431764147,2.0486097935395375,-0.9992871788963429,0.7348740089617745,,False,0.0,0.8537991858887382,0.9999999999999998
seller,dfc5fb7259bb2b599ca565e6e9448f0f,31,1.0,1.9993512034698235,0.03225806451612903,0.5001622517667358,0.012663011851220266,2.7867257044532505,-0.9993512034698235,0.864576883211242,,False,0.0,0.8541383989145184,0.9999999999999998
seller,75fbb52eda0cbc24f479d3b2fbfa8d3e,37,2.0,2.9996694550848293,0.05405405405405406,0.666740129186481,0.08074532283328378,2.4084945944551244,-0.9996694550848293,0.8008023505016417,,False,0.0,0.8544776119402985,0.9999999999999998
seller,e81e1f9c3e762e620f3fb60a51499e16,17,1.0,1.9997855607219681,0.058823529411764705,0.5000536155681499,0.012660261420804324,2.7861204222953826,-0.9997855607219681,0.8646356924510927,,False,0.0,0.8548168249660787,0.9999999999999998
seller,4917cee8d902e13428c3ec4b1ca6f315,31,1.0,2.000674106743725,0.03225806451612903,0.4998315300974175,0.012654638703500221,2.784883041250153,-1.000674106743725,0.8647559164478663,,False,0.0,0.8551560379918589,0.9999999999999998
seller,5f5b43b2bffa8656e4bc6efeb13cc649,26,1.0,2.002710729710717,0.038461538461538464,0.49932323483603924,0.012641769781673324,2.7820510013164497,-1.0027107297107172,0.8650310773599517,,False,0.0,0.8554952510176391,0.9999999999999998
seller,21e83881401b92b49fb09a16d3852291,12,0.0,1.0046057226903151,0.0,0.0,0.0,3.6719673905850208,-1.0046057226903151,1.0,,False,0.0,0.8558344640434192,0.9999999999999998
seller,0ff83046c3fa22efee8ecf291888b191,10,0.0,1.005757478826999,0.0,0.0,0.0,3.667762389812129,-1.005757478826999,1.0,,False,0.0,0.8561736770691994,0.9999999999999998
seller,f00e21b1e91a79653163b7fd8f293ff1,31,1.0,2.016080118463126,0.03225806451612903,0.49601203386813214,0.012557937431370457,2.7636021703275393,-1.016080118463126,0.8668235207217129,,False,0.0,0.8565128900949797,0.9999999999999998
seller,6b9b80d53ba3676eafe60268a810b5a1,9,0.0,1.0182793916117305,0.0,0.0,0.0,3.622659443470799,-1.0182793916117305,1.0,,False,0.0,0.8568521031207599,0.9999999999999998
seller,ba5daa4041e1f15cdf34b76e3e18a450,15,0.0,1.0237308528673315,0.0,0.0,0.0,3.6033684476558303,-1.0237308528673315,1.0,,False,0.0,0.85719131614654,0.9999999999999998
seller,6a8b085f816a1f75f92dbac6eb545f8f,120,10.0,11.024299215364461,0.08333333333333333,0.9070871358483353,0.43498353976542525,1.6681655389385035,-1.0242992153644614,0.6621206062376193,1.0,False,0.0,0.8575305291723202,0.9999999999999998
seller,e333046ce6517bd8bb510291d44f0130,67,4.0,5.024560520119382,0.05970149253731343,0.7960895254387265,0.21690760202057033,2.0383053670851905,-1.0245605201193824,0.738404819486085,,False,0.0,0.8578697421981004,0.9999999999999998
seller,59417c56835dd8e2e72f91f809cd4092,18,0.0,1.0257039359622817,0.0,0.0,0.0,3.596436871087123,-1.0257039359622817,1.0,,False,0.0,0.8582089552238806,0.9999999999999998
seller,06532f10282704ef4c69168b914b77be,7,0.0,1.0279856286343245,0.0,0.0,0.0,3.58845430457486,-1.0279856286343245,1.0,,False,0.0,0.8585481682496607,0.9999999999999998
seller,2b1a40c1daabc6ca280c4b815c101841,22,1.0,2.028401611157299,0.045454545454545456,0.49299901681179037,0.012481654444084606,2.7468147137587864,-1.0284016111572991,0.8684543857593553,,False,0.0,0.858887381275441,0.9999999999999998
seller,5d3bb11474a06bdc23fb9e89f1164ee0,31,1.0,2.0302607559204464,0.03225806451612903,0.4925475691158875,0.012470224778004786,2.7442994081875542,-1.0302607559204464,0.8686987209016086,,False,0.0,0.8592265943012212,0.9999999999999998
seller,257e61d3251fb5efb9daadddbc2cf7ca,12,0.0,1.0345426249828082,0.0,0.0,0.0,3.565710455067268,-1.0345426249828082,1.0,,False,0.0,0.8595658073270014,0.9999999999999998
seller,17a053fcb14bd219540cbde0df490be0,122,10.0,11.034854585583652,0.08196721311475409,0.9062194632872077,0.43456745704626765,1.6665698582058008,-1.034854585583652,0.6632599522803525,1.0,False,0.0,0.8599050203527816,0.9999999999999998
seller,62c50c1af4dfdc4149d25c5222043d39,12,0.0,1.0436947284477405,0.0,0.0,0.0,3.53444293007047,-1.0436947284477405,1.0,,False,0.0,0.8602442333785617,0.9999999999999998
seller,d6ab728cf30867cf3f1a2e216ae2f9b7,12,0.0,1.0444115888438432,0.0,0.0,0.0,3.5320169687101046,-1.0444115888438432,1.0,,False,0.0,0.8605834464043419,0.9999999999999998
seller,a2e874074c877c5a05abae80ad6e488f,40,2.0,3.04744214741916,0.05,0.6562880944905793,0.07947953294177838,2.370738251370073,-1.0474421474191602,0.8078265701816522,,False,0.0,0.8609226594301221,0.9999999999999998
seller,8ed8ea9a57c862f2c18c2fe41f601d56,17,0.0,1.0525526400856804,0.0,0.0,0.0,3.504698305458292,-1.0525526400856804,1.0,,False,0.0,0.8612618724559024,0.9999999999999998
seller,c72de06d72748d1a0dfb2125be43ba63,19,0.0,1.0573285530613217,0.0,0.0,0.0,3.48886771612607,-1.0573285530613217,1.0,,False,0.0,0.8616010854816825,0.9999999999999998
seller,d1b9d4be4b6f9ebd85f8acd6745ba612,10,0.0,1.0591140358101934,0.0,0.0,0.0,3.4829860896820644,-1.0591140358101934,1.0,,False,0.0,0.8619402985074627,0.9999999999999998
seller,41c2bad7229b0c25e6becf179ebf63ff,20,0.0,1.060593663840213,0.0,0.0,0.0,3.478126996117615,-1.060593663840213,1.0,,False,0.0,0.8622795115332429,0.9999999999999998
seller,e24fc9fcd865784fb25705606fe3dfe7,51,4.0,5.060962732142857,0.0784313725490196,0.7903634568568269,0.21534744105196482,2.0236443572994487,-1.0609627321428574,0.7434275444849984,,False,0.0,0.8626187245590231,0.9999999999999998
seller,ffc470761de7d0232558ba5e786e57b7,27,1.0,2.0612239955552902,0.037037037037037035,0.4851486311804757,0.012282899888068353,2.7030751645397504,-1.0612239955552902,0.8727019377632297,,False,0.0,0.8629579375848032,0.9999999999999998
seller,6481e96574816ead57975da2c0f6d80d,28,1.0,2.0731538825473437,0.03571428571428571,0.4823568614073507,0.012212218397016028,2.6875204189342954,-1.0731538825473437,0.8742115665054428,,False,0.0,0.8632971506105834,0.9999999999999998
seller,d566c37fa119d5e66c4e9052e83ee4ea,59,2.0,3.0782133490316888,0.03389830508474576,0.649727544268216,0.07868501987367335,2.3470392882275766,-1.0782133490316888,0.8122331717456599,,False,0.0,0.8636363636363636,0.9999999999999998
seller,c6381d2d013342748761e906d45aff76,15,0.0,1.0838638718205436,0.0,0.0,0.0,3.4034527305701237,-1.0838638718205436,1.0,,False,0.0,0.8639755766621439,0.9999999999999998
seller,b839e41795b7f3ad94cc2014a52f6796,31,1.0,2.0934234017727196,0.03225806451612903,0.47768645327705606,0.012093973900764964,2.661498570342152,-1.0934234017727196,0.8767355709821295,,False,0.0,0.864314789687924,0.9999999999999998
seller,888faa8bfb0b159c37de6d898b961c31,18,0.0,1.0970522688961382,0.0,0.0,0.0,3.3625375551392023,-1.0970522688961382,1.0,,False,0.0,0.8646540027137042,0.9999999999999998
seller,d4e12e7884759a14fa0f5f896c791cae,28,1.0,2.0975567073644883,0.03571428571428571,0.47674515615669216,0.012070142321015425,2.656253998462567,-1.0975567073644883,0.8772440090470516,,False,0.0,0.8649932157394844,0.9999999999999998
seller,4305fe92735c8a43d154ff6dd2b8d927,17,0.0,1.0984396860368784,0.0,0.0,0.0,3.358290401381298,-1.0984396860368784,1.0,,False,0.0,0.8653324287652646,0.9999999999999998
seller,33576ec5412fb5905d876f12f33bfde6,31,1.0,2.0985196340125016,0.03225806451612903,0.47652639689052473,0.012064603815919813,2.6550351498430182,-1.0985196340125016,0.8773621571688268,,False,0.0,0.8656716417910447,0.9999999999999998
seller,a938325a4b357fd23a6a4d5bb126408e,23,1.0,2.1018200808970424,0.043478260869565216,0.47577811682777665,0.012045659004972686,2.6508660001768365,-1.1018200808970424,0.8777662496454348,,False,0.0,0.8660108548168249,0.9999999999999998
seller,e603cf3fec55f8697c9059638d6c8eb5,7,0.0,1.1021422549487039,0.0,0.0,0.0,3.3470084624290393,-1.1021422549487039,1.0,,False,0.0,0.8663500678426052,0.9999999999999998
seller,9b00ed88b7fdb95d6ff76e27c1b52d16,46,3.0,4.104132600150161,0.06521739130434782,0.7309705344048185,0.15074369743145374,2.1362060936875062,-1.1041326001501606,0.7767610533668872,,False,0.0,0.8666892808683854,0.9999999999999998
seller,5bc24d989e71e93c33e50a7782431b0e,17,0.0,1.1069150679853748,0.0,0.0,0.0,3.3325767810061784,-1.1069150679853748,1.0,,False,0.0,0.8670284938941656,0.9999999999999998
seller,d4e4b5192cba4e0e66eb12a9d347239d,11,0.0,1.1162065247042579,0.0,0.0,0.0,3.3048359532670846,-1.1162065247042579,1.0,,False,0.0,0.8673677069199457,0.9999999999999998
seller,9596c870880d900012f2e8e6e30d06d7,21,1.0,2.1162165046438774,0.047619047619047616,0.47254144261968256,0.011963713508864455,2.632832405716687,-1.1162165046438774,0.8795133721783638,,False,0.0,0.8677069199457259,0.9999999999999998
seller,2addf05f476d0637864454e93ba673d5,12,0.0,1.1183598196355335,0.0,0.0,0.0,3.2984728075407057,-1.1183598196355335,1.0,,False,0.0,0.8680461329715061,0.9999999999999998
seller,08d0949a9a17c027262db1f3c450c26c,11,0.0,1.12268093305737,0.0,0.0,0.0,3.2857772368753952,-1.12268093305737,1.0,,False,0.0,0.8683853459972863,0.9999999999999998
seller,5b67882648febfb6e1225e6ad7164f6b,26,1.0,2.123766246583513,0.038461538461538464,0.4708616127639718,0.011921183899131294,2.6234729928032143,-1.123766246583513,0.8804195899659504,,False,0.0,0.8687245590230664,0.9999999999999998
seller,bd0389da23d89b726abf911cccc54596,84,7.0,8.12392965893195,0.08333333333333333,0.8616519706449906,0.34642878135036304,1.7753323781976864,-1.1239296589319494,0.7015266683169467,,False,0.0,0.8690637720488467,0.9999999999999998
seller,6d22a1fcebb6dd08c9cd90b92a93e8d0,12,0.0,1.1266045427030071,0.0,0.0,0.0,3.274333907143129,-1.1266045427030071,1.0,,False,0.0,0.8694029850746269,0.9999999999999998
seller,4c03b9dd4c11ee2cb35c96c49efc9420,48,1.0,2.1274514651770873,0.020833333333333332,0.4700459758393411,0.011900533760088596,2.61892855472269,-1.1274514651770873,0.8808594589120101,,False,0.0,0.8697421981004071,0.9999999999999998
seller,7f7b8245c336066a1f9933c359f11d77,37,1.0,2.130543069650405,0.02702702702702703,0.469363897986858,0.011883265043989094,2.6151282601637966,-1.1305430696504049,0.8812272255543663,,False,0.0,0.8700814111261872,0.9999999999999998
seller,8cc6a0e5738e61a87b03c78b2ba9db4b,23,2.0,3.1314965448994125,0.08695652173913043,0.6386722678195522,0.07734617460730588,2.3071038285166066,-1.1314965448994125,0.8196501753705296,,False,0.0,0.8704206241519674,0.9999999999999998
seller,c33847515fa6305ce6feb1e818569f13,109,5.0,6.144399723512278,0.045871559633027525,0.8137491414933349,0.2642221312369956,1.8990190424415925,-1.1443997235122776,0.7338068772173469,1.0,False,0.0,0.8707598371777476,0.9999999999999998
seller,845e8036c3f7bf62099352f5ed910240,18,0.0,1.1538193440360505,0.0,0.0,0.0,3.1971031454631933,-1.1538193440360505,1.0,,False,0.0,0.8710990502035278,0.9999999999999998
seller,5c853bb56f70f4d14218944bae111d7a,20,0.0,1.1598724539113878,0.0,0.0,0.0,3.1804181931160502,-1.1598724539113878,1.0,,False,0.0,0.871438263229308,0.9999999999999998
seller,cda598c48d7c614bc1cad7d8ff6f0010,14,0.0,1.1714136055843705,0.0,0.0,0.0,3.149083668252004,-1.1714136055843705,1.0,,False,0.0,0.8717774762550882,0.9999999999999998
seller,e7f3bf1ecd8526eb7f3b18059e6716e5,17,0.0,1.1797915931500986,0.0,0.0,0.0,3.126721257832034,-1.1797915931500986,1.0,,False,0.0,0.8721166892808684,0.9999999999999998
seller,ae8bfdbf1c2a2a2dee92d799db0a31c6,8,0.0,1.182586606786457,0.0,0.0,0.0,3.119331330952615,-1.182586606786457,1.0,,False,0.0,0.8724559023066486,0.9999999999999998
seller,1c5e4e49b9079480255b49d50aac1aa9,12,0.0,1.1887522600569458,0.0,0.0,0.0,3.1031524212935873,-1.1887522600569458,1.0,,False,0.0,0.8727951153324288,0.9999999999999998
seller,c26a2be5b53b7db6b276280da212a779,13,0.0,1.194942687720369,0.0,0.0,0.0,3.087076469877673,-1.194942687720369,1.0,,False,0.0,0.8731343283582089,0.9999999999999998
seller,60562ab00b8054280520d390c8c0045c,16,0.0,1.1949483057760237,0.0,0.0,0.0,3.0870619559716452,-1.1949483057760237,1.0,,False,0.0,0.8734735413839891,0.9999999999999998
seller,594f9aaa48e5bf431f011ddc5669b0d5,36,1.0,2.2073611118006706,0.027777777777777776,0.45302963554714565,0.011469717323975457,2.5241195747957117,-1.2073611118006706,0.8900094814385552,,False,0.0,0.8738127544097694,0.9999999999999998
seller,7ade73f1b9b4e965f9009a4c3a7e2c15,26,0.0,1.207766241451804,0.0,0.0,0.0,3.0542991909425217,-1.207766241451804,1.0,,False,0.0,0.8741519674355496,0.9999999999999998
seller,dbdd0ec73a4817971d962698f2fea022,15,0.0,1.2142115708523984,0.0,0.0,0.0,3.0380862303299216,-1.2142115708523984,1.0,,False,0.0,0.8744911804613297,0.9999999999999998
seller,38e679b9e0064cd94c6f035707344dae,27,1.0,2.216167748655224,0.037037037037037035,0.45122938036021976,0.011424138808830146,2.5140891948814725,-1.216167748655224,0.8909738752270921,,False,0.0,0.8748303934871099,0.9999999999999998
seller,17306570e772e7718c92a562d33f5f1d,27,2.0,3.2201006485673633,0.07407407407407407,0.6210985985452997,0.0752179217291624,2.243621692675431,-1.2201006485673633,0.8314026026611567,,False,0.0,0.8751696065128901,0.9999999999999998
seller,3f995f07c49d0d55a99d5c54957f7d81,42,1.0,2.23305139942439,0.023809523809523808,0.44781772612030707,0.011337763201875248,2.4950806740834945,-1.2330513994243901,0.8927991819621428,,False,0.0,0.8755088195386703,0.9999999999999998
seller,07017df32dc5f2f1d2801e579548d620,8,0.0,1.2360153283827036,0.0,0.0,0.0,2.9844932901768666,-1.2360153283827036,1.0,,False,0.0,0.8758480325644504,0.9999999999999998
seller,d8c7ba53e7e38711eaef8c2849d6d2e1,22,0.0,1.2384602554699184,0.0,0.0,0.0,2.9786014026863024,-1.2384602554699184,1.0,,False,0.0,0.8761872455902306,0.9999999999999998
seller,e0a366315b1b726b6c7832d664c0f530,42,2.0,3.241033580147967,0.047619047619047616,0.6170870959963,0.07473211016002713,2.2291307661780295,-1.2410335801479668,0.8340761899696693,,False,0.0,0.8765264586160109,0.9999999999999998
seller,4559697a8f7e637227c2eeaed843baff,39,3.0,4.2434969135761555,0.07692307692307693,0.7069641055710787,0.14579299466821644,2.0660491213492627,-1.2434969135761555,0.7954497136635863,,False,0.0,0.8768656716417911,0.9999999999999998
seller,41b86b552e54e3a7009596125aa8b167,10,0.0,1.2529200408192787,0.0,0.0,0.0,2.944225755780707,-1.2529200408192787,1.0,,False,0.0,0.8772048846675712,0.9999999999999998
seller,cfa5ab0e4d3fc212fd0b3410e7081c62,15,0.0,1.253257626303013,0.0,0.0,0.0,2.9434326803147153,-1.253257626303013,1.0,,False,0.0,0.8775440976933514,0.9999999999999998
seller,cac876b37d3abcd6bd76caca30277996,25,1.0,2.255534628408126,0.04,0.4433538671520036,0.01122474807764679,2.470209643764663,-1.255534628408126,0.8951825096542527,,False,0.0,0.8778833107191316,0.9999999999999998
seller,bacb1f0ed56ad24198f5810d2b3fe9a5,38,1.0,2.2566859506074577,0.02631578947368421,0.4431276756656453,0.01121902140502749,2.468949385464608,-1.2566859506074577,0.895303118914384,,False,0.0,0.8782225237449118,0.9999999999999998
seller,a425f92c199eb576938df686728acd20,16,0.0,1.260918111547768,0.0,0.0,0.0,2.925550375024642,-1.260918111547768,1.0,,False,0.0,0.878561736770692,0.9999999999999998
seller,79ed755314cfe6df0daef2c6cd3022cd,23,0.0,1.2615940641339678,0.0,0.0,0.0,2.923982887194542,-1.2615940641339678,1.0,,False,0.0,0.8789009497964722,0.9999999999999998
seller,eed78ac17f7f795a19a709745f00cd4e,21,0.0,1.2619644059926955,0.0,0.0,0.0,2.9231248017745495,-1.2619644059926955,1.0,,False,0.0,0.8792401628222524,0.9999999999999998
seller,9a84ba99f5367fdbd4598363496f1ea2,14,0.0,1.2624760751087953,0.0,0.0,0.0,2.9219400880892272,-1.2624760751087953,1.0,,False,0.0,0.8795793758480326,0.9999999999999998
seller,51702dc2a3e106c76dbff722b5bf0726,13,0.0,1.2626407555250405,0.0,0.0,0.0,2.9215589929061005,-1.2626407555250405,1.0,,False,0.0,0.8799185888738128,0.9999999999999998
seller,5b664594895aefb418afaee6d40a9a23,16,0.0,1.2686018512318824,0.0,0.0,0.0,2.9078307354918564,-1.2686018512318824,1.0,,False,0.0,0.8802578018995929,0.9999999999999998
seller,ba90964cff9b9e0e6f32b23b82465f7b,38,2.0,3.273097551344966,0.05263157894736842,0.6110419774009391,0.07400001825317962,2.2072937192951136,-1.273097551344966,0.8380971095632174,,False,0.0,0.8805970149253731,0.9999999999999998
seller,96493fab2fbb13a14d0c0e8772eef5c3,63,4.0,5.280949046919936,0.06349206349206349,0.7574396125508847,0.20637680158303717,1.9393462395508254,-1.280949046919936,0.7722211019895022,,False,0.0,0.8809362279511533,0.9999999999999998
seller,df56d7b40d437f88407c5f78b63bc328,22,1.0,2.2855553934767254,0.045454545454545456,0.4375304150816607,0.011077311036324132,2.4377634455244874,-1.2855553934767254,0.8982824468501045,,False,0.0,0.8812754409769336,0.9999999999999998
seller,93b9a99027bd8bd6af682aff18dd19bf,19,0.0,1.2914663536775226,0.0,0.0,0.0,2.8563496397793444,-1.2914663536775226,1.0,,False,0.0,0.8816146540027137,0.9999999999999998
seller,b39d7fe263ef469605dbb32608aee0af,43,2.0,3.2959805021837156,0.046511627906976744,0.6067997060889535,0.07348625951624772,2.191969176679693,-1.2959805021837156,0.8409124633973525,,False,0.0,0.8819538670284939,0.9999999999999998
seller,7202e2ba20579a9bd1acb29e61fe71f6,48,3.0,4.297795019693794,0.0625,0.6980323599085332,0.1439510539848129,2.0399467702782546,-1.297795019693794,0.8023685503601161,,False,0.0,0.8822930800542741,0.9999999999999998
seller,701938c450705b8ae65fc923b70f35c7,74,5.0,6.3035799850334095,0.06756756756756757,0.7932000564554587,0.25754989925932004,1.8510643328119565,-1.3035799850334095,0.7535274812024463,,False,0.0,0.8826322930800543,0.9999999999999998
seller,3c487ae8f8d7542beff5788e2e0aea83,30,1.0,2.3050119109937923,0.03333333333333333,0.4338372375563369,0.010983807876886091,2.4171863773739535,-1.3050119109937923,0.9002423875657602,,False,0.0,0.8829715061058344,0.9999999999999998
seller,d4f117125b59ce73c3302f88ee40c458,15,0.0,1.3135365732622268,0.0,0.0,0.0,2.8083568658864504,-1.3135365732622268,1.0,,False,0.0,0.8833107191316146,0.9999999999999998
seller,09f952a5f58d2285b0372551ae8f9b01,47,3.0,4.321578585132518,0.06382978723404255,0.694190777953424,0.1431588274303313,2.028720037604842,-1.3215785851325181,0.8053365717454153,,False,0.0,0.8836499321573948,0.9999999999999998
seller,1771297ac436903d1dd6b0e9279aa505,27,1.0,2.3227142298599497,0.037037037037037035,0.4305307933039597,0.010900095956193645,2.398764049107688,-1.3227142298599497,0.9019927898305172,,False,0.0,0.8839891451831751,0.9999999999999998
seller,a369d693961cb93b61ca2cc518872a85,11,0.0,1.3312685397748183,0.0,0.0,0.0,2.770950671408417,-1.3312685397748183,1.0,,False,0.0,0.8843283582089553,0.9999999999999998
seller,bb135baca94c82fcb731335ad5b04a03,16,0.0,1.331792584581593,0.0,0.0,0.0,2.7698603347253687,-1.331792584581593,1.0,,False,0.0,0.8846675712347354,0.9999999999999998
seller,ed4acab38528488b65a9a9c603ff024a,30,1.0,2.3319330929665285,0.03333333333333333,0.42882877000894876,0.010857004457225771,2.389280982264816,-1.3319330929665285,0.9028921529621922,,False,0.0,0.8850067842605156,0.9999999999999998
seller,fec6275253471ace26d209bbaa64cd0f,9,0.0,1.3389875517820877,0.0,0.0,0.0,2.754976660689881,-1.3389875517820877,1.0,,False,0.0,0.8853459972862958,0.9999999999999998
seller,41da412d33e8da4f22baf55cb1bde82c,15,0.0,1.3405702047400956,0.0,0.0,0.0,2.751724185029997,-1.3405702047400956,1.0,,False,0.0,0.885685210312076,0.9999999999999998
seller,54065e9aef7e9e9c2dc23b7594db021a,12,0.0,1.3494321883849358,0.0,0.0,0.0,2.7336530770982725,-1.3494321883849358,1.0,,False,0.0,0.8860244233378561,0.9999999999999998
seller,b9a03475e6447e631b6799ec8274800f,10,0.0,1.362429639555613,0.0,0.0,0.0,2.707574282747655,-1.362429639555613,1.0,,False,0.0,0.8863636363636364,0.9999999999999998
seller,06bb3a2fe5e7b7a845b13e8fb91bd944,16,0.0,1.3626085784076984,0.0,0.0,0.0,2.7072187219198662,-1.3626085784076984,1.0,,False,0.0,0.8867028493894166,0.9999999999999998
seller,bf00385a5f7fc1ef39a13c2e9ee50a5f,26,0.0,1.364997919940536,0.0,0.0,0.0,2.7024799087420117,-1.364997919940536,1.0,,False,0.0,0.8870420624151968,0.9999999999999998
seller,c64a2aec32cc408a8a4c6d7c46017f91,9,0.0,1.3671777798435583,0.0,0.0,0.0,2.698171012211771,-1.3671777798435583,1.0,,False,0.0,0.8873812754409769,0.9999999999999998
seller,bf3c6d2a28b2b5501e6c15448982dcc9,35,1.0,2.370444600683773,0.02857142857142857,0.42186178901272037,0.010680615770133062,2.350463448642383,-1.370444600683773,0.9065608260789767,,False,0.0,0.8877204884667571,0.9999999999999998
seller,0bb738e4d789e63e2267697c42d35a2d,28,1.0,2.381109041483826,0.03571428571428571,0.4199723669004398,0.010632779743893072,2.3399362624178015,-1.381109041483826,0.9075520080231468,,False,0.0,0.8880597014925373,0.9999999999999998
seller,dbd66278cbfe1aa1000f90a217ca4695,82,5.0,6.395441770078923,0.06097560975609756,0.7818068211319665,0.25385054676189883,1.824476322169481,-1.3954417700789232,0.7644000695215295,,False,0.0,0.8883989145183175,0.9999999999999998
seller,6edacfd9f9074789dad6d62ba7950b9c,196,12.0,13.398048061208236,0.061224489795918366,0.8956528551904478,0.46279689999582296,1.5645252914764245,-1.398048061208236,0.6859529202206215,1.0,False,0.0,0.8887381275440976,0.9999999999999998
seller,9d5604a1f112324ad6b2aa552122e0fb,10,0.0,1.3991121325545086,0.0,0.0,0.0,2.6365859949900896,-1.3991121325545086,1.0,,False,0.0,0.8890773405698779,0.9999999999999998
seller,5f2684dab12e59f83bef73ae57724e45,67,4.0,5.403648733194867,0.05970149253731343,0.7402405666060069,0.20169064042435453,1.8953098510066235,-1.403648733194867,0.7871411268165771,,False,0.0,0.8894165535956581,0.9999999999999998
seller,960945e1a9535cbc0cd6ddd35fbe7ae8,27,0.0,1.4061787701355415,0.0,0.0,0.0,2.623336045500363,-1.4061787701355415,1.0,,False,0.0,0.8897557666214383,0.9999999999999998
seller,63b464dbf392c7b80d12d932fa7cafed,36,2.0,3.4087454914889306,0.05555555555555555,0.5867261152214698,0.07105525453534775,2.11945646448607,-1.4087454914889306,0.8541468975742824,,False,0.0,0.8900949796472184,0.9999999999999998
seller,f41ce2e25237f9092cd8e6e7516c7a2f,26,0.0,1.4120272136622405,0.0,0.0,0.0,2.6124705093653544,-1.4120272136622405,1.0,,False,0.0,0.8904341926729986,0.9999999999999998
seller,1838dd9b8977065acf51d95e0053ea7a,62,3.0,4.4165481022392825,0.04838709677419355,0.6792635176958532,0.1400804674994758,1.9850962486510975,-1.4165481022392825,0.8168155093963637,,False,0.0,0.8907734056987788,0.9999999999999998
seller,04308b1ee57b6625f47df1d56f00eedf,91,11.0,12.419987562621001,0.12087912087912088,0.8856691638810836,0.4421228555625085,1.584706781231948,-1.4199875626210012,0.6952115513752294,,False,0.0,0.891112618724559,0.9999999999999998
seller,b2a6d334e2833acea353624840e25a0e,23,0.0,1.4212388057023597,0.0,0.0,0.0,2.595538089245272,-1.4212388057023597,1.0,,False,0.0,0.8914518317503393,0.9999999999999998
seller,f9244d45189d3a3605499abddeade7d5,20,0.0,1.422509935941449,0.0,0.0,0.0,2.5932187613667192,-1.422509935941449,1.0,,False,0.0,0.8917910447761194,0.9999999999999998
seller,3092c0b297aacfb4bb6e056ebe13b9b8,14,0.0,1.4321582410131048,0.0,0.0,0.0,2.575748509120355,-1.4321582410131048,1.0,,False,0.0,0.8921302578018996,0.9999999999999998
seller,768de2a4fc06aacecb9a586ccc30746a,13,0.0,1.4335563028380356,0.0,0.0,0.0,2.57323653546847,-1.4335563028380356,1.0,,False,0.0,0.8924694708276798,0.9999999999999998
seller,48efc9d94a9834137efd9ea76b065a38,33,0.0,1.4369693440905797,0.0,0.0,0.0,2.567124670602163,-1.4369693440905797,1.0,,False,0.0,0.89280868385346,0.9999999999999998
seller,718539d38d07dd351c76db862760e2e2,35,0.0,1.4416959070594084,0.0,0.0,0.0,2.558708418364072,-1.4416959070594084,1.0,,False,0.0,0.8931478968792401,0.9999999999999998
seller,ffa6adafb71b807dc13159e26431354c,15,0.0,1.449388769716084,0.0,0.0,0.0,2.5451276642888145,-1.449388769716084,1.0,,False,0.0,0.8934871099050203,0.9999999999999998
seller,8ff1a9df749e454105c55cda13e79143,13,0.0,1.4502386498349635,0.0,0.0,0.0,2.543636148804701,-1.4502386498349635,1.0,,False,0.0,0.8938263229308006,0.9999999999999998
seller,272f092de69afedd4d2969440b37f18f,25,0.0,1.4505430367653267,0.0,0.0,0.0,2.5431023834632587,-1.4505430367653267,1.0,,False,0.0,0.8941655359565808,0.9999999999999998
seller,3078096983cf766a32a06257648502d1,56,3.0,4.453077729229225,0.05357142857142857,0.6736913618885482,0.13893135501200563,1.968812044801166,-1.453077729229225,0.8210749826408967,,False,0.0,0.8945047489823609,0.9999999999999998
seller,cd06602b43d8800bd0afad514919d35c,41,2.0,3.456474991938286,0.04878048780487805,0.5786241777142038,0.07007407231612615,2.0901894804893626,-1.4564749919382858,0.8594394467343055,,False,0.0,0.8948439620081411,0.9999999999999998
seller,6c12e40690c335dbc2f68a4134d30dc1,16,0.0,1.4590161379956117,0.0,0.0,0.0,2.5283335516642724,-1.4590161379956117,1.0,,False,0.0,0.8951831750339213,0.9999999999999998
seller,a5259c149128e82c9d6d46e0c1c812bb,8,0.0,1.4691651698208799,0.0,0.0,0.0,2.510867756661889,-1.4691651698208799,1.0,,False,0.0,0.8955223880597015,0.9999999999999998
seller,efcd8d2104f1a05d028af7bad20d974b,41,1.0,2.4723020076026483,0.024390243902439025,0.4044813283024771,0.010240580603192629,2.253625719594683,-1.4723020076026483,0.9156096320411086,,False,0.0,0.8958616010854816,0.9999999999999998
seller,ffdd9f82b9a447f6f8d4b91554cc7dd3,17,0.0,1.4752532976678145,0.0,0.0,0.0,2.500505818184293,-1.4752532976678145,1.0,,False,0.0,0.8962008141112618,0.9999999999999998
seller,9b013e03b2ab786505a1d3b5c0756754,165,10.0,11.477767163815123,0.06060606060606061,0.8712495956117718,0.41779804623066447,1.6022590264764496,-1.4777671638151233,0.7090168253478841,1.0,False,0.0,0.8965400271370421,0.9999999999999998
seller,916c9de0b5ad957346eeeb12f332687e,20,0.0,1.4818538177323304,0.0,0.0,0.0,2.489367986215401,-1.4818538177323304,1.0,,False,0.0,0.8968792401628223,0.9999999999999998
seller,bf100ecb7997df312b285358fb32f92c,20,0.0,1.4972471367649391,0.0,0.0,0.0,2.4637745924058976,-1.4972471367649391,1.0,,False,0.0,0.8972184531886025,0.9999999999999998
seller,4b0fdb526525f9890eb145bf1534640e,18,0.0,1.4999307187639859,0.0,0.0,0.0,2.459366561379413,-1.4999307187639859,1.0,,False,0.0,0.8975576662143826,0.9999999999999998
seller,226b05fe067266c59c15dae208213d06,10,0.0,1.5025725650032995,0.0,0.0,0.0,2.455042465190914,-1.5025725650032995,1.0,,False,0.0,0.8978968792401628,0.9999999999999998
seller,52562a9f449c3dc3d53f5f5b9ed74903,14,0.0,1.504181520303269,0.0,0.0,0.0,2.452416416716909,-1.504181520303269,1.0,,False,0.0,0.898236092265943,0.9999999999999998
seller,1430239a858e7682bbc43b20758af153,17,0.0,1.5043616916106466,0.0,0.0,0.0,2.4521227007345767,-1.5043616916106466,1.0,,False,0.0,0.8985753052917232,0.9999999999999998
seller,55d3daac7c404d59e51c2aa2f4dc5a23,21,0.0,1.5058697886440626,0.0,0.0,0.0,2.449666951241203,-1.5058697886440626,1.0,,False,0.0,0.8989145183175034,0.9999999999999998
seller,dc317f341ab0e22f39acbd9dbf9b4a1f,55,3.0,4.511306241758771,0.05454545454545454,0.664995865771778,0.1371381346646081,1.9434001151569635,-1.5113062417587706,0.8276896509481062,,False,0.0,0.8992537313432836,0.9999999999999998
seller,9d4db00d65d7760644ac0c14edb5fd86,90,4.0,5.524474180947626,0.044444444444444446,0.7240508089973317,0.1972794763680799,1.8538576414609886,-1.5244741809476263,0.8010588860871061,,False,0.0,0.8995929443690638,0.9999999999999998
seller,77e4abfd739aed9c46480f90f81c0eb4,18,0.0,1.5279701452624215,0.0,0.0,0.0,2.414235294813557,-1.5279701452624215,1.0,,False,0.0,0.899932157394844,0.9999999999999998
seller,1b938a7ec6ac5061a66a3766e0e75f90,28,1.0,2.534056279155171,0.03571428571428571,0.3946242268673646,0.009991020401776783,2.1987054655299243,-1.534056279155171,0.9206634444918941,,False,0.0,0.9002713704206241,0.9999999999999998
seller,5a8e7d5003a1f221f9e1d6e411de7c23,131,8.0,9.547895678627999,0.061068702290076333,0.837880960294444,0.36173752761873557,1.6509595151398253,-1.5478956786279987,0.7362729480155312,1.0,False,0.0,0.9006105834464043,0.9999999999999998
seller,3f8034bfc6b8b4135534975d49f04c63,11,0.0,1.5485667103261187,0.0,0.0,0.0,2.382124986618807,-1.5485667103261187,1.0,,False,0.0,0.9009497964721845,0.9999999999999998
seller,52f9db5cfb423382a2fa5c9e39303202,20,0.0,1.5589672367776035,0.0,0.0,0.0,2.3662328284325436,-1.5589672367776035,1.0,,False,0.0,0.9012890094979648,0.9999999999999998
seller,c731d18cea9bf687ffee82a241c25b11,24,0.0,1.5596957971540695,0.0,0.0,0.0,2.365127520921018,-1.5596957971540695,1.0,,False,0.0,0.9016282225237449,0.9999999999999998
seller,83645b1645cdee8953ee54c29ceed564,14,0.0,1.5600844229992192,0.0,0.0,0.0,2.364538354291216,-1.5600844229992192,1.0,,False,0.0,0.9019674355495251,0.9999999999999998
seller,47efca563408aae19bb7206c2d969ea9,11,0.0,1.563700521916353,0.0,0.0,0.0,2.359070296653175,-1.563700521916353,1.0,,False,0.0,0.9023066485753053,0.9999999999999998
seller,25cf099de44674fde97473224f9d59ab,49,2.0,3.5748268917935273,0.04081632653061224,0.559467649913694,0.06775412792714171,2.0209895154109856,-1.5748268917935273,0.8718120883241205,,False,0.0,0.9026458616010855,0.9999999999999998
seller,916748bc99315c2d202898ae58b1617e,25,0.0,1.5761766831146515,0.0,0.0,0.0,2.340397173510024,-1.5761766831146515,1.0,,False,0.0,0.9029850746268657,0.9999999999999998
seller,8a2d12a90e92f012ce5226fc6592b653,17,0.0,1.5879004554221874,0.0,0.0,0.0,2.3231175742267447,-1.5879004554221874,1.0,,False,0.0,0.9033242876526458,0.9999999999999998
seller,b1a81260566c1bac3114a6d124413f27,45,1.0,2.5895953779607743,0.022222222222222223,0.38616071395194906,0.009776742806911735,2.1515497897306233,-1.5895953779607743,0.9249495990111398,,False,0.0,0.903663500678426,0.9999999999999998
seller,817245bcc3badd82bbd222e0366951a6,27,1.0,2.5928018994698716,0.037037037037037035,0.38568314849061996,0.009764651896261876,2.1488889652842684,-1.5928018994698716,0.9251898643223699,,False,0.0,0.9040027137042063,0.9999999999999998
seller,b56906f7fd1696e043f1bcce164c487b,39,2.0,3.612117594303428,0.05128205128205128,0.5536918297328264,0.0670546493076379,2.000125266995133,-1.6121175943034278,0.8754976259715771,,False,0.0,0.9043419267299865,0.9999999999999998
seller,14a08204d03bb6b6bde8029f801ae0eb,26,0.0,1.612827760345616,0.0,0.0,0.0,2.2872122769783165,-1.612827760345616,1.0,,False,0.0,0.9046811397557666,0.9999999999999998
seller,df0f42bc4c2142eacf0eaf2cffd0cfbb,14,0.0,1.614261808368505,0.0,0.0,0.0,2.285180405675456,-1.614261808368505,1.0,,False,0.0,0.9050203527815468,0.9999999999999998
seller,520b493b57809f446cb0a233bb3e25c7,62,2.0,3.6184311946392165,0.03225806451612903,0.5527257235022301,0.06693764936108312,1.9966353591101829,-1.6184311946392165,0.8761118473864992,,False,0.0,0.905359565807327,0.9999999999999998
seller,3bdff180c7e1f6551a643b99c265a120,56,3.0,4.62550792226492,0.05357142857142857,0.6485774212080527,0.13375225668031354,1.8954184528667615,-1.6255079222649202,0.8400545357487977,,False,0.0,0.9056987788331072,0.9999999999999998
seller,0c7533c71df861ec58ad7ff999ed0e8d,60,3.0,4.633011006926268,0.05,0.6475270608066879,0.13353564711387425,1.892348854046625,-1.6330110069262682,0.8408393579686951,,False,0.0,0.9060379918588873,0.9999999999999998
seller,73a63f72308aa20a46f4b1632018f196,23,0.0,1.6419606756760776,0.0,0.0,0.0,2.2466308169012867,-1.6419606756760776,1.0,,False,0.0,0.9063772048846676,0.9999999999999998
seller,e21a1e8be4715b0fcfd5385643bc49c4,19,0.0,1.6424280583393478,0.0,0.0,0.0,2.2459914973954755,-1.6424280583393478,1.0,,False,0.0,0.9067164179104478,0.9999999999999998
seller,bd697db56ff8e7c9cd1abeb7f72029b2,20,0.0,1.6617921474770936,0.0,0.0,0.0,2.21982000559717,-1.6617921474770936,1.0,,False,0.0,0.907055630936228,0.9999999999999998
seller,3c3017960b2dbd72711a61f0400aab8f,9,0.0,1.6644201670574938,0.0,0.0,0.0,2.2163150429950966,-1.6644201670574938,1.0,,False,0.0,0.9073948439620081,0.9999999999999998
seller,fde0cc9ea29c8ccfc0a2c22256a58c71,34,1.0,2.685680726904885,0.029411764705882353,0.37234507809588036,0.009426961191126917,2.0745739935215397,-1.6856807269048848,0.931825230203025,,False,0.0,0.9077340569877883,0.9999999999999998
seller,c84592044b180dec206770c38603814b,14,0.0,1.690105503605771,0.0,0.0,0.0,2.182632649999578,-1.690105503605771,1.0,,False,0.0,0.9080732700135685,0.9999999999999998
seller,94e93ce877be27a515118dbfd2c2be41,29,0.0,1.6980942051403631,0.0,0.0,0.0,2.1723644324014493,-1.6980942051403631,1.0,,False,0.0,0.9084124830393487,0.9999999999999998
seller,d379f449f2a3b271bc01c0782020f705,28,1.0,2.698110817002724,0.03571428571428571,0.3706296990095016,0.009383531552797713,2.0650165129719626,-1.698110817002724,0.932667403744047,,False,0.0,0.908751696065129,0.9999999999999998
seller,e6a69c4a27dfdd98ffe5aa757ad744bc,20,0.0,1.7032568251075084,0.0,0.0,0.0,2.1657799339104926,-1.7032568251075084,1.0,,False,0.0,0.9090909090909091,0.9999999999999998
seller,5b925e1d006e9476d738aa200751b73b,62,4.0,5.7074098212618685,0.06451612903225806,0.7008433116365258,0.19095621442256328,1.7944372309222663,-1.7074098212618685,0.8207158322236884,,False,0.0,0.9094301221166893,0.9999999999999998
seller,0be8ff43f22e456b4e0371b2245e4d01,153,10.0,11.710140819642477,0.06535947712418301,0.8539606956071866,0.40950734666560923,1.5704641238105328,-1.7101408196424774,0.731368046018925,1.0,False,0.0,0.9097693351424695,0.9999999999999998
seller,42ef3192a9ff87a22d1867b74b3ee205,23,0.0,1.7111936216379937,0.0,0.0,0.0,2.155734691544055,-1.7111936216379937,1.0,,False,0.0,0.9101085481682497,0.9999999999999998
seller,99002261c568a84cce14d43fcffb43ea,36,3.0,4.71858319777607,0.08333333333333333,0.6357840636176425,0.13111395878050633,1.8580308330420992,-1.71858319777607,0.8495564646325564,,False,0.0,0.9104477611940298,0.9999999999999998
seller,0adac9fbd9a2b63cccaac4f8756c1ca8,104,7.0,8.734730469671687,0.0673076923076923,0.8013985118722398,0.3222037659080337,1.6511872245835288,-1.7347304696716872,0.7679779258647557,1.0,False,0.0,0.91078697421981,0.9999999999999998
seller,cf2384dd2f1dddea3f838efed0945e65,16,0.0,1.7364014378703168,0.0,0.0,0.0,2.1244392993813217,-1.7364014378703168,1.0,,False,0.0,0.9111261872455902,0.9999999999999998
seller,d1c281d3ae149232351cd8c8cc885f0d,203,19.0,20.73992121178473,0.09359605911330049,0.9161076267350485,0.5515566355125199,1.4306155394036006,-1.7399212117847291,0.6785310047328477,1.0,False,0.0,0.9114654002713705,0.9999999999999998
seller,c8b3445d737de6befde0c88ede534a5e,29,1.0,2.74470148173642,0.034482758620689655,0.3643383466851031,0.009224248302687076,2.0299633413736595,-1.7447014817364201,0.9357325169012918,,False,0.0,0.9118046132971506,0.9999999999999998
seller,3586b8580d9c917874e053a1bb37b5ff,36,1.0,2.7594972893063767,0.027777777777777776,0.3623848459192937,0.00917478994540115,2.0190791317426435,-1.7594972893063767,0.9366764061927604,,False,0.0,0.9121438263229308,0.9999999999999998
seller,813348c996469b40f2e028d5429d3495,171,9.0,10.76289983317727,0.05263157894736842,0.8362058682602408,0.382366570456454,1.5873792115721692,-1.7628998331772703,0.7462801290818937,1.0,False,0.0,0.912483039348711,0.9999999999999998
seller,0432ead42b6c8a0bdf68154add917fdf,81,3.0,4.773041603229881,0.037037037037037035,0.6285300337566558,0.12961800342929142,1.8368314794929874,-1.7730416032298812,0.854884770166418,,False,0.0,0.9128222523744912,0.9999999999999998
seller,3c4e0452bff7a2a788179488d3d77032,32,1.0,2.788440265023584,0.03125,0.3586234256273524,0.009079559028701568,1.9981218392325053,-1.788440265023584,0.9384829105185625,,False,0.0,0.9131614654002713,0.9999999999999998
seller,270297ead4c65a6cd2593960d2af6b21,17,0.0,1.7930054992506832,0.0,0.0,0.0,2.0573720803731828,-1.7930054992506832,1.0,,False,0.0,0.9135006784260515,0.9999999999999998
seller,671585f5a2af58b6e276bc01003c0d2b,26,0.0,1.8009812913159062,0.0,0.0,0.0,2.0482608408544967,-1.8009812913159062,1.0,,False,0.0,0.9138398914518318,0.9999999999999998
seller,66dc1b1632bd6a3e508510c5b3492107,36,1.0,2.8414920985295296,0.027777777777777776,0.3519277778451326,0.008910039903820893,1.960816077518646,-1.8414920985295296,0.9416614458798823,,False,0.0,0.914179104477612,0.9999999999999998
seller,fad44952713764836814be105382aee5,30,1.0,2.8516654754157087,0.03333333333333333,0.350672268055643,0.008878253148048198,1.9538208246977768,-1.8516654754157087,0.9422519372395053,,False,0.0,0.9145183175033921,0.9999999999999998
seller,b410bdd36d5db7a65dcd42b7ead933b8,40,1.0,2.860096303340771,0.025,0.3496385764465125,0.00885208234237326,1.948061463675496,-1.8600963033407711,0.9427367546419118,,False,0.0,0.9148575305291723,0.9999999999999998
seller,8ab42aa58097fd4668d60cc648225d5f,19,0.0,1.8617569332400925,0.0,0.0,0.0,1.981396920431512,-1.8617569332400925,1.0,,False,0.0,0.9151967435549525,0.9999999999999998
seller,83e197e95a1bbabc8c75e883ed016c47,46,1.0,2.869093135308133,0.021739130434782608,0.3485421883638513,0.00882432419942018,1.9419527802608325,-1.869093135308133,0.9432496318438219,,False,0.0,0.9155359565807327,0.9999999999999998
seller,40d54b51e962dbe09cabbcfd33298dee,27,0.0,1.87962133721675,0.0,0.0,0.0,1.9625652151705433,-1.87962133721675,1.0,,False,0.0,0.9158751696065129,0.9999999999999998
seller,b94cc9f10ddc85e4ba73a6f7974e7101,39,3.0,4.888728065752427,0.07692307692307693,0.6136565502622753,0.12655073355985105,1.7933648490618075,-1.888728065752427,0.8656578948419431,,False,0.0,0.916214382632293,0.9999999999999998
seller,062ce95fa2ad4dfaedfc79260130565f,52,2.0,3.8989232513649643,0.038461538461538464,0.5129621362256426,0.06212209446779199,1.852995609799369,-1.8989232513649643,0.900729597621607,,False,0.0,0.9165535956580733,0.9999999999999998
seller,8bd0f31cf0a614c658f6763bd02dea69,33,1.0,2.905185477316313,0.030303030303030304,0.3442121020526915,0.008714695905638834,1.917827083483064,-1.905185477316313,0.9452613631155906,,False,0.0,0.9168928086838535,0.9999999999999998
seller,f4aba7c0bca51484c30ab7bdc34bcdd1,107,7.0,8.905612389676051,0.06542056074766354,0.786021184586345,0.3160212828016693,1.6195040532442275,-1.905612389676051,0.7844856519069401,1.0,False,0.0,0.9172320217096337,0.9999999999999998
seller,2a7dc43cecabf23403078e2188437d1d,49,4.0,5.92035122336891,0.08163265306122448,0.675635591383689,0.18408795905965677,1.7298954553537167,-1.9203512233689102,0.841545879125891,,False,0.0,0.9175712347354138,0.9999999999999998
seller,dee656f0f566ed1aa85bd137c943f08f,88,5.0,6.921833544039617,0.056818181818181816,0.7223519560515138,0.23454571390501044,1.6857285002714717,-1.9218335440396173,0.8197573892294373,,False,0.0,0.917910447761194,0.9999999999999998
seller,25e6ffe976bd75618accfe16cefcbd0d,104,6.0,7.9222075048107055,0.057692307692307696,0.7573646608418855,0.2779394824174658,1.6484640189730464,-1.9222075048107055,0.8015334774598242,1.0,False,0.0,0.9182496607869742,0.9999999999999998
seller,1da3aeb70d7989d1e6d9b0e887f97c23,254,15.0,16.926286414610132,0.05905511811023622,0.8861955678034944,0.4959969320580996,1.461644820693275,-1.9262864146101322,0.7132348236026271,1.0,False,0.0,0.9185888738127544,0.9999999999999998
seller,5f3ae9136c875522250f8184f253413a,42,3.0,4.9308632485163795,0.07142857142857142,0.6084127360260201,0.12546933299797966,1.7780401986163905,-1.9308632485163795,0.8694029065379714,,False,0.0,0.9189280868385346,0.9999999999999998
seller,cce6ab8d1682639fe45ab70234f1665f,61,3.0,4.937883672358154,0.04918032786885246,0.6075477267303279,0.12529094728554954,1.7755122743819907,-1.9378836723581543,0.8700178376207384,,False,0.0,0.9192672998643148,0.9999999999999998
seller,02ecc2a19303f05e59ce133fd923fff7,21,0.0,1.9482717319868739,0.0,0.0,0.0,1.8934111672153484,-1.9482717319868739,1.0,,False,0.0,0.919606512890095,0.9999999999999998
seller,116ccb1a1604bc88e4d234a8c23f33de,57,3.0,4.948313840696348,0.05263157894736842,0.606267123828554,0.12502685618027395,1.7717698092707383,-1.9483138406963478,0.8709267037518422,,False,0.0,0.9199457259158752,0.9999999999999998
seller,325f3178fb58e2a9778334621eecdbf9,33,0.0,1.9507155244382375,0.0,0.0,0.0,1.891039163783889,-1.9507155244382375,1.0,,False,0.0,0.9202849389416553,0.9999999999999998
seller,850f4f8af5ea87287ac68de36e29107f,183,12.0,13.955227301782282,0.06557377049180328,0.8598928373217847,0.4443191769388318,1.502059736819899,-1.9552273017822817,0.7361650054629243,1.0,False,0.0,0.9206241519674355,0.9999999999999998
seller,36a968b544695394e4e9d7572688598f,144,7.0,8.967949741598625,0.04861111111111111,0.7805574520037599,0.3138245789296961,1.608246675915402,-1.9679497415986251,0.7902840786291095,1.0,False,0.0,0.9209633649932157,0.9999999999999998
seller,f67efa3f0b6761102a7f8c6b7b571f5d,31,0.0,1.9703647426894602,0.0,0.0,0.0,1.8721810100391765,-1.9703647426894602,1.0,,False,0.0,0.921302578018996,0.9999999999999998
seller,01cf7e3d21494c41fb86034f2e714fa1,58,3.0,4.971353791345814,0.05172413793103448,0.6034573530498738,0.12444741389610862,1.763558466710715,-1.9713537913458143,0.8729144456035637,,False,0.0,0.9216417910447762,0.9999999999999998
seller,72bc2cce903c872fe376a8faaa81d237,17,0.0,1.9720512003489925,0.0,0.0,0.0,1.870579959313996,-1.9720512003489925,1.0,,False,0.0,0.9219810040705563,0.9999999999999998
seller,b1aaae6b66ad3c40f54b389d7ea4bee0,15,0.0,1.982263876084774,0.0,0.0,0.0,1.8609426820610517,-1.982263876084774,1.0,,False,0.0,0.9223202170963365,0.9999999999999998
seller,c66dccfb3f109511246da627dd5a2498,42,2.0,3.9829149905394847,0.047619047619047616,0.5021447871095789,0.060812063305212,1.813919625421224,-1.9829149905394847,0.9071620641542797,,False,0.0,0.9226594301221167,0.9999999999999998
seller,83deb69e889cf80f82be1dc6d5f2d486,40,2.0,3.987369144747136,0.05,0.5015838582777699,0.06074413222137852,1.8118933576144032,-1.9873691447471362,0.9074920414251201,,False,0.0,0.9229986431478969,0.9999999999999998
seller,282f23a9769b2690c5dda22e316f9941,96,5.0,6.99759244405455,0.052083333333333336,0.7145314677833533,0.23200642265152258,1.667478089444403,-1.9975924440545496,0.8267886466269314,,False,0.0,0.923337856173677,0.9999999999999998
seller,42fa4ee7240e9b8eb4576358ec142ba7,22,0.0,2.0040316903722535,0.0,0.0,0.0,1.8407291021574201,-2.0040316903722535,1.0,,False,0.0,0.9236770691994572,0.9999999999999998
seller,679769a98cfcc6da877c8486ff1c13f3,20,0.0,2.006745622930154,0.0,0.0,0.0,1.8382396911510936,-2.006745622930154,1.0,,False,0.0,0.9240162822252375,0.9999999999999998
seller,b32be1695eb7ec5f10f72d9610a12527,44,2.0,4.023256966649684,0.045454545454545456,0.4971096841635434,0.06020228897923508,1.7957311023412523,-2.023256966649684,0.9101108869214091,,False,0.0,0.9243554952510177,0.9999999999999998
seller,e9511df20ccd82658a30c37b7fb343af,22,0.0,2.026739798445535,0.0,0.0,0.0,1.8201051052252613,-2.026739798445535,1.0,,False,0.0,0.9246947082767978,0.9999999999999998
seller,00ee68308b45bc5e2660cd833c3f81cc,130,11.0,13.038708146872793,0.08461538461538462,0.843641860534952,0.42114297715558874,1.5095083264075129,-2.038708146872793,0.7516269969057615,1.0,False,0.0,0.925033921302578,0.9999999999999998
seller,7e26c750b4cb9f6766f58265ff9ebe95,23,0.0,2.040825440203503,0.0,0.0,0.0,1.8075428605721884,-2.040825440203503,1.0,,False,0.0,0.9253731343283582,0.9999999999999998
seller,42bde9fef835393bb8a8849cb6b7f245,34,1.0,3.0581677167504133,0.029411764705882353,0.32699318435765606,0.008278750653738636,1.821889414508399,-2.0581677167504133,0.9530263144862183,,False,0.0,0.9257123473541384,0.9999999999999998
seller,9e6229250fedbe05838fef417b74e7fb,71,3.0,5.080199799994615,0.04225352112676056,0.590527955220025,0.1217810612283905,1.725773279576842,-2.080199799994615,0.8819422574915683,,False,0.0,0.9260515603799185,0.9999999999999998
seller,a3dd39f583bc80bd8c5901c95878921e,33,1.0,3.0889731302020493,0.030303030303030304,0.32373217825128514,0.00819618912730194,1.803720251388026,-2.0889731302020493,0.9544512970144076,,False,0.0,0.9263907734056988,0.9999999999999998
seller,5bffbafbb22daf6d3bfc216a46db8708,21,0.0,2.0959902256329697,0.0,0.0,0.0,1.7599697789620787,-2.0959902256329697,1.0,,False,0.0,0.926729986431479,0.9999999999999998
seller,5debea795b07621e1f90532e18f96145,25,0.0,2.1068167696990243,0.0,0.0,0.0,1.7509256178176906,-2.1068167696990243,1.0,,False,0.0,0.9270691994572592,0.9999999999999998
seller,95f83f51203c626648c875dd41874c7f,46,2.0,4.120440910506888,0.043478260869565216,0.48538494870782267,0.058782369121310594,1.7533773265141166,-2.120440910506888,0.9168575901249182,,False,0.0,0.9274084124830394,0.9999999999999998
seller,870d0118f7a9d85960f29ad89d5d989a,43,2.0,4.144556212841551,0.046511627906976744,0.48256071272556805,0.058440341041460696,1.743175215078248,-2.144556212841551,0.9184563731581283,,False,0.0,0.9277476255088195,0.9999999999999998
seller,91f848e9f4be368f4318775aac733370,60,2.0,4.15916611773395,0.03333333333333333,0.4808656214697348,0.058235057626389926,1.7370519626324055,-2.1591661177339496,0.9194108421405165,,False,0.0,0.9280868385345997,0.9999999999999998
seller,c8b0e2b0a7095e5d8219575d5e7e1181,81,6.0,8.163638755651355,0.07407407407407407,0.734966377076208,0.26971970703218207,1.5997123848085686,-2.1636387556513554,0.8232982478852733,,False,0.0,0.9284260515603799,0.9999999999999998
seller,4e7c18b98d84e05cbae3ff0ff03846c2,79,4.0,6.164822893328475,0.05063291139240506,0.6488426462873361,0.17678778328016023,1.6612948745838365,-2.164822893328475,0.862909213407303,,False,0.0,0.9287652645861602,0.9999999999999998
seller,33a17d60c64393351ebf1ef860f4e0f2,42,1.0,3.17953073973349,0.023809523809523808,0.3145118200945025,0.007962749869942137,1.7523477038016988,-2.17953073973349,0.9583948258038167,,False,0.0,0.9291044776119403,0.9999999999999998
seller,6d66611d7c44cc30ce351abc49a68421,163,10.0,12.180903944559146,0.06134969325153374,0.8209571346687048,0.39368085635995786,1.5097694001792217,-2.1809039445591463,0.7730551703400873,1.0,False,0.0,0.9294436906377205,0.9999999999999998
seller,f7720c4fa8e3aba4546301ab80ea1f1b,55,3.0,5.18565876742741,0.05454545454545454,0.5785185903175598,0.11930444146877849,1.6906768190788115,-2.1856587674274097,0.8901389927298062,,False,0.0,0.9297829036635007,0.9999999999999998
seller,65b081a070633e057c462abdd6fb9dd8,19,0.0,2.1884829816605014,0.0,0.0,0.0,1.6855874525992498,-2.1884829816605014,1.0,,False,0.0,0.9301221166892809,0.9999999999999998
seller,ceaec5548eefc6e23e6607c5435102e7,196,12.0,14.205884681748323,0.061224489795918366,0.8447203584172103,0.43647933568605535,1.475556469574073,-2.205884681748323,0.7569440789833377,1.0,False,0.0,0.930461329715061,0.9999999999999998
seller,9674754b5a0cb32b638cec001178f799,82,3.0,5.226248893649834,0.036585365853658534,0.5740254743024499,0.11837785292761704,1.677546027399311,-2.226248893649834,0.8931553523284588,,False,0.0,0.9308005427408412,0.9999999999999998
seller,9baf5cb77970f539089d09a38bcec5c3,31,0.0,2.240792774157403,0.0,0.0,0.0,1.6462385530054429,-2.240792774157403,1.0,,False,0.0,0.9311397557666214,0.9999999999999998
seller,afe0067131b73e40875c9b6c10bd2e21,45,2.0,4.241736082256474,0.044444444444444446,0.4715050538778596,0.05710144946479487,1.7032383740104469,-2.241736082256474,0.9246102025447214,,False,0.0,0.9314789687924017,0.9999999999999998
seller,b347677812ea483b0f528eaf8cbc09b7,21,0.0,2.248303309190406,0.0,0.0,0.0,1.6407392361319202,-2.248303309190406,1.0,,False,0.0,0.9318181818181818,0.9999999999999998
seller,0ebd97a106433a45a4aebe57c1799778,31,0.0,2.256275192894533,0.0,0.0,0.0,1.6349421673964963,-2.256275192894533,1.0,,False,0.0,0.932157394843962,0.9999999999999998
seller,fcb5ace8bcc92f75707dc0f01a27d269,57,2.0,4.274057950234582,0.03508771929824561,0.46793937360868726,0.056669629042037525,1.6903579108765787,-2.2740579502345817,0.9265578953104936,,False,0.0,0.9324966078697422,0.9999999999999998
seller,0691148aee60ca47977c187804f935ae,46,1.0,3.276487926362382,0.021739130434782608,0.30520484814061827,0.007727117741098524,1.7004925750251858,-2.276487926362382,0.9622393576462452,,False,0.0,0.9328358208955224,0.9999999999999998
seller,31344c16881c08a8a72c6d2eb29918c1,41,2.0,4.326116347258618,0.04878048780487805,0.4623084169401417,0.05598769406593714,1.6700169592762142,-2.326116347258618,0.929595212576632,,False,0.0,0.9331750339213026,0.9999999999999998
seller,751bdc4d83a466c7206cd42e8f426b03,49,1.0,3.3333517788982627,0.02040816326530612,0.29999833990834274,0.007595300365405148,1.671483767842959,-2.3333517788982627,0.9643266646736394,,False,0.0,0.9335142469470827,0.9999999999999998
seller,750303a20e9c56b2a6bc45cdce0b897d,53,2.0,4.336796853191322,0.03773584905660377,0.4611698605454066,0.055849809604461946,1.6659041021041887,-2.3367968531913217,0.9302034865072314,,False,0.0,0.933853459972863,0.9999999999999998
seller,aae3bfea055532c57fb453ed3ec80b30,47,0.0,2.338974905536837,0.0,0.0,0.0,1.5771351139260175,-2.338974905536837,1.0,,False,0.0,0.9341926729986432,0.9999999999999998
seller,7ea5bfa6c340f58f8e71fc1f0412b0d6,94,7.0,9.342443321567957,0.07446808510638298,0.7492686612119771,0.3012448622538206,1.5437798084796726,-2.3424433215679574,0.8226573137912384,,False,0.0,0.9345318860244234,0.9999999999999998
seller,3bb548e3cb7f70f28e3f11ee9dce0e59,38,0.0,2.343826426507981,0.0,0.0,0.0,1.5738705786374811,-2.343826426507981,1.0,,False,0.0,0.9348710990502035,0.9999999999999998
seller,013900e863eace745d3ec7614cab5b1a,23,0.0,2.345183009987919,0.0,0.0,0.0,1.5729601649011342,-2.345183009987919,1.0,,False,0.0,0.9352103120759837,0.9999999999999998
seller,acce39e832338debb07b02385cde5967,44,0.0,2.352579085570801,0.0,0.0,0.0,1.5680150676927873,-2.352579085570801,1.0,,False,0.0,0.9355495251017639,0.9999999999999998
seller,3785b653b1b82de85ab47dd139938091,20,0.0,2.3553571723919293,0.0,0.0,0.0,1.5661656318424853,-2.3553571723919293,1.0,,False,0.0,0.9358887381275441,0.9999999999999998
seller,c68fb906c8f4b4b946d8386bfa6e5467,42,1.0,3.360591429047104,0.023809523809523808,0.29756666977025237,0.007533735807767844,1.657935368989124,-2.360591429047104,0.9652852784225636,,False,0.0,0.9362279511533242,0.9999999999999998
seller,537eb890efff034a88679788b647c564,150,9.0,11.369369769443553,0.06,0.7916006060589658,0.36197020422705023,1.5027045296157469,-2.369369769443553,0.7991697464115465,1.0,False,0.0,0.9365671641791045,0.9999999999999998
seller,ca3bd7cd9f149df75950150d010fe4a2,66,3.0,5.394085672677835,0.045454545454545456,0.5561646925994564,0.11469453035002841,1.6253492439229107,-2.394085672677835,0.9048519371152661,,False,0.0,0.9369063772048847,0.9999999999999998
seller,33ac3e28642ab8bda860a2f693000e78,33,0.0,2.421719193981762,0.0,0.0,0.0,1.523248221049412,-2.421719193981762,1.0,,False,0.0,0.9372455902306649,0.9999999999999998
seller,e48b04bf1aa1ef711caebeb7aede6180,25,0.0,2.4384921597834803,0.0,0.0,0.0,1.5127706846682993,-2.4384921597834803,1.0,,False,0.0,0.937584803256445,0.9999999999999998
seller,5cbbd5a299cab112b7bf23862255e43e,34,0.0,2.444439896772873,0.0,0.0,0.0,1.509089856937763,-2.444439896772873,1.0,,False,0.0,0.9379240162822252,0.9999999999999998
seller,d23019c84ffae2d5ef2270367b8605fc,38,1.0,3.4470203339354977,0.02631578947368421,0.29010562837564985,0.00734483859437646,1.6163651070133656,-2.4470203339354977,0.9681596311610603,,False,0.0,0.9382632293080054,0.9999999999999998
seller,bfd27a966d91cfaafdb25d076585f0da,113,6.0,8.457189547457673,0.05309734513274336,0.7094555426871882,0.2603576804250255,1.5441860383092052,-2.4571895474576735,0.8471534310565556,1.0,False,0.0,0.9386024423337856,0.9999999999999998
seller,5a93f3ab0ef4c84ed5e1b5dbf23978bc,38,1.0,3.4913931497264605,0.02631578947368421,0.28641861775960314,0.007251491567563351,1.5958223986821474,-2.4913931497264605,0.9695415905251898,,False,0.0,0.9389416553595658,0.9999999999999998
seller,b90e891671cffd9557f33a97dc523645,33,0.0,2.5021053860066718,0.0,0.0,0.0,1.4743101848325182,-2.5021053860066718,1.0,,False,0.0,0.939280868385346,0.9999999999999998
seller,522620dcb18a6b31cd7bdf73665113a9,171,18.0,20.503001102333172,0.10526315789473684,0.8779202571447777,0.5203111840629785,1.3874925005145087,-2.5030011023331724,0.7397071230779301,1.0,False,0.0,0.9396200814111262,0.9999999999999998
seller,01fdefa7697d26ad920e9e0346d4bd1b,127,8.0,10.52893345314769,0.06299212598425197,0.7598110516700388,0.32803248231338733,1.4971306723836126,-2.5289334531476904,0.8237030615260108,1.0,False,0.0,0.9399592944369064,0.9999999999999998
seller,b1fecf4da1fa2689bccffa0121953643,19,0.0,2.5457981283999644,0.0,0.0,0.0,1.4490070571433715,-2.5457981283999644,1.0,,False,0.0,0.9402985074626866,0.9999999999999998
seller,3504c0cb71d7fa48d967e0e4c94d59d9,53,0.0,2.546903768553795,0.0,0.0,0.0,1.448378026551269,-2.546903768553795,1.0,,False,0.0,0.9406377204884667,0.9999999999999998
seller,05ff92fedb5be47920fea08e501238b9,56,3.0,5.555735050804074,0.05357142857142857,0.5399825536255214,0.11135738425936308,1.578058166843908,-2.555735050804074,0.9150081922796178,,False,0.0,0.9409769335142469,0.9999999999999998
seller,2e1c9f22be269ef4643f826c9e650a52,160,11.0,13.564358272831731,0.06875,0.8109487952726872,0.40482271676907633,1.451011401897532,-2.564358272831731,0.7936215945675819,1.0,False,0.0,0.9413161465400272,0.9999999999999998
seller,2a5b78b41cd05baeac8df54c6606b92c,46,1.0,3.5661432461958054,0.021739130434782608,0.28041498362881334,0.007099492711432085,1.5623722902557171,-2.5661432461958054,0.9717353464516179,,False,0.0,0.9416553595658074,0.9999999999999998
seller,96804ea39d96eb908e7c3afdb671bb9e,36,1.0,3.5709272671100165,0.027777777777777776,0.28003930777601893,0.007089981422326702,1.5602791583733597,-2.5709272671100165,0.9718702422159691,,False,0.0,0.9419945725915875,0.9999999999999998
seller,b1ac6ea7895bc3dd6f0f6f4abbdd2821,37,0.0,2.5863802373868814,0.0,0.0,0.0,1.4262711262598229,-2.5863802373868814,1.0,,False,0.0,0.9423337856173677,0.9999999999999998
seller,966cb4760537b1404caedd472cc610a5,66,2.0,4.591472230112944,0.030303030303030304,0.4355901331348796,0.05275198594373443,1.5735013315209012,-2.5914722301129443,0.9433140905143795,,False,0.0,0.9426729986431479,0.9999999999999998
seller,05d2173d43ea568aa0540eba70d2ca76,62,4.0,6.617845055746235,0.06451612903225806,0.6044263602888109,0.16468584024644115,1.5475715416623397,-2.617845055746235,0.8960065464861853,,False,0.0,0.9430122116689281,0.9999999999999998
seller,b8bc237ba3788b23da09c0f1f3a3288c,45,1.0,3.618755456189944,0.022222222222222223,0.27633809803021714,0.006996274904672911,1.5396573375546847,-2.618755456189944,0.9731839705428084,,False,0.0,0.9433514246947082,0.9999999999999998
seller,3481aa57cd91f9f9d3fa1fa12d9a3bf7,24,0.0,2.6295518149467285,0.0,0.0,0.0,1.4028548261136538,-2.6295518149467285,1.0,,False,0.0,0.9436906377204884,0.9999999999999998
seller,9de4643a8dbde634fe55621059d92273,72,3.0,5.651151354423925,0.041666666666666664,0.5308652718443811,0.10947718156783794,1.5514136005008936,-2.6511513544239254,0.9205291663903181,,False,0.0,0.9440298507462687,0.9999999999999998
seller,4830e40640734fc1c52cd21127c341d4,199,14.0,16.666324768898615,0.07035175879396985,0.8400172320010048,0.4592452374733364,1.4094061796797612,-2.6663247688986154,0.7762886003792666,1.0,False,0.0,0.9443690637720489,0.9999999999999998
seller,5656537e588803a555b8eb41f07a944b,167,12.0,14.67532499358697,0.0718562874251497,0.8176990973108894,0.42251705576754395,1.4283557643416447,-2.6753249935869707,0.7927871114402203,1.0,False,0.0,0.944708276797829,0.9999999999999998
seller,2b3e4a2a3ea8e01938cabda2a3e5cc79,50,0.0,2.6782374846218224,0.0,0.0,0.0,1.3773533808316551,-2.6782374846218224,1.0,,False,0.0,0.9450474898236092,0.9999999999999998
seller,004c9cd9d87a3c30c522c48c4fc07416,155,13.0,15.686186307633331,0.08387096774193549,0.8287546599949435,0.44127695255253907,1.4171957085159028,-2.6861863076333314,0.7853076535546555,1.0,False,0.0,0.9453867028493894,0.9999999999999998
seller,bbf9ad41dca6603e614efcdad7aab8c4,14,0.0,2.71583918080626,0.0,0.0,0.0,1.3582834654512959,-2.71583918080626,1.0,,False,0.0,0.9457259158751696,0.9999999999999998
seller,cb8bcce248bb1fb274ba762d8b971456,64,1.0,3.720538515879978,0.015625,0.2687782953278958,0.006804877271456423,1.497536812791494,-2.720538515879978,0.9757790790175418,,False,0.0,0.9460651289009498,0.9999999999999998
seller,febab0275244b9a49a623f0bd613ca2f,101,5.0,7.73190400558373,0.04950495049504951,0.6466712463565458,0.20997239346815372,1.5091149697275315,-2.73190400558373,0.8839551026752881,1.0,False,0.0,0.94640434192673,0.9999999999999998
seller,9add47bf45ce8e8c7db6b9cf670b1e09,41,1.0,3.7377914072743033,0.024390243902439025,0.2675376689169572,0.00677346733020404,1.4906244848483636,-2.7377914072743033,0.9761933757517847,,False,0.0,0.9467435549525102,0.9999999999999998
seller,81f89e42267213cb94da7ddc301651da,45,0.0,2.8400895151298378,0.0,0.0,0.0,1.298860276925213,-2.8400895151298378,1.0,,False,0.0,0.9470827679782904,0.9999999999999998
seller,edb1ef5e36e0c8cd84eb3c9b003e486d,161,13.0,15.866940340213246,0.08074534161490683,0.8193135992988353,0.43624998535229714,1.4010512071957602,-2.8669403402132456,0.7979326384231333,1.0,False,0.0,0.9474219810040706,0.9999999999999998
seller,7142540dd4c91e2237acb7e911c4eba2,316,26.0,28.877126618493573,0.08227848101265822,0.9003665892211382,0.5881493487901029,1.319245664100369,-2.8771266184935733,0.7289156479266261,1.0,False,0.0,0.9477611940298507,0.9999999999999998
seller,bd4889b5e9133b35b66e42a8665cea5c,34,0.0,2.9127800538337976,0.0,0.0,0.0,1.2664462767309315,-2.9127800538337976,1.0,,False,0.0,0.9481004070556309,0.9999999999999998
seller,3b15288545f8928d3e65a8f949a28291,99,7.0,9.935634634484986,0.0707070707070707,0.7045347637587366,0.2832595153762665,1.4516108826751335,-2.9356346344849857,0.8657474657093779,,False,0.0,0.9484396200814111,0.9999999999999998
seller,1b8356dabde1d35e17cef975c3f82730,55,1.0,3.948136880294297,0.01818181818181818,0.25328402492607077,0.006412596308566351,1.4112082635097454,-2.948136880294297,0.9807093909709388,,False,0.0,0.9487788331071914,0.9999999999999998
seller,d57e18d5f73c7ccb7f7339b61166898d,59,2.0,4.957685700436906,0.03389830508474576,0.4034140364774931,0.048855311364861195,1.457270207162844,-2.9576857004369064,0.9581223748254134,,False,0.0,0.9491180461329715,0.9999999999999998
seller,6df688df543f90e9b38f4319e75a9d88,39,0.0,2.971887023876126,0.0,0.0,0.0,1.2412583064152491,-2.971887023876126,1.0,,False,0.0,0.9494572591587517,0.9999999999999998
seller,59fb871bf6f4522a87ba567b42dafecf,122,8.0,10.985646737627533,0.06557377049180328,0.7282229431790089,0.3143949791247696,1.4348895059771,-2.9856467376275333,0.8558791511297343,1.0,False,0.0,0.9497964721845319,0.9999999999999998
seller,709e16e2b25c7474d980076c6bfc4806,56,2.0,5.037049457907092,0.03571428571428571,0.39705784442128655,0.04808554701875086,1.4343094559817637,-3.0370494579070924,0.9608021768518272,,False,0.0,0.9501356852103121,0.9999999999999998
seller,0ef83d7d83ed97cd2a0049ac8be5f88a,44,1.0,4.068757884044652,0.022727272727272728,0.24577525340631096,0.006222490673031167,1.3693720662976054,-3.0687578840446523,0.9829013862163762,,False,0.0,0.9504748982360922,0.9999999999999998
seller,1b4c3a6f53068f0b6944d2d005c9fc89,107,7.0,10.070758469442271,0.06542056074766354,0.695081708218911,0.27945889677123076,1.4321339753569842,-3.0707584694422714,0.8742575196824911,1.0,False,0.0,0.9508141112618724,0.9999999999999998
seller,4da0e408c99d2fdc2126dc9fce518060,44,0.0,3.0893309982432577,0.0,0.0,0.0,1.1940706438421813,-3.0893309982432577,1.0,,False,0.0,0.9511533242876526,0.9999999999999998
seller,c864036feaab8c1659f65ea4faebe1da,58,2.0,5.090354701306272,0.034482758620689655,0.3928999288569745,0.04758200415421149,1.4192896353313025,-3.090354701306272,0.9625087751745837,,False,0.0,0.9514925373134329,0.9999999999999998
seller,b92e3c8f9738272ff7c59e111e108d7c,59,2.0,5.093134716925535,0.03389830508474576,0.39268546998248216,0.04755603218957742,1.418514936138413,-3.093134716925535,0.9625957908130758,,False,0.0,0.9518317503392131,0.9999999999999998
seller,30a2f535bb48308f991d0b9ad4a8c4bb,65,2.0,5.098669001682252,0.03076923076923077,0.39225923458457906,0.04750441310546941,1.4169752273270242,-3.098669001682252,0.9627684385283722,,False,0.0,0.9521709633649932,0.9999999999999998
seller,6c177e38df6d3f34182b1f1d427231bf,53,2.0,5.101356037640735,0.03773584905660377,0.39205261997846286,0.047479391118127386,1.4162288643286343,-3.101356037640735,0.9628519868067286,,False,0.0,0.9525101763907734,0.9999999999999998
seller,6b243f80ed07b10f0e8aa0f21a205f3c,75,3.0,6.102435399677446,0.04,0.4916070066319047,0.10138118347443749,1.4366842900468446,-3.1024353996774456,0.9424486278413852,,False,0.0,0.9528493894165536,0.9999999999999998
seller,dbb9b48c841a0e39e21f98e1a6b2ec3e,103,4.0,7.113113956110276,0.038834951456310676,0.5623416164398628,0.15321916397671564,1.4398178826596768,-3.1131139561102756,0.9239438763449064,1.0,False,0.0,0.9531886024423338,0.9999999999999998
seller,cc63f0dd2acba93ffed4fe9f8e0321fa,55,0.0,3.1637725568993673,0.0,0.0,0.0,1.1659749200584746,-3.1637725568993673,1.0,,False,0.0,0.9535278154681139,0.9999999999999998
seller,94144541854e298c2d976cb893b81343,68,3.0,6.181410602214617,0.04411764705882353,0.4853261161659749,0.10008591286169363,1.4183288627681954,-3.1814106022146174,0.9456527684168796,,False,0.0,0.9538670284938942,0.9999999999999998
seller,48162d548f5b1b11b9d29d1e01f75a61,66,2.0,5.182764536413043,0.030303030303030304,0.38589443644379545,0.04673360652259083,1.3939833880093884,-3.1827645364130426,0.9652994252574008,,False,0.0,0.9542062415196744,0.9999999999999998
seller,4bf2f4ee540798a61f9636d12cd9cc80,29,1.0,4.1870501241759825,0.034482758620689655,0.23883162855539053,0.00604669331234062,1.3306846647878154,-3.1870501241759825,0.984808969502812,,False,0.0,0.9545454545454546,0.9999999999999998
seller,381c83fdca332ea6afd896da20bf6e4a,46,2.0,5.22927317483566,0.043478260869565216,0.38246232949244496,0.04631796244830467,1.3815854376265226,-3.22927317483566,0.9666271810495932,,False,0.0,0.9548846675712347,0.9999999999999998
seller,9f505651f4a6abe901a56cdc21508025,376,20.0,23.23135334456264,0.05319148936170213,0.8609055057346048,0.5258634485994443,1.3295987299811833,-3.2313533445626383,0.7765552452952307,1.0,False,0.0,0.9552238805970149,0.9999999999999998
seller,cbd996ad3c1b7dc71fd0e5f5df9087e2,159,14.0,17.31159265774653,0.0880503144654088,0.8087066439687356,0.4421274476369821,1.3568723332526267,-3.31159265774653,0.8188966989198544,1.0,False,0.0,0.9555630936227951,0.9999999999999998
seller,abcd2cb37d46c2c8fb1bf071c859fc5b,42,2.0,5.38319920117943,0.047619047619047616,0.37152628488312506,0.04499355671083066,1.342080684315206,-3.38319920117943,0.9706813013495238,,False,0.0,0.9559023066485753,0.9999999999999998
seller,8bb48dc19fccaa8613b6229bf7f452a2,77,2.0,5.389002634840327,0.025974025974025976,0.3711261870739944,0.04494510300998239,1.3406353934614514,-3.3890026348403266,0.970824456173167,,False,0.0,0.9562415196743554,0.9999999999999998
seller,34d1ca11b242c0fee2c834ae8d788566,39,0.0,3.4190036241377944,0.0,0.0,0.0,1.0789340578848314,-3.4190036241377944,1.0,,False,0.0,0.9565807327001357,0.9999999999999998
seller,ce27a3cc3c8cc1ea79d11e561e9bebb6,118,3.0,6.451510697689461,0.025423728813559324,0.46500736658073244,0.09589569821486495,1.3589488540850174,-3.4515106976894607,0.955397914166857,1.0,False,0.0,0.9569199457259159,0.9999999999999998
seller,bd23da7354813347129d751591d1a6e2,84,4.0,7.487502548400192,0.047619047619047616,0.5342235243518755,0.14555793024193223,1.3678243992841044,-3.487502548400192,0.9403667039110655,,False,0.0,0.9572591587516961,0.9999999999999998
seller,9646c3513289980f17226a2fc4720dbd,69,2.0,5.487659682693674,0.028985507246376812,0.3644540871051755,0.04413708075007197,1.3165334742801778,-3.487659682693674,0.9731572045683674,,False,0.0,0.9575983717774763,0.9999999999999998
seller,bba74270a87732727b5a3b4fd9ac1c39,35,0.0,3.4877977316507702,0.0,0.0,0.0,1.057652919674328,-3.4877977316507702,1.0,,False,0.0,0.9579375848032564,0.9999999999999998
seller,d921b68bf747894be13a97ae52b0f386,72,1.0,4.500156168993738,0.013888888888888888,0.2222145104407801,0.005625984306662649,1.2381000084680953,-3.5001561689937377,0.9888927382071082,,False,0.0,0.9582767978290366,0.9999999999999998
seller,81a1104df0f08b59c68aa5b03cfe398e,72,4.0,7.514503381008627,0.05555555555555555,0.532303972356867,0.14503491692887344,1.3629095837906227,-3.514503381008627,0.9414161104543789,,False,0.0,0.9586160108548168,0.9999999999999998
seller,e49c26c3edfa46d227d5121a6b6e4d37,33,0.0,3.523621977581627,0.0,0.0,0.0,1.0468998881218607,-3.523621977581627,1.0,,False,0.0,0.9589552238805971,0.9999999999999998
seller,f680f85bee2d253556ac91be391d2c82,44,1.0,4.5242054653161965,0.022727272727272728,0.22103328588108453,0.005596078290073949,1.2315186464568528,-3.5242054653161965,0.9891566735863507,,False,0.0,0.9592944369063772,0.9999999999999998
seller,7b07b3c7487f0ea825fc6df75abd658b,91,4.0,7.526249801899541,0.04395604395604396,0.5314731912021369,0.14480855702547304,1.360782454074117,-3.5262498018995414,0.9418673589725158,,False,0.0,0.9596336499321574,0.9999999999999998
seller,c6bda72e4dbf5c5866b13cb1810c6d03,58,2.0,5.61964640000833,0.034482758620689655,0.35589427832986703,0.04310044819610109,1.2856125018316547,-3.61964640000833,0.9759976718090284,,False,0.0,0.9599728629579376,0.9999999999999998
seller,fa40cc5b934574b62717c68f3d678b6d,300,19.0,22.62115013906632,0.06333333333333334,0.839921926303267,0.5056878670643437,1.3116421308899124,-3.6211501390663194,0.8047150730663288,1.0,False,0.0,0.9603120759837178,0.9999999999999998
seller,9d5a9018aee56acb367ba9c3f05d1d6a,65,1.0,4.627816561524364,0.015384615384615385,0.21608462364606093,0.005470789009828515,1.2039464652210945,-3.627816561524364,0.9902239187119432,,False,0.0,0.9606512890094979,0.9999999999999998
seller,080102cd0a76b09e0dcf55fcacc60e05,118,5.0,8.660180635240536,0.0423728813559322,0.5773551627380259,0.1874656497939582,1.3473543533077337,-3.660180635240536,0.9324309876603358,1.0,False,0.0,0.9609905020352781,0.9999999999999998
seller,6338ea67c41078a46ad99cc009654956,36,0.0,3.714100233793958,0.0,0.0,0.0,0.9932094509861249,-3.714100233793958,1.0,,False,0.0,0.9613297150610584,0.9999999999999998
seller,76d64c4aca3a7baf218bf93ef7fa768d,62,2.0,5.727124351024745,0.03225806451612903,0.3492153963170266,0.04229160459919591,1.2614860835754786,-3.727124351024745,0.9780936030533386,,False,0.0,0.9616689280868386,0.9999999999999998
seller,612170e34b97004b3ba37eae81836b4c,105,2.0,5.734788306888724,0.01904761904761905,0.34874870578876754,0.04223508621111945,1.2598002369234003,-3.734788306888724,0.9782360844213642,1.0,False,0.0,0.9620081411126187,0.9999999999999998
seller,582d4f8675b945722eda7c0cb61ba4c7,54,1.0,4.74876989245455,0.018518518518518517,0.2105808499141909,0.00533144552329605,1.1732814006826977,-3.7487698924545496,0.9913376557329249,,False,0.0,0.9623473541383989,0.9999999999999998
seller,1e8b33f18b4f7598d87f5cbee2282cc2,113,6.0,9.768152585075143,0.05309734513274336,0.6142410192452828,0.2254156284224252,1.3369441057331952,-3.7681525850751427,0.923618182471476,1.0,False,0.0,0.9626865671641791,0.9999999999999998
seller,376a891762bbdecbc02b4b6adec3fdda,57,2.0,5.775853891413389,0.03508771929824561,0.3462691469694686,0.04193480013475459,1.2508432179118076,-3.775853891413389,0.9789843629507007,,False,0.0,0.9630257801899593,0.9999999999999998
seller,eeb6de78f79159600292e314a77cbd18,80,3.0,6.820940055248738,0.0375,0.4398220737464903,0.09070188535369562,1.2853467408786088,-3.8209400552487383,0.9660973216742158,,False,0.0,0.9633649932157394,0.9999999999999998
seller,41b39e28db005d9731d9d485a83b4c38,182,12.0,15.82343252517056,0.06593406593406594,0.758368955718769,0.3918603058381217,1.3247179469330101,-3.82343252517056,0.8640061189289229,1.0,False,0.0,0.9637042062415196,0.9999999999999998
seller,d94a40fd42351c259927028d163af842,94,4.0,7.8772843032816375,0.0425531914893617,0.507789213388378,0.13835547019323555,1.3001420643326405,-3.8772843032816375,0.9539692266824368,,False,0.0,0.9640434192672999,0.9999999999999998
seller,d66c305afaec317ebee552073a674429,38,1.0,4.895469602178948,0.02631578947368421,0.20427049522581148,0.005171681174982897,1.1381223546887083,-3.895469602178948,0.9925196044111101,,False,0.0,0.9643826322930801,0.9999999999999998
seller,1127b7f2594683f2510f1c2c834a486b,109,3.0,6.907674881567412,0.027522935779816515,0.43429953659302417,0.08956300542552738,1.2692075437911972,-3.907674881567412,0.9682317850040258,1.0,False,0.0,0.9647218453188603,0.9999999999999998
seller,670c26e0f1bf8d0576271d5cfaec6d2b,77,4.0,7.925270723807673,0.05194805194805195,0.5047146197774569,0.13751774691460664,1.2922698835558708,-3.9252707238076727,0.9554300303788275,,False,0.0,0.9650610583446404,0.9999999999999998
seller,fa1a9dec3a9940c072684a46728bf1fc,53,0.0,3.9838805993001256,0.0,0.0,0.0,0.9259513085713424,-3.9838805993001256,1.0,,False,0.0,0.9654002713704206,0.9999999999999998
seller,bccf933e006e9b94a6184af782963e77,45,1.0,5.008401540816003,0.022222222222222223,0.19966450210720788,0.00505506752562913,1.1124594035707305,-4.008401540816003,0.9933184250002283,,False,0.0,0.9657394843962008,0.9999999999999998
seller,ebd2d60905fb58271facef5596b620d3,80,3.0,7.024659447642433,0.0375,0.4270669663576131,0.0880714755650163,1.2480709043745508,-4.024659447642433,0.9709099297061988,,False,0.0,0.966078697421981,0.9999999999999998
seller,609e1a9a6c2539919b8205cf7c4e6ff0,76,2.0,6.076830465857495,0.02631578947368421,0.3291189397560036,0.039857830476728154,1.188890772634792,-4.076830465857495,0.9837555559405353,,False,0.0,0.9664179104477612,0.9999999999999998
seller,ff063b022a9a0aab91bad2c9088760b7,86,3.0,7.126188634931626,0.03488372093023256,0.4209824007877647,0.08681669186568443,1.2302892217540131,-4.126188634931626,0.9730594263248729,,False,0.0,0.9667571234735414,0.9999999999999998
seller,001cca7ae9ae17fb1caed9dfb1094831,195,13.0,17.17903648236583,0.06666666666666667,0.7567362705902869,0.4029301933265664,1.294042069296391,-4.179036482365831,0.8737560091136434,1.0,False,0.0,0.9670963364993216,0.9999999999999998
seller,dd2bdf855a9172734fbc3744021ae9b9,105,6.0,10.201072326974337,0.05714285714285714,0.5881734593856776,0.2158492933795263,1.280206002263701,-4.201072326974337,0.940149007326878,1.0,False,0.0,0.9674355495251018,0.9999999999999998
seller,b372ee768ed69e46ca8cdbd267aa7a38,61,0.0,4.2385349149620355,0.0,0.0,0.0,0.8703194684305147,-4.2385349149620355,1.0,,False,0.0,0.9677747625508819,0.9999999999999998
seller,289cdb325fb7e7f891c38608bf9e0962,100,2.0,6.251008649730305,0.02,0.31994836546679367,0.03874723138551647,1.1557635051481914,-4.251008649730305,0.986016372058541,1.0,False,0.0,0.9681139755766621,0.9999999999999998
seller,dc4a0fc896dc34b0d5bfec8438291c80,221,15.0,19.261368311951184,0.06787330316742081,0.7787608729070865,0.4358665488772256,1.284447629618046,-4.261368311951184,0.8632151662077909,1.0,False,0.0,0.9684531886024423,0.9999999999999998
seller,a5cba26a62b8b4d0145b68b841e62e7f,52,1.0,5.276651924992111,0.019230769230769232,0.1895141112612796,0.004798081879226424,1.0559050454985675,-4.276651924992111,0.994890490793082,,False,0.0,0.9687924016282226,0.9999999999999998
seller,c826c40d7b19f62a09e2d7c5e7295ee2,343,33.0,37.32904250332943,0.09620991253644315,0.8840301756214798,0.608525696063696,1.241507045487057,-4.329042503329433,0.7824248892566744,1.0,False,0.0,0.9691316146540027,0.9999999999999998
seller,066a6914e1ebf3ea95a216c73a986b91,64,2.0,6.368992187266276,0.03125,0.31402142461387567,0.038029451351537465,1.1343533569044884,-4.368992187266276,0.9873703901735548,,False,0.0,0.9694708276797829,0.9999999999999998
seller,e882b2a25a10b9c057cc49695f222c19,57,0.0,4.371488400653664,0.0,0.0,0.0,0.8438497637469062,-4.371488400653664,1.0,,False,0.0,0.9698100407055631,0.9999999999999998
seller,2a84855fd20af891be03bc5924d2b453,141,5.0,9.372315726533547,0.03546099290780142,0.53348608240381,0.17322147882003597,1.2449785538369107,-4.372315726533547,0.9563712695333066,1.0,False,0.0,0.9701492537313433,0.9999999999999998
seller,e8b3a3a38279a82f0e5d006d5e5b7d2c,80,4.0,8.40102666586694,0.05,0.4761322822901934,0.1297300219334391,1.2190877475743398,-4.40102666586694,0.9677624323101259,,False,0.0,0.9704884667571235,0.9999999999999998
seller,a7f13822ceb966b076af67121f87b063,73,5.0,9.422232355973984,0.0684931506849315,0.5306598066253213,0.1723037947678164,1.2383829689706805,-4.422232355973984,0.9577167275413706,,False,0.0,0.9708276797829036,0.9999999999999998
seller,f457c46070d02cadd8a68551231220dd,182,12.0,16.513597636615543,0.06593406593406594,0.7266738759210435,0.37548299559955994,1.2693530210339454,-4.513597636615543,0.8964990422063402,1.0,False,0.0,0.9711668928086838,0.9999999999999998
seller,1554a68530182680ad5c8b042c3ab563,240,17.0,21.56500893303459,0.07083333333333333,0.7883140717812719,0.459221997095354,1.262167194107276,-4.565008933034591,0.864438238123557,1.0,False,0.0,0.9715061058344641,0.9999999999999998
seller,822166ed1e47908f7cfb49946d03c726,65,1.0,5.57030163144217,0.015384615384615385,0.17952349193361303,0.0045451412974444275,1.0002408773501876,-4.57030163144217,0.996190668754792,,False,0.0,0.9718453188602443,0.9999999999999998
seller,80e6699fe29150b372a0c8a1ebf7dcc8,94,4.0,8.571462328272185,0.0425531914893617,0.466664828801308,0.1271504594999506,1.19484730646517,-4.571462328272185,0.9713452478058499,,False,0.0,0.9721845318860244,0.9999999999999998
seller,7722b1df1b0e383e000397b2c11e3e19,126,4.0,8.782266058928744,0.031746031746031744,0.45546331358673475,0.12409842360882266,1.166166978622936,-4.7822660589287445,0.9752609827118367,1.0,False,0.0,0.9725237449118046,0.9999999999999998
seller,b76dba6c951ab00dc4edf0a1aa88037e,155,5.0,9.800942433625545,0.03225806451612903,0.5101550217095204,0.16564594691919476,1.1905316410481501,-4.800942433625545,0.9667488196578168,1.0,False,0.0,0.9728629579375848,0.9999999999999998
seller,0db783cfcd3b73998abc6e10e59a102f,130,5.0,9.89012888997122,0.038461538461538464,0.5055545843361148,0.16415219742633153,1.1797957548515454,-4.890128889971219,0.9685990596041463,1.0,False,0.0,0.973202170963365,0.9999999999999998
seller,17ca9b9e9b9ef8fdb529001b49ebb50f,106,3.0,7.9073457786116625,0.02830188679245283,0.3793940576260884,0.07824017568183608,1.1087504347484907,-4.9073457786116625,0.9852160812932693,1.0,False,0.0,0.9735413839891451,0.9999999999999998
seller,080199a181c46c657dc5aa235411be3b,77,2.0,6.93915989059989,0.025974025974025976,0.2882193279202708,0.03490469773899763,1.0411473120126342,-4.93915989059989,0.9923062920088109,,False,0.0,0.9738805970149254,0.9999999999999998
seller,5c243662ce92d84573bfaff24c3e3700,98,3.0,7.963898777147678,0.030612244897959183,0.37669991595177826,0.07768457889882709,1.1008770094994074,-4.963898777147678,0.9858532012239388,,False,0.0,0.9742198100407056,0.9999999999999998
seller,d12c926d74ceff0a90a21184466ce161,73,0.0,4.9986773618123514,0.0,0.0,0.0,0.7379711045756456,-4.9986773618123514,1.0,,False,0.0,0.9745590230664858,0.9999999999999998
seller,2dee2ce60de9709b1a24083217181a1f,54,1.0,6.029341111862948,0.018518518518518517,0.16585560203791816,0.004199100285514809,0.9240882689447587,-5.029341111862948,0.9975929205476667,,False,0.0,0.9748982360922659,0.9999999999999998
seller,c003204e1ab016dfa150abc119207b24,190,13.0,18.191286722710256,0.06842105263157895,0.7146278434372989,0.38050922930934505,1.2220353764424008,-5.191286722710256,0.9151455581015793,1.0,False,0.0,0.9752374491180461,0.9999999999999998
seller,aaed1309374718fdd995ee4c58c9dfcd,103,3.0,8.200772006884819,0.02912621359223301,0.36581921768845677,0.0754407173344419,1.0690789918780705,-5.200772006884819,0.9882464606517574,1.0,False,0.0,0.9755766621438263,0.9999999999999998
seller,8ae520247981aa06bc94abddf5f46d34,61,1.0,6.225027703778507,0.01639344262295082,0.1606418553596177,0.004067099648234868,0.8950391317225763,-5.225027703778507,0.9980207310186359,,False,0.0,0.9759158751696065,0.9999999999999998
seller,5cf13accae3222c70a9cac40818ae839,145,5.0,10.230913322993924,0.034482758620689655,0.4887149213514033,0.15868440469235953,1.140497598889647,-5.230913322993924,0.9748249395472288,1.0,False,0.0,0.9762550881953868,0.9999999999999998
seller,1a3df491d1c4f1589fc2b934ada68bf2,158,9.0,14.327175896703233,0.056962025316455694,0.6281768343523271,0.28724244938776144,1.1924753052938004,-5.327175896703233,0.947229515227407,1.0,False,0.0,0.9765943012211669,0.9999999999999998
seller,06e5eefc71ec47ae763c5c6f8db7064f,89,2.0,7.367990237207061,0.02247191011235955,0.271444442189995,0.03287318125380386,0.9805506569811333,-5.367990237207061,0.9947186656562226,,False,0.0,0.9769335142469471,0.9999999999999998
seller,229c3efbfb0ea2058de4ccdfbc3d784a,117,2.0,7.372459453424313,0.017094017094017096,0.27127989141683956,0.032853253391778935,0.9799562430103679,-5.372459453424313,0.9947394083132188,1.0,False,0.0,0.9772727272727273,0.9999999999999998
seller,7008613ea464bad5cb9b83456e1e6a8f,123,6.0,11.379833769231908,0.04878048780487805,0.5272484749489426,0.19349089785864856,1.1475979603347182,-5.379833769231908,0.9701630221070725,1.0,False,0.0,0.9776119402985075,0.9999999999999998
seller,fc906263ca5083d09dce42fe02247800,112,0.0,5.400784881287687,0.0,0.0,0.0,0.683026548029147,-5.400784881287687,1.0,1.0,False,0.0,0.9779511533242876,0.9999999999999998
seller,57e632711dec9ec14ca7546769483e7e,60,0.0,5.425246335917374,0.0,0.0,0.0,0.6799469048422793,-5.425246335917374,1.0,,False,0.0,0.9782903663500678,0.9999999999999998
seller,725c32fa80c2faacc4fc88450d27314e,87,1.0,6.440319562976418,0.011494252873563218,0.1552717982736009,0.00393114157406642,0.8651190886503064,-5.440319562976418,0.9984041033903539,,False,0.0,0.978629579375848,0.9999999999999998
seller,79ebd9a61bac3eaf882805ed4ecfa12a,130,8.0,13.498457625717572,0.06153846153846154,0.5926603040008227,0.2558686534799488,1.1677770644077825,-5.498457625717572,0.9584825480188347,1.0,False,0.0,0.9789687924016283,0.9999999999999998
seller,710e3548e02bc1d2831dfc4f1b5b14d4,128,6.0,11.643366522820584,0.046875,0.5153148780672853,0.1891114781257823,1.1216235439228492,-5.643366522820584,0.9746120177534725,1.0,False,0.0,0.9793080054274084,0.9999999999999998
seller,8a32e327fe2c1b3511609d81aaf9f042,124,4.0,9.67329809840311,0.03225806451612903,0.41350943176870864,0.11266740283815323,1.0587483783937557,-5.6732980984031105,0.986887996512475,1.0,False,0.0,0.9796472184531886,0.9999999999999998
seller,1f9ab4708f3056ede07124aad39a2554,76,4.0,9.680017069060625,0.05263157894736842,0.41322241184727276,0.11258919956967475,1.0580134933995076,-5.680017069060625,0.9869516480627062,,False,0.0,0.9799864314789688,0.9999999999999998
seller,aafe36600ce604f205b86b5084d3d767,127,6.0,11.7265267915605,0.047244094488188976,0.5116604521228023,0.18777036821128817,1.113669397141317,-5.7265267915605005,0.9758831678332669,1.0,False,0.0,0.980325644504749,0.9999999999999998
seller,00fc707aaaad2d31347cf883cd2dfe10,102,5.0,10.841252783123515,0.049019607843137254,0.4612013113266261,0.14975081040870922,1.0762900111956306,-5.841252783123515,0.983193691047703,1.0,False,0.0,0.9806648575305291,0.9999999999999998
seller,669ae81880e08f269a64487cfb287169,158,7.0,13.001379491662409,0.04430379746835443,0.538404405816244,0.2164664952149635,1.1093188511997072,-6.001379491662409,0.9741339802995381,1.0,False,0.0,0.9810040705563093,0.9999999999999998
seller,9616352088dcf83a7c06637f4ebf1c80,91,0.0,6.014815654007216,0.0,0.0,0.0,0.613298838453397,-6.014815654007216,1.0,,False,0.0,0.9813432835820896,0.9999999999999998
seller,6cd68b3ed6d59aaa9fece558ad360c0a,147,3.0,9.173679827082061,0.02040816326530612,0.3270225314757068,0.06743990792758972,0.9556986111353085,-6.173679827082061,0.994579699077476,1.0,False,0.0,0.9816824966078698,0.9999999999999998
seller,530ec6109d11eaaf87999465c6afee01,90,1.0,7.263743139995693,0.011111111111111112,0.13767006634551684,0.0034855043049202435,0.7670485152841185,-6.263743139995693,0.9992995188766854,,False,0.0,0.98202170963365,0.9999999999999998
seller,0b90b6df587eb83608a64ea8b390cf07,156,6.0,12.296752841108155,0.038461538461538464,0.48793369091244526,0.17906306501744904,1.0620262268637901,-6.296752841108155,0.9831289711027783,1.0,False,0.0,0.9823609226594301,0.9999999999999998
seller,0241d4d5d36f10f80c644447315af0bd,228,14.0,20.553012771850028,0.06140350877192982,0.6811653432714636,0.3723994317165815,1.1428797024836965,-6.553012771850028,0.947484544353021,1.0,False,0.0,0.9827001356852103,0.9999999999999998
seller,744dac408745240a2c2528fb1b6028f3,77,1.0,7.579203867562295,0.012987012987012988,0.13193997911572614,0.003340431056703171,0.7351225126407518,-6.579203867562295,0.9994890321407879,,False,0.0,0.9830393487109905,0.9999999999999998
seller,33a6f4b1e7cdc205511e76ba1b6e0186,98,2.0,8.630792272777226,0.02040816326530612,0.23172843660115547,0.0280633887236434,0.8370827890866607,-6.630792272777226,0.9982806806256087,,False,0.0,0.9833785617367707,0.9999999999999998
seller,cab85505710c7cb9b720bceb52b01cee,200,5.0,11.699003691611573,0.025,0.4273868212884746,0.13877133753556245,0.9973782714240107,-6.699003691611573,0.9906309286826638,1.0,False,0.0,0.9837177747625508,0.9999999999999998
seller,ac3508719a1d8f5b7614b798f70af136,100,3.0,9.817529462899813,0.03,0.3055758591137334,0.06301708848784687,0.8930223334570697,-6.817529462899813,0.9967846899655588,1.0,False,0.0,0.9840569877883311,0.9999999999999998
seller,f3b80352b986ab4d1057a4b724be19d0,84,0.0,6.930872161136299,0.0,0.0,0.0,0.5322388536898296,-6.930872161136299,1.0,,False,0.0,0.9843962008141113,0.9999999999999998
seller,7a67c85e85bb2ce8582c35f2203ad736,1117,67.0,74.1776985419885,0.05998209489704566,0.9032364351675652,0.6999958309006953,1.1470783443036083,-7.177698541988505,0.8126730980170033,1.0,False,0.0,0.9847354138398915,0.9999999999999998
seller,0c8380b62e38e8a1e6adbeba7eb9688c,175,10.0,17.181193417013528,0.05714285714285714,0.582031745833068,0.279106845475812,1.0703771033627318,-7.181193417013528,0.9762247155163108,1.0,False,0.0,0.9850746268656716,0.9999999999999998
seller,db4350fd57ae30082dec7acbaacc17f9,129,4.0,11.21412085674648,0.031007751937984496,0.3566931417181559,0.09718687604215141,0.9132761102037076,-7.214120856746479,0.9958186327024934,1.0,False,0.0,0.9854138398914518,0.9999999999999998
seller,46dc3b2cc0980fb8ec44634e21d2718e,499,33.0,40.26045504387568,0.06613226452905811,0.8196628668015981,0.5642182024016961,1.1511114123937123,-7.26045504387568,0.8922532954602335,1.0,False,0.0,0.985753052917232,0.9999999999999998
seller,1c129092bf23f28a5930387c980c0dfc,189,11.0,18.340271231010266,0.0582010582010582,0.5997730274239826,0.2994045343207478,1.0731596204544123,-7.3402712310102665,0.9743632335071276,1.0,False,0.0,0.9860922659430122,0.9999999999999998
seller,53e4c6e0f4312d4d2107a8c9cddf45cd,454,25.0,32.43089253016263,0.05506607929515418,0.7708699344844899,0.4988663766432639,1.1379560911931923,-7.43089253016263,0.9229745502270951,1.0,False,0.0,0.9864314789687924,0.9999999999999998
seller,5dceca129747e92ff8ef7a997dc4f8ca,320,20.0,27.610212946639468,0.0625,0.7243696395479727,0.44246379443049016,1.118730158379098,-7.610212946639468,0.944801890391108,1.0,False,0.0,0.9867706919945726,0.9999999999999998
seller,44073f8b7e41514de3b7815dd0237f4f,141,5.0,12.802388214215922,0.03546099290780142,0.3905521310819134,0.12681121388864636,0.9114183919501846,-7.802388214215922,0.9956902754932173,1.0,False,0.0,0.9871099050203528,0.9999999999999998
seller,1c68394e931a64f90ea236c5ea590300,138,5.0,12.822125468618635,0.036231884057971016,0.3899509494145251,0.12661601183764765,0.9100154344831671,-7.822125468618635,0.9957507105254473,1.0,False,0.0,0.987449118046133,0.9999999999999998
seller,86ccac0b835037332a596a33b6949ee1,170,6.0,13.982814867765923,0.03529411764705882,0.42909815060425227,0.15747145866650913,0.9339660251545072,-7.9828148677659225,0.9944035497372412,1.0,False,0.0,0.9877883310719131,0.9999999999999998
seller,e26901d5ab434ce92fd9b5c256820a4e,197,5.0,13.030496690745212,0.025380710659898477,0.38371522733674485,0.12459128985248019,0.8954633392915862,-8.030496690745212,0.9963409865063269,1.0,False,0.0,0.9881275440976933,0.9999999999999998
seller,2528513dd95219a6013d4d05176e391a,151,8.0,16.043912310800117,0.052980132450331126,0.4986314961728332,0.21527368822774734,0.9825028281650584,-8.043912310800117,0.9902601915960567,1.0,False,0.0,0.9884667571234735,0.9999999999999998
seller,6c7d50c24b3ccd2fd83b44d8bb34e073,106,2.0,10.130559265856535,0.018867924528301886,0.1974224667675246,0.02390877662206602,0.7131578304934891,-8.130559265856535,0.9995565231044674,1.0,False,0.0,0.9888059701492538,0.9999999999999998
seller,f8db351d8c4c4c22c6835c19a46f01b0,637,34.0,42.16041698010668,0.05337519623233909,0.8064436368369611,0.5584856619345678,1.1269241506226408,-8.160416980106682,0.912631294867999,1.0,False,0.0,0.989145183175034,0.9999999999999998
seller,259f7b5e6e482c230e5bfaa670b6bb8f,131,3.0,11.223289942416923,0.022900763358778626,0.2673013007230528,0.05512395439036221,0.7811678317787717,-8.223289942416923,0.9989953138646681,1.0,False,0.0,0.9894843962008141,0.9999999999999998
seller,8c16d1f32a54d92897cc437244442e1b,107,1.0,9.509656039985373,0.009345794392523364,0.10515627440101799,0.0026623263636282703,0.5858932612821891,-8.509656039985373,0.9999258674640205,1.0,False,0.0,0.9898236092265943,0.9999999999999998
seller,0df3984f9dfb3d49ac6366acbd3bbb85,85,1.0,9.541224727178815,0.011764705882352941,0.10480834783729948,0.0026535176256954115,0.5839547385429148,-8.541224727178815,0.9999281711769465,,False,0.0,0.9901628222523745,0.9999999999999998
seller,2138ccb85b11a4ec1e37afbd1c8eda1f,382,21.0,29.935971644377528,0.0549738219895288,0.7014971903858063,0.4342378172487906,1.0723129723759093,-8.935971644377528,0.9638474719260546,1.0,False,0.0,0.9905020352781547,0.9999999999999998
seller,b4ffb71f0cb1b1c3d63fad021ecf93e1,139,3.0,12.000560267885264,0.02158273381294964,0.24998832829733034,0.05155360325561063,0.730571979477029,-9.000560267885264,0.9994779897452659,1.0,False,0.0,0.9908412483039348,0.9999999999999998
seller,95e03ca3d4146e4011985981aeb959b9,167,6.0,15.004271964528096,0.03592814371257485,0.39988611338055735,0.14675115585057333,0.8703837182765584,-9.004271964528096,0.9972158285202648,1.0,False,0.0,0.991180461329715,0.9999999999999998
seller,7299e27ed73d2ad986de7f7c77d919fa,321,14.0,23.20398554599756,0.04361370716510903,0.6033446268205787,0.3298541218760936,1.0123097635650478,-9.203985545997561,0.9841929254259097,1.0,False,0.0,0.9915196743554953,0.9999999999999998
seller,dbc22125167c298ef99da25668e1011f,378,9.0,18.223468982176144,0.023809523809523808,0.493868648653154,0.22582819447842029,0.9375165325619028,-9.223468982176144,0.9938185925257281,1.0,False,0.0,0.9918588873812755,0.9999999999999998
seller,87142160b41353c4e5fca2360caf6f92,299,16.0,25.329172112841437,0.05351170568561873,0.6316827067509359,0.36106124641179954,1.025813140745647,-9.329172112841437,0.9807562972849458,1.0,False,0.0,0.9921981004070556,0.9999999999999998
seller,0bae85eb84b9fb3bd773911e89288d54,128,1.0,10.34110881097031,0.0078125,0.09670142905170434,0.002448268212537481,0.5387858780702752,-9.34110881097031,0.9999677214879578,1.0,False,0.0,0.9925373134328358,0.9999999999999998
seller,ccc4bbb5f32a6ab2b7066a4130f114e3,182,13.0,22.674878139184255,0.07142857142857142,0.5733217140221282,0.30526966665554145,0.9803975916299512,-9.674878139184255,0.9892273193177548,1.0,False,0.0,0.992876526458616,0.9999999999999998
seller,12b9676b00f60f3b700e83af21824c0e,133,2.0,11.716651997186712,0.015037593984962405,0.1706972265183109,0.020672226042227928,0.616617073670762,-9.716651997186712,0.9998962721257345,1.0,False,0.0,0.9932157394843962,0.9999999999999998
seller,a3a38f4affed601eb87a97788c949667,245,12.0,21.910701566409468,0.04897959183673469,0.5476775795439056,0.2829929972770978,0.9566825135491067,-9.910701566409468,0.9919971760840036,1.0,False,0.0,0.9935549525101763,0.9999999999999998
seller,37be5a7c751166fbc5f8ccba4119e043,269,7.0,17.502006597229297,0.026022304832713755,0.3999541401788841,0.16080230777454974,0.8240583890526928,-10.502006597229297,0.9985319889305903,1.0,False,0.0,0.9938941655359566,0.9999999999999998
seller,7e93a43ef30c4f03f38b393420bc753a,313,18.0,28.54023729316206,0.05750798722044728,0.6306885193387165,0.37378598751018277,0.9967597667572219,-10.540237293162061,0.9858660947300831,1.0,False,0.0,0.9942333785617368,0.9999999999999998
seller,7178f9f4dd81dcef02f62acdf8151e01,202,10.0,20.78422713828193,0.04950495049504951,0.48113407987065626,0.23072249279358245,0.8848227032769987,-10.784227138281931,0.9968533521354862,1.0,False,0.0,0.994572591587517,0.9999999999999998
seller,d2374cbcbb3ca4ab1086534108cc3ab7,497,30.0,40.904151835901494,0.060362173038229376,0.7334218814841446,0.4948366635891357,1.047005339864268,-10.904151835901494,0.967832331409677,1.0,False,0.0,0.9949118046132972,0.9999999999999998
seller,0ea22c1cfbdc755f86b9b54b39c16043,221,4.0,15.318540470956018,0.01809954751131222,0.26112148266239904,0.07114681556592886,0.6685747049349621,-11.318540470956018,0.9998369961050763,1.0,False,0.0,0.9952510176390773,0.9999999999999998
seller,562fc2f2c2863ab7e79a9e4388a58a14,245,9.0,20.771900049916102,0.036734693877551024,0.43327764809056796,0.1981221307385867,0.8224959397245016,-11.771900049916102,0.9987198755801732,1.0,False,0.0,0.9955902306648575,0.9999999999999998
seller,d98eec89afa3380e14463da2aabaea72,162,4.0,16.00524278785771,0.024691358024691357,0.24991810827353259,0.06809427311237948,0.6398896168681314,-12.00524278785771,0.9999072603023961,1.0,False,0.0,0.9959294436906377,0.9999999999999998
seller,da8622b14eb17ae2831f4ac5b9dab84a,1267,100.0,112.16839961160188,0.07892659826361484,0.8915166869302175,0.725373559154422,1.084323162437687,-12.168399611601885,0.8856532413505027,1.0,False,0.0,0.996268656716418,0.9999999999999998
seller,4d6d651bd7684af3fffabd5f08d12e5a,358,17.0,29.725076205846612,0.04748603351955307,0.5719077011703767,0.33315731139015387,0.9156796311443262,-12.725076205846612,0.9955626569873138,1.0,False,0.0,0.9966078697421981,0.9999999999999998
seller,c3cfdc648177fdbbbb35635a37472c53,273,7.0,21.692499947150036,0.02564102564102564,0.3226921755009459,0.1297389908206323,0.6648692127159475,-14.692499947150036,0.9999256683363577,1.0,False,0.0,0.9969470827679783,0.9999999999999998
seller,53243585a1d6dc2643021fd1853d8905,348,15.0,30.203844814207528,0.04310344827586207,0.49662551546895045,0.27795753105029286,0.8191082633244209,-15.203844814207528,0.9991784727528423,1.0,False,0.0,0.9972862957937585,0.9999999999999998
seller,3d871de0142ce09b7081e2b9d1733cb1,1044,63.0,80.85597299813088,0.0603448275862069,0.779163216568507,0.5987304091511748,0.9968882235670307,-17.85597299813088,0.9824687051815023,1.0,False,0.0,0.9976255088195387,0.9999999999999998
seller,85d9eb9ddc5d00ca9336a2219c97bb13,498,18.0,36.193263759227555,0.03614457831325301,0.49733011423737267,0.29474934483297904,0.785995992424838,-18.193263759227555,0.9996939693121819,1.0,False,0.0,0.9979647218453188,0.9999999999999998
seller,cca3071e3e9bb7d12640c9fbe2301306,678,39.0,57.201802597428106,0.05752212389380531,0.6817966957173044,0.48482410046783025,0.9320385275451083,-18.201802597428106,0.9954268086964678,1.0,False,0.0,0.998303934871099,0.9999999999999998
seller,6560211a19b47992c3666cc44a7e94c0,1751,114.0,132.24199672955197,0.06510565391205025,0.862055949088105,0.7110898541124439,1.035592527131221,-18.24199672955197,0.9511269545028226,1.0,False,0.0,0.9986431478968792,0.9999999999999998
seller,128639473a139ac0f3e5f5ade55873a5,522,33.0,51.35056936360981,0.06321839080459771,0.642641365207254,0.4423647459852232,0.9025074082627741,-18.350569363609807,0.99742628866303,1.0,False,0.0,0.9989823609226595,0.9999999999999998
seller,de722cd6dad950a92b7d4f82673f8833,329,15.0,34.93035308736874,0.04559270516717325,0.4294259483287099,0.24034644344374506,0.7082727967165102,-19.930353087368736,0.9999493214909215,1.0,False,0.0,0.9993215739484396,0.9999999999999998
seller,a1043bafd471dff536d0c462352beb48,682,38.0,63.012185053281364,0.05571847507331378,0.603057963596537,0.42675970722897183,0.8277441716257941,-25.012185053281364,0.999725599929455,1.0,False,0.0,0.9996607869742198,0.9999999999999998
seller,cc419e0650a3c5ba77189a1882b7556a,1642,101.0,137.55178251611505,0.061510353227771014,0.7342689287808191,0.5980741018997768,0.8922033103529764,-36.551782516115054,0.9995248798686076,1.0,False,0.0,1.0,0.9999999999999998
